day_index,date,day_of_week,is_holiday,time_slot,total_spaces,occupied,free,spot_id
1,2025-01-01,0,0,07:00-07:30,50,1,0,1
1,2025-01-01,0,0,07:00-07:30,50,1,0,2
1,2025-01-01,0,0,07:00-07:30,50,1,0,3
1,2025-01-01,0,0,07:00-07:30,50,0,1,4
1,2025-01-01,0,0,07:00-07:30,50,1,0,5
1,2025-01-01,0,0,07:00-07:30,50,0,1,6
1,2025-01-01,0,0,07:00-07:30,50,1,0,7
1,2025-01-01,0,0,07:00-07:30,50,1,0,8
1,2025-01-01,0,0,07:00-07:30,50,1,0,9
1,2025-01-01,0,0,07:00-07:30,50,1,0,10
1,2025-01-01,0,0,07:00-07:30,50,1,0,11
1,2025-01-01,0,0,07:00-07:30,50,1,0,12
1,2025-01-01,0,0,07:00-07:30,50,1,0,13
1,2025-01-01,0,0,07:00-07:30,50,1,0,14
1,2025-01-01,0,0,07:00-07:30,50,1,0,15
1,2025-01-01,0,0,07:00-07:30,50,1,0,16
1,2025-01-01,0,0,07:00-07:30,50,0,1,17
1,2025-01-01,0,0,07:00-07:30,50,1,0,18
1,2025-01-01,0,0,07:00-07:30,50,1,0,19
1,2025-01-01,0,0,07:00-07:30,50,0,1,20
1,2025-01-01,0,0,07:00-07:30,50,1,0,21
1,2025-01-01,0,0,07:00-07:30,50,1,0,22
1,2025-01-01,0,0,07:00-07:30,50,0,1,23
1,2025-01-01,0,0,07:00-07:30,50,0,1,24
1,2025-01-01,0,0,07:00-07:30,50,1,0,25
1,2025-01-01,0,0,07:00-07:30,50,1,0,26
1,2025-01-01,0,0,07:00-07:30,50,1,0,27
1,2025-01-01,0,0,07:00-07:30,50,1,0,28
1,2025-01-01,0,0,07:00-07:30,50,1,0,29
1,2025-01-01,0,0,07:00-07:30,50,1,0,30
1,2025-01-01,0,0,07:00-07:30,50,1,0,31
1,2025-01-01,0,0,07:00-07:30,50,0,1,32
1,2025-01-01,0,0,07:00-07:30,50,1,0,33
1,2025-01-01,0,0,07:00-07:30,50,0,1,34
1,2025-01-01,0,0,07:00-07:30,50,1,0,35
1,2025-01-01,0,0,07:00-07:30,50,1,0,36
1,2025-01-01,0,0,07:00-07:30,50,0,1,37
1,2025-01-01,0,0,07:00-07:30,50,1,0,38
1,2025-01-01,0,0,07:00-07:30,50,1,0,39
1,2025-01-01,0,0,07:00-07:30,50,1,0,40
1,2025-01-01,0,0,07:00-07:30,50,0,1,41
1,2025-01-01,0,0,07:00-07:30,50,1,0,42
1,2025-01-01,0,0,07:00-07:30,50,0,1,43
1,2025-01-01,0,0,07:00-07:30,50,1,0,44
1,2025-01-01,0,0,07:00-07:30,50,1,0,45
1,2025-01-01,0,0,07:00-07:30,50,1,0,46
1,2025-01-01,0,0,07:00-07:30,50,1,0,47
1,2025-01-01,0,0,07:00-07:30,50,1,0,48
1,2025-01-01,0,0,07:00-07:30,50,1,0,49
1,2025-01-01,0,0,07:00-07:30,50,0,1,50
1,2025-01-01,0,0,07:30-08:00,50,0,1,1
1,2025-01-01,0,0,07:30-08:00,50,0,1,2
1,2025-01-01,0,0,07:30-08:00,50,0,1,3
1,2025-01-01,0,0,07:30-08:00,50,1,0,4
1,2025-01-01,0,0,07:30-08:00,50,0,1,5
1,2025-01-01,0,0,07:30-08:00,50,0,1,6
1,2025-01-01,0,0,07:30-08:00,50,1,0,7
1,2025-01-01,0,0,07:30-08:00,50,1,0,8
1,2025-01-01,0,0,07:30-08:00,50,1,0,9
1,2025-01-01,0,0,07:30-08:00,50,1,0,10
1,2025-01-01,0,0,07:30-08:00,50,1,0,11
1,2025-01-01,0,0,07:30-08:00,50,1,0,12
1,2025-01-01,0,0,07:30-08:00,50,1,0,13
1,2025-01-01,0,0,07:30-08:00,50,0,1,14
1,2025-01-01,0,0,07:30-08:00,50,0,1,15
1,2025-01-01,0,0,07:30-08:00,50,1,0,16
1,2025-01-01,0,0,07:30-08:00,50,1,0,17
1,2025-01-01,0,0,07:30-08:00,50,1,0,18
1,2025-01-01,0,0,07:30-08:00,50,1,0,19
1,2025-01-01,0,0,07:30-08:00,50,1,0,20
1,2025-01-01,0,0,07:30-08:00,50,1,0,21
1,2025-01-01,0,0,07:30-08:00,50,1,0,22
1,2025-01-01,0,0,07:30-08:00,50,1,0,23
1,2025-01-01,0,0,07:30-08:00,50,0,1,24
1,2025-01-01,0,0,07:30-08:00,50,1,0,25
1,2025-01-01,0,0,07:30-08:00,50,0,1,26
1,2025-01-01,0,0,07:30-08:00,50,1,0,27
1,2025-01-01,0,0,07:30-08:00,50,1,0,28
1,2025-01-01,0,0,07:30-08:00,50,0,1,29
1,2025-01-01,0,0,07:30-08:00,50,1,0,30
1,2025-01-01,0,0,07:30-08:00,50,0,1,31
1,2025-01-01,0,0,07:30-08:00,50,1,0,32
1,2025-01-01,0,0,07:30-08:00,50,0,1,33
1,2025-01-01,0,0,07:30-08:00,50,0,1,34
1,2025-01-01,0,0,07:30-08:00,50,0,1,35
1,2025-01-01,0,0,07:30-08:00,50,0,1,36
1,2025-01-01,0,0,07:30-08:00,50,1,0,37
1,2025-01-01,0,0,07:30-08:00,50,0,1,38
1,2025-01-01,0,0,07:30-08:00,50,1,0,39
1,2025-01-01,0,0,07:30-08:00,50,1,0,40
1,2025-01-01,0,0,07:30-08:00,50,0,1,41
1,2025-01-01,0,0,07:30-08:00,50,0,1,42
1,2025-01-01,0,0,07:30-08:00,50,1,0,43
1,2025-01-01,0,0,07:30-08:00,50,0,1,44
1,2025-01-01,0,0,07:30-08:00,50,1,0,45
1,2025-01-01,0,0,07:30-08:00,50,1,0,46
1,2025-01-01,0,0,07:30-08:00,50,1,0,47
1,2025-01-01,0,0,07:30-08:00,50,1,0,48
1,2025-01-01,0,0,07:30-08:00,50,1,0,49
1,2025-01-01,0,0,07:30-08:00,50,0,1,50
1,2025-01-01,0,0,08:00-08:30,50,1,0,1
1,2025-01-01,0,0,08:00-08:30,50,1,0,2
1,2025-01-01,0,0,08:00-08:30,50,1,0,3
1,2025-01-01,0,0,08:00-08:30,50,1,0,4
1,2025-01-01,0,0,08:00-08:30,50,0,1,5
1,2025-01-01,0,0,08:00-08:30,50,1,0,6
1,2025-01-01,0,0,08:00-08:30,50,1,0,7
1,2025-01-01,0,0,08:00-08:30,50,1,0,8
1,2025-01-01,0,0,08:00-08:30,50,1,0,9
1,2025-01-01,0,0,08:00-08:30,50,1,0,10
1,2025-01-01,0,0,08:00-08:30,50,0,1,11
1,2025-01-01,0,0,08:00-08:30,50,0,1,12
1,2025-01-01,0,0,08:00-08:30,50,1,0,13
1,2025-01-01,0,0,08:00-08:30,50,0,1,14
1,2025-01-01,0,0,08:00-08:30,50,0,1,15
1,2025-01-01,0,0,08:00-08:30,50,0,1,16
1,2025-01-01,0,0,08:00-08:30,50,0,1,17
1,2025-01-01,0,0,08:00-08:30,50,1,0,18
1,2025-01-01,0,0,08:00-08:30,50,0,1,19
1,2025-01-01,0,0,08:00-08:30,50,0,1,20
1,2025-01-01,0,0,08:00-08:30,50,0,1,21
1,2025-01-01,0,0,08:00-08:30,50,0,1,22
1,2025-01-01,0,0,08:00-08:30,50,0,1,23
1,2025-01-01,0,0,08:00-08:30,50,0,1,24
1,2025-01-01,0,0,08:00-08:30,50,1,0,25
1,2025-01-01,0,0,08:00-08:30,50,1,0,26
1,2025-01-01,0,0,08:00-08:30,50,0,1,27
1,2025-01-01,0,0,08:00-08:30,50,0,1,28
1,2025-01-01,0,0,08:00-08:30,50,0,1,29
1,2025-01-01,0,0,08:00-08:30,50,1,0,30
1,2025-01-01,0,0,08:00-08:30,50,0,1,31
1,2025-01-01,0,0,08:00-08:30,50,1,0,32
1,2025-01-01,0,0,08:00-08:30,50,0,1,33
1,2025-01-01,0,0,08:00-08:30,50,1,0,34
1,2025-01-01,0,0,08:00-08:30,50,1,0,35
1,2025-01-01,0,0,08:00-08:30,50,0,1,36
1,2025-01-01,0,0,08:00-08:30,50,1,0,37
1,2025-01-01,0,0,08:00-08:30,50,1,0,38
1,2025-01-01,0,0,08:00-08:30,50,0,1,39
1,2025-01-01,0,0,08:00-08:30,50,1,0,40
1,2025-01-01,0,0,08:00-08:30,50,1,0,41
1,2025-01-01,0,0,08:00-08:30,50,0,1,42
1,2025-01-01,0,0,08:00-08:30,50,0,1,43
1,2025-01-01,0,0,08:00-08:30,50,1,0,44
1,2025-01-01,0,0,08:00-08:30,50,1,0,45
1,2025-01-01,0,0,08:00-08:30,50,0,1,46
1,2025-01-01,0,0,08:00-08:30,50,1,0,47
1,2025-01-01,0,0,08:00-08:30,50,1,0,48
1,2025-01-01,0,0,08:00-08:30,50,1,0,49
1,2025-01-01,0,0,08:00-08:30,50,0,1,50
1,2025-01-01,0,0,08:30-09:00,50,0,1,1
1,2025-01-01,0,0,08:30-09:00,50,0,1,2
1,2025-01-01,0,0,08:30-09:00,50,1,0,3
1,2025-01-01,0,0,08:30-09:00,50,1,0,4
1,2025-01-01,0,0,08:30-09:00,50,1,0,5
1,2025-01-01,0,0,08:30-09:00,50,1,0,6
1,2025-01-01,0,0,08:30-09:00,50,1,0,7
1,2025-01-01,0,0,08:30-09:00,50,1,0,8
1,2025-01-01,0,0,08:30-09:00,50,1,0,9
1,2025-01-01,0,0,08:30-09:00,50,1,0,10
1,2025-01-01,0,0,08:30-09:00,50,1,0,11
1,2025-01-01,0,0,08:30-09:00,50,1,0,12
1,2025-01-01,0,0,08:30-09:00,50,1,0,13
1,2025-01-01,0,0,08:30-09:00,50,0,1,14
1,2025-01-01,0,0,08:30-09:00,50,1,0,15
1,2025-01-01,0,0,08:30-09:00,50,0,1,16
1,2025-01-01,0,0,08:30-09:00,50,0,1,17
1,2025-01-01,0,0,08:30-09:00,50,0,1,18
1,2025-01-01,0,0,08:30-09:00,50,1,0,19
1,2025-01-01,0,0,08:30-09:00,50,0,1,20
1,2025-01-01,0,0,08:30-09:00,50,0,1,21
1,2025-01-01,0,0,08:30-09:00,50,0,1,22
1,2025-01-01,0,0,08:30-09:00,50,1,0,23
1,2025-01-01,0,0,08:30-09:00,50,1,0,24
1,2025-01-01,0,0,08:30-09:00,50,1,0,25
1,2025-01-01,0,0,08:30-09:00,50,0,1,26
1,2025-01-01,0,0,08:30-09:00,50,0,1,27
1,2025-01-01,0,0,08:30-09:00,50,0,1,28
1,2025-01-01,0,0,08:30-09:00,50,0,1,29
1,2025-01-01,0,0,08:30-09:00,50,0,1,30
1,2025-01-01,0,0,08:30-09:00,50,1,0,31
1,2025-01-01,0,0,08:30-09:00,50,0,1,32
1,2025-01-01,0,0,08:30-09:00,50,0,1,33
1,2025-01-01,0,0,08:30-09:00,50,1,0,34
1,2025-01-01,0,0,08:30-09:00,50,1,0,35
1,2025-01-01,0,0,08:30-09:00,50,0,1,36
1,2025-01-01,0,0,08:30-09:00,50,1,0,37
1,2025-01-01,0,0,08:30-09:00,50,0,1,38
1,2025-01-01,0,0,08:30-09:00,50,0,1,39
1,2025-01-01,0,0,08:30-09:00,50,0,1,40
1,2025-01-01,0,0,08:30-09:00,50,1,0,41
1,2025-01-01,0,0,08:30-09:00,50,1,0,42
1,2025-01-01,0,0,08:30-09:00,50,0,1,43
1,2025-01-01,0,0,08:30-09:00,50,0,1,44
1,2025-01-01,0,0,08:30-09:00,50,1,0,45
1,2025-01-01,0,0,08:30-09:00,50,0,1,46
1,2025-01-01,0,0,08:30-09:00,50,1,0,47
1,2025-01-01,0,0,08:30-09:00,50,1,0,48
1,2025-01-01,0,0,08:30-09:00,50,0,1,49
1,2025-01-01,0,0,08:30-09:00,50,1,0,50
1,2025-01-01,0,0,09:00-09:30,50,1,0,1
1,2025-01-01,0,0,09:00-09:30,50,0,1,2
1,2025-01-01,0,0,09:00-09:30,50,1,0,3
1,2025-01-01,0,0,09:00-09:30,50,0,1,4
1,2025-01-01,0,0,09:00-09:30,50,0,1,5
1,2025-01-01,0,0,09:00-09:30,50,0,1,6
1,2025-01-01,0,0,09:00-09:30,50,0,1,7
1,2025-01-01,0,0,09:00-09:30,50,0,1,8
1,2025-01-01,0,0,09:00-09:30,50,1,0,9
1,2025-01-01,0,0,09:00-09:30,50,0,1,10
1,2025-01-01,0,0,09:00-09:30,50,1,0,11
1,2025-01-01,0,0,09:00-09:30,50,1,0,12
1,2025-01-01,0,0,09:00-09:30,50,0,1,13
1,2025-01-01,0,0,09:00-09:30,50,0,1,14
1,2025-01-01,0,0,09:00-09:30,50,1,0,15
1,2025-01-01,0,0,09:00-09:30,50,0,1,16
1,2025-01-01,0,0,09:00-09:30,50,1,0,17
1,2025-01-01,0,0,09:00-09:30,50,0,1,18
1,2025-01-01,0,0,09:00-09:30,50,0,1,19
1,2025-01-01,0,0,09:00-09:30,50,0,1,20
1,2025-01-01,0,0,09:00-09:30,50,1,0,21
1,2025-01-01,0,0,09:00-09:30,50,0,1,22
1,2025-01-01,0,0,09:00-09:30,50,1,0,23
1,2025-01-01,0,0,09:00-09:30,50,1,0,24
1,2025-01-01,0,0,09:00-09:30,50,0,1,25
1,2025-01-01,0,0,09:00-09:30,50,1,0,26
1,2025-01-01,0,0,09:00-09:30,50,1,0,27
1,2025-01-01,0,0,09:00-09:30,50,0,1,28
1,2025-01-01,0,0,09:00-09:30,50,0,1,29
1,2025-01-01,0,0,09:00-09:30,50,0,1,30
1,2025-01-01,0,0,09:00-09:30,50,0,1,31
1,2025-01-01,0,0,09:00-09:30,50,0,1,32
1,2025-01-01,0,0,09:00-09:30,50,0,1,33
1,2025-01-01,0,0,09:00-09:30,50,1,0,34
1,2025-01-01,0,0,09:00-09:30,50,0,1,35
1,2025-01-01,0,0,09:00-09:30,50,0,1,36
1,2025-01-01,0,0,09:00-09:30,50,1,0,37
1,2025-01-01,0,0,09:00-09:30,50,1,0,38
1,2025-01-01,0,0,09:00-09:30,50,0,1,39
1,2025-01-01,0,0,09:00-09:30,50,0,1,40
1,2025-01-01,0,0,09:00-09:30,50,1,0,41
1,2025-01-01,0,0,09:00-09:30,50,1,0,42
1,2025-01-01,0,0,09:00-09:30,50,1,0,43
1,2025-01-01,0,0,09:00-09:30,50,0,1,44
1,2025-01-01,0,0,09:00-09:30,50,1,0,45
1,2025-01-01,0,0,09:00-09:30,50,0,1,46
1,2025-01-01,0,0,09:00-09:30,50,1,0,47
1,2025-01-01,0,0,09:00-09:30,50,0,1,48
1,2025-01-01,0,0,09:00-09:30,50,0,1,49
1,2025-01-01,0,0,09:00-09:30,50,1,0,50
1,2025-01-01,0,0,09:30-10:00,50,0,1,1
1,2025-01-01,0,0,09:30-10:00,50,1,0,2
1,2025-01-01,0,0,09:30-10:00,50,1,0,3
1,2025-01-01,0,0,09:30-10:00,50,0,1,4
1,2025-01-01,0,0,09:30-10:00,50,0,1,5
1,2025-01-01,0,0,09:30-10:00,50,0,1,6
1,2025-01-01,0,0,09:30-10:00,50,0,1,7
1,2025-01-01,0,0,09:30-10:00,50,0,1,8
1,2025-01-01,0,0,09:30-10:00,50,0,1,9
1,2025-01-01,0,0,09:30-10:00,50,0,1,10
1,2025-01-01,0,0,09:30-10:00,50,0,1,11
1,2025-01-01,0,0,09:30-10:00,50,1,0,12
1,2025-01-01,0,0,09:30-10:00,50,1,0,13
1,2025-01-01,0,0,09:30-10:00,50,1,0,14
1,2025-01-01,0,0,09:30-10:00,50,0,1,15
1,2025-01-01,0,0,09:30-10:00,50,1,0,16
1,2025-01-01,0,0,09:30-10:00,50,1,0,17
1,2025-01-01,0,0,09:30-10:00,50,1,0,18
1,2025-01-01,0,0,09:30-10:00,50,1,0,19
1,2025-01-01,0,0,09:30-10:00,50,0,1,20
1,2025-01-01,0,0,09:30-10:00,50,1,0,21
1,2025-01-01,0,0,09:30-10:00,50,0,1,22
1,2025-01-01,0,0,09:30-10:00,50,0,1,23
1,2025-01-01,0,0,09:30-10:00,50,0,1,24
1,2025-01-01,0,0,09:30-10:00,50,0,1,25
1,2025-01-01,0,0,09:30-10:00,50,0,1,26
1,2025-01-01,0,0,09:30-10:00,50,1,0,27
1,2025-01-01,0,0,09:30-10:00,50,0,1,28
1,2025-01-01,0,0,09:30-10:00,50,0,1,29
1,2025-01-01,0,0,09:30-10:00,50,0,1,30
1,2025-01-01,0,0,09:30-10:00,50,0,1,31
1,2025-01-01,0,0,09:30-10:00,50,0,1,32
1,2025-01-01,0,0,09:30-10:00,50,0,1,33
1,2025-01-01,0,0,09:30-10:00,50,1,0,34
1,2025-01-01,0,0,09:30-10:00,50,1,0,35
1,2025-01-01,0,0,09:30-10:00,50,0,1,36
1,2025-01-01,0,0,09:30-10:00,50,1,0,37
1,2025-01-01,0,0,09:30-10:00,50,0,1,38
1,2025-01-01,0,0,09:30-10:00,50,0,1,39
1,2025-01-01,0,0,09:30-10:00,50,1,0,40
1,2025-01-01,0,0,09:30-10:00,50,0,1,41
1,2025-01-01,0,0,09:30-10:00,50,0,1,42
1,2025-01-01,0,0,09:30-10:00,50,1,0,43
1,2025-01-01,0,0,09:30-10:00,50,1,0,44
1,2025-01-01,0,0,09:30-10:00,50,1,0,45
1,2025-01-01,0,0,09:30-10:00,50,0,1,46
1,2025-01-01,0,0,09:30-10:00,50,1,0,47
1,2025-01-01,0,0,09:30-10:00,50,1,0,48
1,2025-01-01,0,0,09:30-10:00,50,1,0,49
1,2025-01-01,0,0,09:30-10:00,50,1,0,50
1,2025-01-01,0,0,16:00-16:30,50,1,0,1
1,2025-01-01,0,0,16:00-16:30,50,0,1,2
1,2025-01-01,0,0,16:00-16:30,50,0,1,3
1,2025-01-01,0,0,16:00-16:30,50,0,1,4
1,2025-01-01,0,0,16:00-16:30,50,1,0,5
1,2025-01-01,0,0,16:00-16:30,50,1,0,6
1,2025-01-01,0,0,16:00-16:30,50,1,0,7
1,2025-01-01,0,0,16:00-16:30,50,1,0,8
1,2025-01-01,0,0,16:00-16:30,50,1,0,9
1,2025-01-01,0,0,16:00-16:30,50,1,0,10
1,2025-01-01,0,0,16:00-16:30,50,1,0,11
1,2025-01-01,0,0,16:00-16:30,50,0,1,12
1,2025-01-01,0,0,16:00-16:30,50,1,0,13
1,2025-01-01,0,0,16:00-16:30,50,0,1,14
1,2025-01-01,0,0,16:00-16:30,50,1,0,15
1,2025-01-01,0,0,16:00-16:30,50,1,0,16
1,2025-01-01,0,0,16:00-16:30,50,1,0,17
1,2025-01-01,0,0,16:00-16:30,50,0,1,18
1,2025-01-01,0,0,16:00-16:30,50,1,0,19
1,2025-01-01,0,0,16:00-16:30,50,1,0,20
1,2025-01-01,0,0,16:00-16:30,50,0,1,21
1,2025-01-01,0,0,16:00-16:30,50,0,1,22
1,2025-01-01,0,0,16:00-16:30,50,0,1,23
1,2025-01-01,0,0,16:00-16:30,50,1,0,24
1,2025-01-01,0,0,16:00-16:30,50,1,0,25
1,2025-01-01,0,0,16:00-16:30,50,0,1,26
1,2025-01-01,0,0,16:00-16:30,50,1,0,27
1,2025-01-01,0,0,16:00-16:30,50,1,0,28
1,2025-01-01,0,0,16:00-16:30,50,0,1,29
1,2025-01-01,0,0,16:00-16:30,50,1,0,30
1,2025-01-01,0,0,16:00-16:30,50,1,0,31
1,2025-01-01,0,0,16:00-16:30,50,0,1,32
1,2025-01-01,0,0,16:00-16:30,50,0,1,33
1,2025-01-01,0,0,16:00-16:30,50,1,0,34
1,2025-01-01,0,0,16:00-16:30,50,1,0,35
1,2025-01-01,0,0,16:00-16:30,50,0,1,36
1,2025-01-01,0,0,16:00-16:30,50,0,1,37
1,2025-01-01,0,0,16:00-16:30,50,0,1,38
1,2025-01-01,0,0,16:00-16:30,50,1,0,39
1,2025-01-01,0,0,16:00-16:30,50,0,1,40
1,2025-01-01,0,0,16:00-16:30,50,0,1,41
1,2025-01-01,0,0,16:00-16:30,50,1,0,42
1,2025-01-01,0,0,16:00-16:30,50,1,0,43
1,2025-01-01,0,0,16:00-16:30,50,0,1,44
1,2025-01-01,0,0,16:00-16:30,50,0,1,45
1,2025-01-01,0,0,16:00-16:30,50,0,1,46
1,2025-01-01,0,0,16:00-16:30,50,1,0,47
1,2025-01-01,0,0,16:00-16:30,50,0,1,48
1,2025-01-01,0,0,16:00-16:30,50,0,1,49
1,2025-01-01,0,0,16:00-16:30,50,1,0,50
1,2025-01-01,0,0,16:30-17:00,50,0,1,1
1,2025-01-01,0,0,16:30-17:00,50,0,1,2
1,2025-01-01,0,0,16:30-17:00,50,1,0,3
1,2025-01-01,0,0,16:30-17:00,50,1,0,4
1,2025-01-01,0,0,16:30-17:00,50,0,1,5
1,2025-01-01,0,0,16:30-17:00,50,0,1,6
1,2025-01-01,0,0,16:30-17:00,50,1,0,7
1,2025-01-01,0,0,16:30-17:00,50,0,1,8
1,2025-01-01,0,0,16:30-17:00,50,0,1,9
1,2025-01-01,0,0,16:30-17:00,50,0,1,10
1,2025-01-01,0,0,16:30-17:00,50,0,1,11
1,2025-01-01,0,0,16:30-17:00,50,0,1,12
1,2025-01-01,0,0,16:30-17:00,50,0,1,13
1,2025-01-01,0,0,16:30-17:00,50,0,1,14
1,2025-01-01,0,0,16:30-17:00,50,0,1,15
1,2025-01-01,0,0,16:30-17:00,50,0,1,16
1,2025-01-01,0,0,16:30-17:00,50,0,1,17
1,2025-01-01,0,0,16:30-17:00,50,1,0,18
1,2025-01-01,0,0,16:30-17:00,50,0,1,19
1,2025-01-01,0,0,16:30-17:00,50,1,0,20
1,2025-01-01,0,0,16:30-17:00,50,0,1,21
1,2025-01-01,0,0,16:30-17:00,50,0,1,22
1,2025-01-01,0,0,16:30-17:00,50,0,1,23
1,2025-01-01,0,0,16:30-17:00,50,0,1,24
1,2025-01-01,0,0,16:30-17:00,50,1,0,25
1,2025-01-01,0,0,16:30-17:00,50,1,0,26
1,2025-01-01,0,0,16:30-17:00,50,0,1,27
1,2025-01-01,0,0,16:30-17:00,50,1,0,28
1,2025-01-01,0,0,16:30-17:00,50,1,0,29
1,2025-01-01,0,0,16:30-17:00,50,0,1,30
1,2025-01-01,0,0,16:30-17:00,50,1,0,31
1,2025-01-01,0,0,16:30-17:00,50,0,1,32
1,2025-01-01,0,0,16:30-17:00,50,1,0,33
1,2025-01-01,0,0,16:30-17:00,50,0,1,34
1,2025-01-01,0,0,16:30-17:00,50,1,0,35
1,2025-01-01,0,0,16:30-17:00,50,1,0,36
1,2025-01-01,0,0,16:30-17:00,50,0,1,37
1,2025-01-01,0,0,16:30-17:00,50,1,0,38
1,2025-01-01,0,0,16:30-17:00,50,1,0,39
1,2025-01-01,0,0,16:30-17:00,50,1,0,40
1,2025-01-01,0,0,16:30-17:00,50,1,0,41
1,2025-01-01,0,0,16:30-17:00,50,1,0,42
1,2025-01-01,0,0,16:30-17:00,50,0,1,43
1,2025-01-01,0,0,16:30-17:00,50,1,0,44
1,2025-01-01,0,0,16:30-17:00,50,1,0,45
1,2025-01-01,0,0,16:30-17:00,50,1,0,46
1,2025-01-01,0,0,16:30-17:00,50,1,0,47
1,2025-01-01,0,0,16:30-17:00,50,1,0,48
1,2025-01-01,0,0,16:30-17:00,50,0,1,49
1,2025-01-01,0,0,16:30-17:00,50,1,0,50
1,2025-01-01,0,0,17:00-17:30,50,0,1,1
1,2025-01-01,0,0,17:00-17:30,50,0,1,2
1,2025-01-01,0,0,17:00-17:30,50,0,1,3
1,2025-01-01,0,0,17:00-17:30,50,1,0,4
1,2025-01-01,0,0,17:00-17:30,50,1,0,5
1,2025-01-01,0,0,17:00-17:30,50,1,0,6
1,2025-01-01,0,0,17:00-17:30,50,1,0,7
1,2025-01-01,0,0,17:00-17:30,50,0,1,8
1,2025-01-01,0,0,17:00-17:30,50,1,0,9
1,2025-01-01,0,0,17:00-17:30,50,1,0,10
1,2025-01-01,0,0,17:00-17:30,50,0,1,11
1,2025-01-01,0,0,17:00-17:30,50,1,0,12
1,2025-01-01,0,0,17:00-17:30,50,0,1,13
1,2025-01-01,0,0,17:00-17:30,50,0,1,14
1,2025-01-01,0,0,17:00-17:30,50,0,1,15
1,2025-01-01,0,0,17:00-17:30,50,1,0,16
1,2025-01-01,0,0,17:00-17:30,50,1,0,17
1,2025-01-01,0,0,17:00-17:30,50,1,0,18
1,2025-01-01,0,0,17:00-17:30,50,0,1,19
1,2025-01-01,0,0,17:00-17:30,50,1,0,20
1,2025-01-01,0,0,17:00-17:30,50,0,1,21
1,2025-01-01,0,0,17:00-17:30,50,0,1,22
1,2025-01-01,0,0,17:00-17:30,50,1,0,23
1,2025-01-01,0,0,17:00-17:30,50,0,1,24
1,2025-01-01,0,0,17:00-17:30,50,1,0,25
1,2025-01-01,0,0,17:00-17:30,50,0,1,26
1,2025-01-01,0,0,17:00-17:30,50,1,0,27
1,2025-01-01,0,0,17:00-17:30,50,1,0,28
1,2025-01-01,0,0,17:00-17:30,50,0,1,29
1,2025-01-01,0,0,17:00-17:30,50,0,1,30
1,2025-01-01,0,0,17:00-17:30,50,0,1,31
1,2025-01-01,0,0,17:00-17:30,50,1,0,32
1,2025-01-01,0,0,17:00-17:30,50,1,0,33
1,2025-01-01,0,0,17:00-17:30,50,0,1,34
1,2025-01-01,0,0,17:00-17:30,50,1,0,35
1,2025-01-01,0,0,17:00-17:30,50,1,0,36
1,2025-01-01,0,0,17:00-17:30,50,0,1,37
1,2025-01-01,0,0,17:00-17:30,50,1,0,38
1,2025-01-01,0,0,17:00-17:30,50,0,1,39
1,2025-01-01,0,0,17:00-17:30,50,1,0,40
1,2025-01-01,0,0,17:00-17:30,50,0,1,41
1,2025-01-01,0,0,17:00-17:30,50,0,1,42
1,2025-01-01,0,0,17:00-17:30,50,1,0,43
1,2025-01-01,0,0,17:00-17:30,50,1,0,44
1,2025-01-01,0,0,17:00-17:30,50,0,1,45
1,2025-01-01,0,0,17:00-17:30,50,1,0,46
1,2025-01-01,0,0,17:00-17:30,50,0,1,47
1,2025-01-01,0,0,17:00-17:30,50,0,1,48
1,2025-01-01,0,0,17:00-17:30,50,1,0,49
1,2025-01-01,0,0,17:00-17:30,50,1,0,50
1,2025-01-01,0,0,17:30-18:00,50,1,0,1
1,2025-01-01,0,0,17:30-18:00,50,0,1,2
1,2025-01-01,0,0,17:30-18:00,50,0,1,3
1,2025-01-01,0,0,17:30-18:00,50,0,1,4
1,2025-01-01,0,0,17:30-18:00,50,1,0,5
1,2025-01-01,0,0,17:30-18:00,50,1,0,6
1,2025-01-01,0,0,17:30-18:00,50,1,0,7
1,2025-01-01,0,0,17:30-18:00,50,0,1,8
1,2025-01-01,0,0,17:30-18:00,50,0,1,9
1,2025-01-01,0,0,17:30-18:00,50,0,1,10
1,2025-01-01,0,0,17:30-18:00,50,0,1,11
1,2025-01-01,0,0,17:30-18:00,50,0,1,12
1,2025-01-01,0,0,17:30-18:00,50,1,0,13
1,2025-01-01,0,0,17:30-18:00,50,0,1,14
1,2025-01-01,0,0,17:30-18:00,50,1,0,15
1,2025-01-01,0,0,17:30-18:00,50,0,1,16
1,2025-01-01,0,0,17:30-18:00,50,1,0,17
1,2025-01-01,0,0,17:30-18:00,50,1,0,18
1,2025-01-01,0,0,17:30-18:00,50,1,0,19
1,2025-01-01,0,0,17:30-18:00,50,0,1,20
1,2025-01-01,0,0,17:30-18:00,50,1,0,21
1,2025-01-01,0,0,17:30-18:00,50,1,0,22
1,2025-01-01,0,0,17:30-18:00,50,0,1,23
1,2025-01-01,0,0,17:30-18:00,50,0,1,24
1,2025-01-01,0,0,17:30-18:00,50,0,1,25
1,2025-01-01,0,0,17:30-18:00,50,0,1,26
1,2025-01-01,0,0,17:30-18:00,50,0,1,27
1,2025-01-01,0,0,17:30-18:00,50,0,1,28
1,2025-01-01,0,0,17:30-18:00,50,1,0,29
1,2025-01-01,0,0,17:30-18:00,50,1,0,30
1,2025-01-01,0,0,17:30-18:00,50,1,0,31
1,2025-01-01,0,0,17:30-18:00,50,1,0,32
1,2025-01-01,0,0,17:30-18:00,50,1,0,33
1,2025-01-01,0,0,17:30-18:00,50,0,1,34
1,2025-01-01,0,0,17:30-18:00,50,0,1,35
1,2025-01-01,0,0,17:30-18:00,50,0,1,36
1,2025-01-01,0,0,17:30-18:00,50,0,1,37
1,2025-01-01,0,0,17:30-18:00,50,1,0,38
1,2025-01-01,0,0,17:30-18:00,50,0,1,39
1,2025-01-01,0,0,17:30-18:00,50,0,1,40
1,2025-01-01,0,0,17:30-18:00,50,1,0,41
1,2025-01-01,0,0,17:30-18:00,50,1,0,42
1,2025-01-01,0,0,17:30-18:00,50,1,0,43
1,2025-01-01,0,0,17:30-18:00,50,0,1,44
1,2025-01-01,0,0,17:30-18:00,50,0,1,45
1,2025-01-01,0,0,17:30-18:00,50,1,0,46
1,2025-01-01,0,0,17:30-18:00,50,1,0,47
1,2025-01-01,0,0,17:30-18:00,50,0,1,48
1,2025-01-01,0,0,17:30-18:00,50,1,0,49
1,2025-01-01,0,0,17:30-18:00,50,0,1,50
1,2025-01-01,0,0,18:00-18:30,50,0,1,1
1,2025-01-01,0,0,18:00-18:30,50,0,1,2
1,2025-01-01,0,0,18:00-18:30,50,0,1,3
1,2025-01-01,0,0,18:00-18:30,50,0,1,4
1,2025-01-01,0,0,18:00-18:30,50,1,0,5
1,2025-01-01,0,0,18:00-18:30,50,1,0,6
1,2025-01-01,0,0,18:00-18:30,50,1,0,7
1,2025-01-01,0,0,18:00-18:30,50,1,0,8
1,2025-01-01,0,0,18:00-18:30,50,0,1,9
1,2025-01-01,0,0,18:00-18:30,50,0,1,10
1,2025-01-01,0,0,18:00-18:30,50,0,1,11
1,2025-01-01,0,0,18:00-18:30,50,0,1,12
1,2025-01-01,0,0,18:00-18:30,50,1,0,13
1,2025-01-01,0,0,18:00-18:30,50,0,1,14
1,2025-01-01,0,0,18:00-18:30,50,0,1,15
1,2025-01-01,0,0,18:00-18:30,50,0,1,16
1,2025-01-01,0,0,18:00-18:30,50,0,1,17
1,2025-01-01,0,0,18:00-18:30,50,0,1,18
1,2025-01-01,0,0,18:00-18:30,50,1,0,19
1,2025-01-01,0,0,18:00-18:30,50,0,1,20
1,2025-01-01,0,0,18:00-18:30,50,1,0,21
1,2025-01-01,0,0,18:00-18:30,50,0,1,22
1,2025-01-01,0,0,18:00-18:30,50,0,1,23
1,2025-01-01,0,0,18:00-18:30,50,0,1,24
1,2025-01-01,0,0,18:00-18:30,50,0,1,25
1,2025-01-01,0,0,18:00-18:30,50,1,0,26
1,2025-01-01,0,0,18:00-18:30,50,0,1,27
1,2025-01-01,0,0,18:00-18:30,50,1,0,28
1,2025-01-01,0,0,18:00-18:30,50,0,1,29
1,2025-01-01,0,0,18:00-18:30,50,1,0,30
1,2025-01-01,0,0,18:00-18:30,50,1,0,31
1,2025-01-01,0,0,18:00-18:30,50,0,1,32
1,2025-01-01,0,0,18:00-18:30,50,1,0,33
1,2025-01-01,0,0,18:00-18:30,50,0,1,34
1,2025-01-01,0,0,18:00-18:30,50,1,0,35
1,2025-01-01,0,0,18:00-18:30,50,0,1,36
1,2025-01-01,0,0,18:00-18:30,50,0,1,37
1,2025-01-01,0,0,18:00-18:30,50,1,0,38
1,2025-01-01,0,0,18:00-18:30,50,0,1,39
1,2025-01-01,0,0,18:00-18:30,50,0,1,40
1,2025-01-01,0,0,18:00-18:30,50,1,0,41
1,2025-01-01,0,0,18:00-18:30,50,0,1,42
1,2025-01-01,0,0,18:00-18:30,50,1,0,43
1,2025-01-01,0,0,18:00-18:30,50,0,1,44
1,2025-01-01,0,0,18:00-18:30,50,0,1,45
1,2025-01-01,0,0,18:00-18:30,50,1,0,46
1,2025-01-01,0,0,18:00-18:30,50,1,0,47
1,2025-01-01,0,0,18:00-18:30,50,0,1,48
1,2025-01-01,0,0,18:00-18:30,50,0,1,49
1,2025-01-01,0,0,18:00-18:30,50,0,1,50
1,2025-01-01,0,0,18:30-19:00,50,1,0,1
1,2025-01-01,0,0,18:30-19:00,50,1,0,2
1,2025-01-01,0,0,18:30-19:00,50,0,1,3
1,2025-01-01,0,0,18:30-19:00,50,1,0,4
1,2025-01-01,0,0,18:30-19:00,50,0,1,5
1,2025-01-01,0,0,18:30-19:00,50,0,1,6
1,2025-01-01,0,0,18:30-19:00,50,1,0,7
1,2025-01-01,0,0,18:30-19:00,50,1,0,8
1,2025-01-01,0,0,18:30-19:00,50,0,1,9
1,2025-01-01,0,0,18:30-19:00,50,0,1,10
1,2025-01-01,0,0,18:30-19:00,50,1,0,11
1,2025-01-01,0,0,18:30-19:00,50,1,0,12
1,2025-01-01,0,0,18:30-19:00,50,1,0,13
1,2025-01-01,0,0,18:30-19:00,50,0,1,14
1,2025-01-01,0,0,18:30-19:00,50,1,0,15
1,2025-01-01,0,0,18:30-19:00,50,1,0,16
1,2025-01-01,0,0,18:30-19:00,50,0,1,17
1,2025-01-01,0,0,18:30-19:00,50,0,1,18
1,2025-01-01,0,0,18:30-19:00,50,0,1,19
1,2025-01-01,0,0,18:30-19:00,50,1,0,20
1,2025-01-01,0,0,18:30-19:00,50,1,0,21
1,2025-01-01,0,0,18:30-19:00,50,0,1,22
1,2025-01-01,0,0,18:30-19:00,50,0,1,23
1,2025-01-01,0,0,18:30-19:00,50,0,1,24
1,2025-01-01,0,0,18:30-19:00,50,1,0,25
1,2025-01-01,0,0,18:30-19:00,50,0,1,26
1,2025-01-01,0,0,18:30-19:00,50,1,0,27
1,2025-01-01,0,0,18:30-19:00,50,1,0,28
1,2025-01-01,0,0,18:30-19:00,50,0,1,29
1,2025-01-01,0,0,18:30-19:00,50,0,1,30
1,2025-01-01,0,0,18:30-19:00,50,1,0,31
1,2025-01-01,0,0,18:30-19:00,50,1,0,32
1,2025-01-01,0,0,18:30-19:00,50,1,0,33
1,2025-01-01,0,0,18:30-19:00,50,0,1,34
1,2025-01-01,0,0,18:30-19:00,50,0,1,35
1,2025-01-01,0,0,18:30-19:00,50,0,1,36
1,2025-01-01,0,0,18:30-19:00,50,1,0,37
1,2025-01-01,0,0,18:30-19:00,50,0,1,38
1,2025-01-01,0,0,18:30-19:00,50,1,0,39
1,2025-01-01,0,0,18:30-19:00,50,0,1,40
1,2025-01-01,0,0,18:30-19:00,50,1,0,41
1,2025-01-01,0,0,18:30-19:00,50,1,0,42
1,2025-01-01,0,0,18:30-19:00,50,0,1,43
1,2025-01-01,0,0,18:30-19:00,50,1,0,44
1,2025-01-01,0,0,18:30-19:00,50,0,1,45
1,2025-01-01,0,0,18:30-19:00,50,0,1,46
1,2025-01-01,0,0,18:30-19:00,50,1,0,47
1,2025-01-01,0,0,18:30-19:00,50,0,1,48
1,2025-01-01,0,0,18:30-19:00,50,1,0,49
1,2025-01-01,0,0,18:30-19:00,50,0,1,50
2,2025-01-02,1,0,07:00-07:30,50,0,1,1
2,2025-01-02,1,0,07:00-07:30,50,0,1,2
2,2025-01-02,1,0,07:00-07:30,50,1,0,3
2,2025-01-02,1,0,07:00-07:30,50,1,0,4
2,2025-01-02,1,0,07:00-07:30,50,1,0,5
2,2025-01-02,1,0,07:00-07:30,50,1,0,6
2,2025-01-02,1,0,07:00-07:30,50,0,1,7
2,2025-01-02,1,0,07:00-07:30,50,1,0,8
2,2025-01-02,1,0,07:00-07:30,50,0,1,9
2,2025-01-02,1,0,07:00-07:30,50,1,0,10
2,2025-01-02,1,0,07:00-07:30,50,1,0,11
2,2025-01-02,1,0,07:00-07:30,50,1,0,12
2,2025-01-02,1,0,07:00-07:30,50,1,0,13
2,2025-01-02,1,0,07:00-07:30,50,1,0,14
2,2025-01-02,1,0,07:00-07:30,50,1,0,15
2,2025-01-02,1,0,07:00-07:30,50,0,1,16
2,2025-01-02,1,0,07:00-07:30,50,1,0,17
2,2025-01-02,1,0,07:00-07:30,50,0,1,18
2,2025-01-02,1,0,07:00-07:30,50,0,1,19
2,2025-01-02,1,0,07:00-07:30,50,1,0,20
2,2025-01-02,1,0,07:00-07:30,50,0,1,21
2,2025-01-02,1,0,07:00-07:30,50,1,0,22
2,2025-01-02,1,0,07:00-07:30,50,1,0,23
2,2025-01-02,1,0,07:00-07:30,50,1,0,24
2,2025-01-02,1,0,07:00-07:30,50,1,0,25
2,2025-01-02,1,0,07:00-07:30,50,0,1,26
2,2025-01-02,1,0,07:00-07:30,50,0,1,27
2,2025-01-02,1,0,07:00-07:30,50,0,1,28
2,2025-01-02,1,0,07:00-07:30,50,1,0,29
2,2025-01-02,1,0,07:00-07:30,50,0,1,30
2,2025-01-02,1,0,07:00-07:30,50,0,1,31
2,2025-01-02,1,0,07:00-07:30,50,1,0,32
2,2025-01-02,1,0,07:00-07:30,50,1,0,33
2,2025-01-02,1,0,07:00-07:30,50,1,0,34
2,2025-01-02,1,0,07:00-07:30,50,1,0,35
2,2025-01-02,1,0,07:00-07:30,50,0,1,36
2,2025-01-02,1,0,07:00-07:30,50,1,0,37
2,2025-01-02,1,0,07:00-07:30,50,1,0,38
2,2025-01-02,1,0,07:00-07:30,50,1,0,39
2,2025-01-02,1,0,07:00-07:30,50,1,0,40
2,2025-01-02,1,0,07:00-07:30,50,1,0,41
2,2025-01-02,1,0,07:00-07:30,50,1,0,42
2,2025-01-02,1,0,07:00-07:30,50,1,0,43
2,2025-01-02,1,0,07:00-07:30,50,0,1,44
2,2025-01-02,1,0,07:00-07:30,50,0,1,45
2,2025-01-02,1,0,07:00-07:30,50,1,0,46
2,2025-01-02,1,0,07:00-07:30,50,0,1,47
2,2025-01-02,1,0,07:00-07:30,50,1,0,48
2,2025-01-02,1,0,07:00-07:30,50,1,0,49
2,2025-01-02,1,0,07:00-07:30,50,1,0,50
2,2025-01-02,1,0,07:30-08:00,50,1,0,1
2,2025-01-02,1,0,07:30-08:00,50,1,0,2
2,2025-01-02,1,0,07:30-08:00,50,1,0,3
2,2025-01-02,1,0,07:30-08:00,50,0,1,4
2,2025-01-02,1,0,07:30-08:00,50,0,1,5
2,2025-01-02,1,0,07:30-08:00,50,0,1,6
2,2025-01-02,1,0,07:30-08:00,50,0,1,7
2,2025-01-02,1,0,07:30-08:00,50,1,0,8
2,2025-01-02,1,0,07:30-08:00,50,0,1,9
2,2025-01-02,1,0,07:30-08:00,50,0,1,10
2,2025-01-02,1,0,07:30-08:00,50,0,1,11
2,2025-01-02,1,0,07:30-08:00,50,1,0,12
2,2025-01-02,1,0,07:30-08:00,50,1,0,13
2,2025-01-02,1,0,07:30-08:00,50,1,0,14
2,2025-01-02,1,0,07:30-08:00,50,1,0,15
2,2025-01-02,1,0,07:30-08:00,50,1,0,16
2,2025-01-02,1,0,07:30-08:00,50,1,0,17
2,2025-01-02,1,0,07:30-08:00,50,1,0,18
2,2025-01-02,1,0,07:30-08:00,50,1,0,19
2,2025-01-02,1,0,07:30-08:00,50,1,0,20
2,2025-01-02,1,0,07:30-08:00,50,1,0,21
2,2025-01-02,1,0,07:30-08:00,50,1,0,22
2,2025-01-02,1,0,07:30-08:00,50,0,1,23
2,2025-01-02,1,0,07:30-08:00,50,0,1,24
2,2025-01-02,1,0,07:30-08:00,50,0,1,25
2,2025-01-02,1,0,07:30-08:00,50,0,1,26
2,2025-01-02,1,0,07:30-08:00,50,1,0,27
2,2025-01-02,1,0,07:30-08:00,50,0,1,28
2,2025-01-02,1,0,07:30-08:00,50,1,0,29
2,2025-01-02,1,0,07:30-08:00,50,1,0,30
2,2025-01-02,1,0,07:30-08:00,50,0,1,31
2,2025-01-02,1,0,07:30-08:00,50,1,0,32
2,2025-01-02,1,0,07:30-08:00,50,1,0,33
2,2025-01-02,1,0,07:30-08:00,50,1,0,34
2,2025-01-02,1,0,07:30-08:00,50,1,0,35
2,2025-01-02,1,0,07:30-08:00,50,0,1,36
2,2025-01-02,1,0,07:30-08:00,50,0,1,37
2,2025-01-02,1,0,07:30-08:00,50,1,0,38
2,2025-01-02,1,0,07:30-08:00,50,0,1,39
2,2025-01-02,1,0,07:30-08:00,50,1,0,40
2,2025-01-02,1,0,07:30-08:00,50,1,0,41
2,2025-01-02,1,0,07:30-08:00,50,1,0,42
2,2025-01-02,1,0,07:30-08:00,50,0,1,43
2,2025-01-02,1,0,07:30-08:00,50,0,1,44
2,2025-01-02,1,0,07:30-08:00,50,0,1,45
2,2025-01-02,1,0,07:30-08:00,50,1,0,46
2,2025-01-02,1,0,07:30-08:00,50,0,1,47
2,2025-01-02,1,0,07:30-08:00,50,1,0,48
2,2025-01-02,1,0,07:30-08:00,50,0,1,49
2,2025-01-02,1,0,07:30-08:00,50,1,0,50
2,2025-01-02,1,0,08:00-08:30,50,0,1,1
2,2025-01-02,1,0,08:00-08:30,50,1,0,2
2,2025-01-02,1,0,08:00-08:30,50,1,0,3
2,2025-01-02,1,0,08:00-08:30,50,1,0,4
2,2025-01-02,1,0,08:00-08:30,50,0,1,5
2,2025-01-02,1,0,08:00-08:30,50,1,0,6
2,2025-01-02,1,0,08:00-08:30,50,0,1,7
2,2025-01-02,1,0,08:00-08:30,50,0,1,8
2,2025-01-02,1,0,08:00-08:30,50,1,0,9
2,2025-01-02,1,0,08:00-08:30,50,1,0,10
2,2025-01-02,1,0,08:00-08:30,50,1,0,11
2,2025-01-02,1,0,08:00-08:30,50,1,0,12
2,2025-01-02,1,0,08:00-08:30,50,1,0,13
2,2025-01-02,1,0,08:00-08:30,50,1,0,14
2,2025-01-02,1,0,08:00-08:30,50,1,0,15
2,2025-01-02,1,0,08:00-08:30,50,0,1,16
2,2025-01-02,1,0,08:00-08:30,50,0,1,17
2,2025-01-02,1,0,08:00-08:30,50,0,1,18
2,2025-01-02,1,0,08:00-08:30,50,1,0,19
2,2025-01-02,1,0,08:00-08:30,50,0,1,20
2,2025-01-02,1,0,08:00-08:30,50,1,0,21
2,2025-01-02,1,0,08:00-08:30,50,1,0,22
2,2025-01-02,1,0,08:00-08:30,50,1,0,23
2,2025-01-02,1,0,08:00-08:30,50,0,1,24
2,2025-01-02,1,0,08:00-08:30,50,1,0,25
2,2025-01-02,1,0,08:00-08:30,50,1,0,26
2,2025-01-02,1,0,08:00-08:30,50,0,1,27
2,2025-01-02,1,0,08:00-08:30,50,0,1,28
2,2025-01-02,1,0,08:00-08:30,50,0,1,29
2,2025-01-02,1,0,08:00-08:30,50,0,1,30
2,2025-01-02,1,0,08:00-08:30,50,1,0,31
2,2025-01-02,1,0,08:00-08:30,50,0,1,32
2,2025-01-02,1,0,08:00-08:30,50,1,0,33
2,2025-01-02,1,0,08:00-08:30,50,0,1,34
2,2025-01-02,1,0,08:00-08:30,50,1,0,35
2,2025-01-02,1,0,08:00-08:30,50,1,0,36
2,2025-01-02,1,0,08:00-08:30,50,1,0,37
2,2025-01-02,1,0,08:00-08:30,50,0,1,38
2,2025-01-02,1,0,08:00-08:30,50,1,0,39
2,2025-01-02,1,0,08:00-08:30,50,1,0,40
2,2025-01-02,1,0,08:00-08:30,50,0,1,41
2,2025-01-02,1,0,08:00-08:30,50,1,0,42
2,2025-01-02,1,0,08:00-08:30,50,1,0,43
2,2025-01-02,1,0,08:00-08:30,50,0,1,44
2,2025-01-02,1,0,08:00-08:30,50,0,1,45
2,2025-01-02,1,0,08:00-08:30,50,1,0,46
2,2025-01-02,1,0,08:00-08:30,50,1,0,47
2,2025-01-02,1,0,08:00-08:30,50,0,1,48
2,2025-01-02,1,0,08:00-08:30,50,0,1,49
2,2025-01-02,1,0,08:00-08:30,50,0,1,50
2,2025-01-02,1,0,08:30-09:00,50,0,1,1
2,2025-01-02,1,0,08:30-09:00,50,0,1,2
2,2025-01-02,1,0,08:30-09:00,50,1,0,3
2,2025-01-02,1,0,08:30-09:00,50,1,0,4
2,2025-01-02,1,0,08:30-09:00,50,1,0,5
2,2025-01-02,1,0,08:30-09:00,50,1,0,6
2,2025-01-02,1,0,08:30-09:00,50,0,1,7
2,2025-01-02,1,0,08:30-09:00,50,1,0,8
2,2025-01-02,1,0,08:30-09:00,50,1,0,9
2,2025-01-02,1,0,08:30-09:00,50,1,0,10
2,2025-01-02,1,0,08:30-09:00,50,0,1,11
2,2025-01-02,1,0,08:30-09:00,50,0,1,12
2,2025-01-02,1,0,08:30-09:00,50,1,0,13
2,2025-01-02,1,0,08:30-09:00,50,0,1,14
2,2025-01-02,1,0,08:30-09:00,50,0,1,15
2,2025-01-02,1,0,08:30-09:00,50,1,0,16
2,2025-01-02,1,0,08:30-09:00,50,0,1,17
2,2025-01-02,1,0,08:30-09:00,50,1,0,18
2,2025-01-02,1,0,08:30-09:00,50,0,1,19
2,2025-01-02,1,0,08:30-09:00,50,0,1,20
2,2025-01-02,1,0,08:30-09:00,50,1,0,21
2,2025-01-02,1,0,08:30-09:00,50,0,1,22
2,2025-01-02,1,0,08:30-09:00,50,1,0,23
2,2025-01-02,1,0,08:30-09:00,50,1,0,24
2,2025-01-02,1,0,08:30-09:00,50,0,1,25
2,2025-01-02,1,0,08:30-09:00,50,1,0,26
2,2025-01-02,1,0,08:30-09:00,50,1,0,27
2,2025-01-02,1,0,08:30-09:00,50,1,0,28
2,2025-01-02,1,0,08:30-09:00,50,0,1,29
2,2025-01-02,1,0,08:30-09:00,50,1,0,30
2,2025-01-02,1,0,08:30-09:00,50,1,0,31
2,2025-01-02,1,0,08:30-09:00,50,1,0,32
2,2025-01-02,1,0,08:30-09:00,50,1,0,33
2,2025-01-02,1,0,08:30-09:00,50,1,0,34
2,2025-01-02,1,0,08:30-09:00,50,0,1,35
2,2025-01-02,1,0,08:30-09:00,50,0,1,36
2,2025-01-02,1,0,08:30-09:00,50,0,1,37
2,2025-01-02,1,0,08:30-09:00,50,0,1,38
2,2025-01-02,1,0,08:30-09:00,50,0,1,39
2,2025-01-02,1,0,08:30-09:00,50,1,0,40
2,2025-01-02,1,0,08:30-09:00,50,1,0,41
2,2025-01-02,1,0,08:30-09:00,50,0,1,42
2,2025-01-02,1,0,08:30-09:00,50,1,0,43
2,2025-01-02,1,0,08:30-09:00,50,0,1,44
2,2025-01-02,1,0,08:30-09:00,50,1,0,45
2,2025-01-02,1,0,08:30-09:00,50,1,0,46
2,2025-01-02,1,0,08:30-09:00,50,1,0,47
2,2025-01-02,1,0,08:30-09:00,50,0,1,48
2,2025-01-02,1,0,08:30-09:00,50,1,0,49
2,2025-01-02,1,0,08:30-09:00,50,1,0,50
2,2025-01-02,1,0,09:00-09:30,50,1,0,1
2,2025-01-02,1,0,09:00-09:30,50,0,1,2
2,2025-01-02,1,0,09:00-09:30,50,1,0,3
2,2025-01-02,1,0,09:00-09:30,50,1,0,4
2,2025-01-02,1,0,09:00-09:30,50,1,0,5
2,2025-01-02,1,0,09:00-09:30,50,1,0,6
2,2025-01-02,1,0,09:00-09:30,50,0,1,7
2,2025-01-02,1,0,09:00-09:30,50,1,0,8
2,2025-01-02,1,0,09:00-09:30,50,0,1,9
2,2025-01-02,1,0,09:00-09:30,50,0,1,10
2,2025-01-02,1,0,09:00-09:30,50,1,0,11
2,2025-01-02,1,0,09:00-09:30,50,0,1,12
2,2025-01-02,1,0,09:00-09:30,50,0,1,13
2,2025-01-02,1,0,09:00-09:30,50,0,1,14
2,2025-01-02,1,0,09:00-09:30,50,0,1,15
2,2025-01-02,1,0,09:00-09:30,50,0,1,16
2,2025-01-02,1,0,09:00-09:30,50,0,1,17
2,2025-01-02,1,0,09:00-09:30,50,1,0,18
2,2025-01-02,1,0,09:00-09:30,50,0,1,19
2,2025-01-02,1,0,09:00-09:30,50,0,1,20
2,2025-01-02,1,0,09:00-09:30,50,0,1,21
2,2025-01-02,1,0,09:00-09:30,50,0,1,22
2,2025-01-02,1,0,09:00-09:30,50,0,1,23
2,2025-01-02,1,0,09:00-09:30,50,0,1,24
2,2025-01-02,1,0,09:00-09:30,50,0,1,25
2,2025-01-02,1,0,09:00-09:30,50,1,0,26
2,2025-01-02,1,0,09:00-09:30,50,0,1,27
2,2025-01-02,1,0,09:00-09:30,50,0,1,28
2,2025-01-02,1,0,09:00-09:30,50,0,1,29
2,2025-01-02,1,0,09:00-09:30,50,0,1,30
2,2025-01-02,1,0,09:00-09:30,50,0,1,31
2,2025-01-02,1,0,09:00-09:30,50,1,0,32
2,2025-01-02,1,0,09:00-09:30,50,0,1,33
2,2025-01-02,1,0,09:00-09:30,50,0,1,34
2,2025-01-02,1,0,09:00-09:30,50,1,0,35
2,2025-01-02,1,0,09:00-09:30,50,1,0,36
2,2025-01-02,1,0,09:00-09:30,50,0,1,37
2,2025-01-02,1,0,09:00-09:30,50,0,1,38
2,2025-01-02,1,0,09:00-09:30,50,1,0,39
2,2025-01-02,1,0,09:00-09:30,50,1,0,40
2,2025-01-02,1,0,09:00-09:30,50,0,1,41
2,2025-01-02,1,0,09:00-09:30,50,1,0,42
2,2025-01-02,1,0,09:00-09:30,50,1,0,43
2,2025-01-02,1,0,09:00-09:30,50,1,0,44
2,2025-01-02,1,0,09:00-09:30,50,1,0,45
2,2025-01-02,1,0,09:00-09:30,50,1,0,46
2,2025-01-02,1,0,09:00-09:30,50,0,1,47
2,2025-01-02,1,0,09:00-09:30,50,1,0,48
2,2025-01-02,1,0,09:00-09:30,50,1,0,49
2,2025-01-02,1,0,09:00-09:30,50,0,1,50
2,2025-01-02,1,0,09:30-10:00,50,0,1,1
2,2025-01-02,1,0,09:30-10:00,50,0,1,2
2,2025-01-02,1,0,09:30-10:00,50,0,1,3
2,2025-01-02,1,0,09:30-10:00,50,1,0,4
2,2025-01-02,1,0,09:30-10:00,50,0,1,5
2,2025-01-02,1,0,09:30-10:00,50,1,0,6
2,2025-01-02,1,0,09:30-10:00,50,0,1,7
2,2025-01-02,1,0,09:30-10:00,50,1,0,8
2,2025-01-02,1,0,09:30-10:00,50,1,0,9
2,2025-01-02,1,0,09:30-10:00,50,1,0,10
2,2025-01-02,1,0,09:30-10:00,50,1,0,11
2,2025-01-02,1,0,09:30-10:00,50,0,1,12
2,2025-01-02,1,0,09:30-10:00,50,1,0,13
2,2025-01-02,1,0,09:30-10:00,50,1,0,14
2,2025-01-02,1,0,09:30-10:00,50,0,1,15
2,2025-01-02,1,0,09:30-10:00,50,1,0,16
2,2025-01-02,1,0,09:30-10:00,50,1,0,17
2,2025-01-02,1,0,09:30-10:00,50,0,1,18
2,2025-01-02,1,0,09:30-10:00,50,0,1,19
2,2025-01-02,1,0,09:30-10:00,50,0,1,20
2,2025-01-02,1,0,09:30-10:00,50,0,1,21
2,2025-01-02,1,0,09:30-10:00,50,0,1,22
2,2025-01-02,1,0,09:30-10:00,50,0,1,23
2,2025-01-02,1,0,09:30-10:00,50,0,1,24
2,2025-01-02,1,0,09:30-10:00,50,1,0,25
2,2025-01-02,1,0,09:30-10:00,50,1,0,26
2,2025-01-02,1,0,09:30-10:00,50,1,0,27
2,2025-01-02,1,0,09:30-10:00,50,0,1,28
2,2025-01-02,1,0,09:30-10:00,50,0,1,29
2,2025-01-02,1,0,09:30-10:00,50,0,1,30
2,2025-01-02,1,0,09:30-10:00,50,1,0,31
2,2025-01-02,1,0,09:30-10:00,50,0,1,32
2,2025-01-02,1,0,09:30-10:00,50,1,0,33
2,2025-01-02,1,0,09:30-10:00,50,0,1,34
2,2025-01-02,1,0,09:30-10:00,50,0,1,35
2,2025-01-02,1,0,09:30-10:00,50,1,0,36
2,2025-01-02,1,0,09:30-10:00,50,0,1,37
2,2025-01-02,1,0,09:30-10:00,50,1,0,38
2,2025-01-02,1,0,09:30-10:00,50,1,0,39
2,2025-01-02,1,0,09:30-10:00,50,1,0,40
2,2025-01-02,1,0,09:30-10:00,50,1,0,41
2,2025-01-02,1,0,09:30-10:00,50,0,1,42
2,2025-01-02,1,0,09:30-10:00,50,1,0,43
2,2025-01-02,1,0,09:30-10:00,50,0,1,44
2,2025-01-02,1,0,09:30-10:00,50,0,1,45
2,2025-01-02,1,0,09:30-10:00,50,0,1,46
2,2025-01-02,1,0,09:30-10:00,50,0,1,47
2,2025-01-02,1,0,09:30-10:00,50,1,0,48
2,2025-01-02,1,0,09:30-10:00,50,0,1,49
2,2025-01-02,1,0,09:30-10:00,50,0,1,50
2,2025-01-02,1,0,16:00-16:30,50,1,0,1
2,2025-01-02,1,0,16:00-16:30,50,0,1,2
2,2025-01-02,1,0,16:00-16:30,50,1,0,3
2,2025-01-02,1,0,16:00-16:30,50,1,0,4
2,2025-01-02,1,0,16:00-16:30,50,0,1,5
2,2025-01-02,1,0,16:00-16:30,50,0,1,6
2,2025-01-02,1,0,16:00-16:30,50,0,1,7
2,2025-01-02,1,0,16:00-16:30,50,0,1,8
2,2025-01-02,1,0,16:00-16:30,50,1,0,9
2,2025-01-02,1,0,16:00-16:30,50,1,0,10
2,2025-01-02,1,0,16:00-16:30,50,1,0,11
2,2025-01-02,1,0,16:00-16:30,50,0,1,12
2,2025-01-02,1,0,16:00-16:30,50,1,0,13
2,2025-01-02,1,0,16:00-16:30,50,1,0,14
2,2025-01-02,1,0,16:00-16:30,50,1,0,15
2,2025-01-02,1,0,16:00-16:30,50,1,0,16
2,2025-01-02,1,0,16:00-16:30,50,1,0,17
2,2025-01-02,1,0,16:00-16:30,50,0,1,18
2,2025-01-02,1,0,16:00-16:30,50,1,0,19
2,2025-01-02,1,0,16:00-16:30,50,1,0,20
2,2025-01-02,1,0,16:00-16:30,50,1,0,21
2,2025-01-02,1,0,16:00-16:30,50,0,1,22
2,2025-01-02,1,0,16:00-16:30,50,0,1,23
2,2025-01-02,1,0,16:00-16:30,50,0,1,24
2,2025-01-02,1,0,16:00-16:30,50,1,0,25
2,2025-01-02,1,0,16:00-16:30,50,1,0,26
2,2025-01-02,1,0,16:00-16:30,50,0,1,27
2,2025-01-02,1,0,16:00-16:30,50,1,0,28
2,2025-01-02,1,0,16:00-16:30,50,1,0,29
2,2025-01-02,1,0,16:00-16:30,50,0,1,30
2,2025-01-02,1,0,16:00-16:30,50,0,1,31
2,2025-01-02,1,0,16:00-16:30,50,1,0,32
2,2025-01-02,1,0,16:00-16:30,50,1,0,33
2,2025-01-02,1,0,16:00-16:30,50,0,1,34
2,2025-01-02,1,0,16:00-16:30,50,0,1,35
2,2025-01-02,1,0,16:00-16:30,50,0,1,36
2,2025-01-02,1,0,16:00-16:30,50,1,0,37
2,2025-01-02,1,0,16:00-16:30,50,0,1,38
2,2025-01-02,1,0,16:00-16:30,50,1,0,39
2,2025-01-02,1,0,16:00-16:30,50,1,0,40
2,2025-01-02,1,0,16:00-16:30,50,0,1,41
2,2025-01-02,1,0,16:00-16:30,50,1,0,42
2,2025-01-02,1,0,16:00-16:30,50,0,1,43
2,2025-01-02,1,0,16:00-16:30,50,1,0,44
2,2025-01-02,1,0,16:00-16:30,50,0,1,45
2,2025-01-02,1,0,16:00-16:30,50,0,1,46
2,2025-01-02,1,0,16:00-16:30,50,1,0,47
2,2025-01-02,1,0,16:00-16:30,50,0,1,48
2,2025-01-02,1,0,16:00-16:30,50,0,1,49
2,2025-01-02,1,0,16:00-16:30,50,1,0,50
2,2025-01-02,1,0,16:30-17:00,50,1,0,1
2,2025-01-02,1,0,16:30-17:00,50,1,0,2
2,2025-01-02,1,0,16:30-17:00,50,1,0,3
2,2025-01-02,1,0,16:30-17:00,50,1,0,4
2,2025-01-02,1,0,16:30-17:00,50,1,0,5
2,2025-01-02,1,0,16:30-17:00,50,1,0,6
2,2025-01-02,1,0,16:30-17:00,50,1,0,7
2,2025-01-02,1,0,16:30-17:00,50,0,1,8
2,2025-01-02,1,0,16:30-17:00,50,1,0,9
2,2025-01-02,1,0,16:30-17:00,50,0,1,10
2,2025-01-02,1,0,16:30-17:00,50,0,1,11
2,2025-01-02,1,0,16:30-17:00,50,1,0,12
2,2025-01-02,1,0,16:30-17:00,50,0,1,13
2,2025-01-02,1,0,16:30-17:00,50,1,0,14
2,2025-01-02,1,0,16:30-17:00,50,1,0,15
2,2025-01-02,1,0,16:30-17:00,50,0,1,16
2,2025-01-02,1,0,16:30-17:00,50,0,1,17
2,2025-01-02,1,0,16:30-17:00,50,0,1,18
2,2025-01-02,1,0,16:30-17:00,50,1,0,19
2,2025-01-02,1,0,16:30-17:00,50,1,0,20
2,2025-01-02,1,0,16:30-17:00,50,0,1,21
2,2025-01-02,1,0,16:30-17:00,50,0,1,22
2,2025-01-02,1,0,16:30-17:00,50,1,0,23
2,2025-01-02,1,0,16:30-17:00,50,0,1,24
2,2025-01-02,1,0,16:30-17:00,50,1,0,25
2,2025-01-02,1,0,16:30-17:00,50,1,0,26
2,2025-01-02,1,0,16:30-17:00,50,1,0,27
2,2025-01-02,1,0,16:30-17:00,50,1,0,28
2,2025-01-02,1,0,16:30-17:00,50,0,1,29
2,2025-01-02,1,0,16:30-17:00,50,0,1,30
2,2025-01-02,1,0,16:30-17:00,50,1,0,31
2,2025-01-02,1,0,16:30-17:00,50,0,1,32
2,2025-01-02,1,0,16:30-17:00,50,1,0,33
2,2025-01-02,1,0,16:30-17:00,50,0,1,34
2,2025-01-02,1,0,16:30-17:00,50,0,1,35
2,2025-01-02,1,0,16:30-17:00,50,1,0,36
2,2025-01-02,1,0,16:30-17:00,50,1,0,37
2,2025-01-02,1,0,16:30-17:00,50,1,0,38
2,2025-01-02,1,0,16:30-17:00,50,1,0,39
2,2025-01-02,1,0,16:30-17:00,50,0,1,40
2,2025-01-02,1,0,16:30-17:00,50,0,1,41
2,2025-01-02,1,0,16:30-17:00,50,1,0,42
2,2025-01-02,1,0,16:30-17:00,50,0,1,43
2,2025-01-02,1,0,16:30-17:00,50,1,0,44
2,2025-01-02,1,0,16:30-17:00,50,0,1,45
2,2025-01-02,1,0,16:30-17:00,50,1,0,46
2,2025-01-02,1,0,16:30-17:00,50,1,0,47
2,2025-01-02,1,0,16:30-17:00,50,0,1,48
2,2025-01-02,1,0,16:30-17:00,50,1,0,49
2,2025-01-02,1,0,16:30-17:00,50,0,1,50
2,2025-01-02,1,0,17:00-17:30,50,0,1,1
2,2025-01-02,1,0,17:00-17:30,50,0,1,2
2,2025-01-02,1,0,17:00-17:30,50,0,1,3
2,2025-01-02,1,0,17:00-17:30,50,1,0,4
2,2025-01-02,1,0,17:00-17:30,50,0,1,5
2,2025-01-02,1,0,17:00-17:30,50,1,0,6
2,2025-01-02,1,0,17:00-17:30,50,1,0,7
2,2025-01-02,1,0,17:00-17:30,50,0,1,8
2,2025-01-02,1,0,17:00-17:30,50,1,0,9
2,2025-01-02,1,0,17:00-17:30,50,0,1,10
2,2025-01-02,1,0,17:00-17:30,50,0,1,11
2,2025-01-02,1,0,17:00-17:30,50,0,1,12
2,2025-01-02,1,0,17:00-17:30,50,0,1,13
2,2025-01-02,1,0,17:00-17:30,50,1,0,14
2,2025-01-02,1,0,17:00-17:30,50,0,1,15
2,2025-01-02,1,0,17:00-17:30,50,1,0,16
2,2025-01-02,1,0,17:00-17:30,50,0,1,17
2,2025-01-02,1,0,17:00-17:30,50,1,0,18
2,2025-01-02,1,0,17:00-17:30,50,0,1,19
2,2025-01-02,1,0,17:00-17:30,50,1,0,20
2,2025-01-02,1,0,17:00-17:30,50,1,0,21
2,2025-01-02,1,0,17:00-17:30,50,1,0,22
2,2025-01-02,1,0,17:00-17:30,50,0,1,23
2,2025-01-02,1,0,17:00-17:30,50,0,1,24
2,2025-01-02,1,0,17:00-17:30,50,0,1,25
2,2025-01-02,1,0,17:00-17:30,50,1,0,26
2,2025-01-02,1,0,17:00-17:30,50,1,0,27
2,2025-01-02,1,0,17:00-17:30,50,1,0,28
2,2025-01-02,1,0,17:00-17:30,50,1,0,29
2,2025-01-02,1,0,17:00-17:30,50,0,1,30
2,2025-01-02,1,0,17:00-17:30,50,1,0,31
2,2025-01-02,1,0,17:00-17:30,50,0,1,32
2,2025-01-02,1,0,17:00-17:30,50,0,1,33
2,2025-01-02,1,0,17:00-17:30,50,1,0,34
2,2025-01-02,1,0,17:00-17:30,50,1,0,35
2,2025-01-02,1,0,17:00-17:30,50,1,0,36
2,2025-01-02,1,0,17:00-17:30,50,1,0,37
2,2025-01-02,1,0,17:00-17:30,50,1,0,38
2,2025-01-02,1,0,17:00-17:30,50,1,0,39
2,2025-01-02,1,0,17:00-17:30,50,1,0,40
2,2025-01-02,1,0,17:00-17:30,50,1,0,41
2,2025-01-02,1,0,17:00-17:30,50,1,0,42
2,2025-01-02,1,0,17:00-17:30,50,0,1,43
2,2025-01-02,1,0,17:00-17:30,50,1,0,44
2,2025-01-02,1,0,17:00-17:30,50,0,1,45
2,2025-01-02,1,0,17:00-17:30,50,0,1,46
2,2025-01-02,1,0,17:00-17:30,50,0,1,47
2,2025-01-02,1,0,17:00-17:30,50,1,0,48
2,2025-01-02,1,0,17:00-17:30,50,1,0,49
2,2025-01-02,1,0,17:00-17:30,50,1,0,50
2,2025-01-02,1,0,17:30-18:00,50,0,1,1
2,2025-01-02,1,0,17:30-18:00,50,1,0,2
2,2025-01-02,1,0,17:30-18:00,50,1,0,3
2,2025-01-02,1,0,17:30-18:00,50,0,1,4
2,2025-01-02,1,0,17:30-18:00,50,0,1,5
2,2025-01-02,1,0,17:30-18:00,50,1,0,6
2,2025-01-02,1,0,17:30-18:00,50,1,0,7
2,2025-01-02,1,0,17:30-18:00,50,0,1,8
2,2025-01-02,1,0,17:30-18:00,50,0,1,9
2,2025-01-02,1,0,17:30-18:00,50,0,1,10
2,2025-01-02,1,0,17:30-18:00,50,1,0,11
2,2025-01-02,1,0,17:30-18:00,50,0,1,12
2,2025-01-02,1,0,17:30-18:00,50,0,1,13
2,2025-01-02,1,0,17:30-18:00,50,0,1,14
2,2025-01-02,1,0,17:30-18:00,50,0,1,15
2,2025-01-02,1,0,17:30-18:00,50,1,0,16
2,2025-01-02,1,0,17:30-18:00,50,1,0,17
2,2025-01-02,1,0,17:30-18:00,50,1,0,18
2,2025-01-02,1,0,17:30-18:00,50,1,0,19
2,2025-01-02,1,0,17:30-18:00,50,1,0,20
2,2025-01-02,1,0,17:30-18:00,50,0,1,21
2,2025-01-02,1,0,17:30-18:00,50,0,1,22
2,2025-01-02,1,0,17:30-18:00,50,0,1,23
2,2025-01-02,1,0,17:30-18:00,50,0,1,24
2,2025-01-02,1,0,17:30-18:00,50,0,1,25
2,2025-01-02,1,0,17:30-18:00,50,1,0,26
2,2025-01-02,1,0,17:30-18:00,50,1,0,27
2,2025-01-02,1,0,17:30-18:00,50,1,0,28
2,2025-01-02,1,0,17:30-18:00,50,1,0,29
2,2025-01-02,1,0,17:30-18:00,50,1,0,30
2,2025-01-02,1,0,17:30-18:00,50,1,0,31
2,2025-01-02,1,0,17:30-18:00,50,0,1,32
2,2025-01-02,1,0,17:30-18:00,50,0,1,33
2,2025-01-02,1,0,17:30-18:00,50,0,1,34
2,2025-01-02,1,0,17:30-18:00,50,1,0,35
2,2025-01-02,1,0,17:30-18:00,50,1,0,36
2,2025-01-02,1,0,17:30-18:00,50,0,1,37
2,2025-01-02,1,0,17:30-18:00,50,0,1,38
2,2025-01-02,1,0,17:30-18:00,50,1,0,39
2,2025-01-02,1,0,17:30-18:00,50,1,0,40
2,2025-01-02,1,0,17:30-18:00,50,1,0,41
2,2025-01-02,1,0,17:30-18:00,50,1,0,42
2,2025-01-02,1,0,17:30-18:00,50,0,1,43
2,2025-01-02,1,0,17:30-18:00,50,1,0,44
2,2025-01-02,1,0,17:30-18:00,50,1,0,45
2,2025-01-02,1,0,17:30-18:00,50,0,1,46
2,2025-01-02,1,0,17:30-18:00,50,0,1,47
2,2025-01-02,1,0,17:30-18:00,50,1,0,48
2,2025-01-02,1,0,17:30-18:00,50,0,1,49
2,2025-01-02,1,0,17:30-18:00,50,0,1,50
2,2025-01-02,1,0,18:00-18:30,50,0,1,1
2,2025-01-02,1,0,18:00-18:30,50,0,1,2
2,2025-01-02,1,0,18:00-18:30,50,1,0,3
2,2025-01-02,1,0,18:00-18:30,50,0,1,4
2,2025-01-02,1,0,18:00-18:30,50,0,1,5
2,2025-01-02,1,0,18:00-18:30,50,1,0,6
2,2025-01-02,1,0,18:00-18:30,50,0,1,7
2,2025-01-02,1,0,18:00-18:30,50,0,1,8
2,2025-01-02,1,0,18:00-18:30,50,0,1,9
2,2025-01-02,1,0,18:00-18:30,50,1,0,10
2,2025-01-02,1,0,18:00-18:30,50,0,1,11
2,2025-01-02,1,0,18:00-18:30,50,1,0,12
2,2025-01-02,1,0,18:00-18:30,50,0,1,13
2,2025-01-02,1,0,18:00-18:30,50,1,0,14
2,2025-01-02,1,0,18:00-18:30,50,0,1,15
2,2025-01-02,1,0,18:00-18:30,50,0,1,16
2,2025-01-02,1,0,18:00-18:30,50,0,1,17
2,2025-01-02,1,0,18:00-18:30,50,0,1,18
2,2025-01-02,1,0,18:00-18:30,50,0,1,19
2,2025-01-02,1,0,18:00-18:30,50,0,1,20
2,2025-01-02,1,0,18:00-18:30,50,0,1,21
2,2025-01-02,1,0,18:00-18:30,50,0,1,22
2,2025-01-02,1,0,18:00-18:30,50,1,0,23
2,2025-01-02,1,0,18:00-18:30,50,1,0,24
2,2025-01-02,1,0,18:00-18:30,50,1,0,25
2,2025-01-02,1,0,18:00-18:30,50,0,1,26
2,2025-01-02,1,0,18:00-18:30,50,1,0,27
2,2025-01-02,1,0,18:00-18:30,50,1,0,28
2,2025-01-02,1,0,18:00-18:30,50,0,1,29
2,2025-01-02,1,0,18:00-18:30,50,1,0,30
2,2025-01-02,1,0,18:00-18:30,50,0,1,31
2,2025-01-02,1,0,18:00-18:30,50,0,1,32
2,2025-01-02,1,0,18:00-18:30,50,1,0,33
2,2025-01-02,1,0,18:00-18:30,50,1,0,34
2,2025-01-02,1,0,18:00-18:30,50,0,1,35
2,2025-01-02,1,0,18:00-18:30,50,1,0,36
2,2025-01-02,1,0,18:00-18:30,50,0,1,37
2,2025-01-02,1,0,18:00-18:30,50,0,1,38
2,2025-01-02,1,0,18:00-18:30,50,1,0,39
2,2025-01-02,1,0,18:00-18:30,50,0,1,40
2,2025-01-02,1,0,18:00-18:30,50,1,0,41
2,2025-01-02,1,0,18:00-18:30,50,1,0,42
2,2025-01-02,1,0,18:00-18:30,50,1,0,43
2,2025-01-02,1,0,18:00-18:30,50,1,0,44
2,2025-01-02,1,0,18:00-18:30,50,1,0,45
2,2025-01-02,1,0,18:00-18:30,50,0,1,46
2,2025-01-02,1,0,18:00-18:30,50,0,1,47
2,2025-01-02,1,0,18:00-18:30,50,0,1,48
2,2025-01-02,1,0,18:00-18:30,50,1,0,49
2,2025-01-02,1,0,18:00-18:30,50,0,1,50
2,2025-01-02,1,0,18:30-19:00,50,0,1,1
2,2025-01-02,1,0,18:30-19:00,50,0,1,2
2,2025-01-02,1,0,18:30-19:00,50,1,0,3
2,2025-01-02,1,0,18:30-19:00,50,0,1,4
2,2025-01-02,1,0,18:30-19:00,50,0,1,5
2,2025-01-02,1,0,18:30-19:00,50,0,1,6
2,2025-01-02,1,0,18:30-19:00,50,1,0,7
2,2025-01-02,1,0,18:30-19:00,50,0,1,8
2,2025-01-02,1,0,18:30-19:00,50,0,1,9
2,2025-01-02,1,0,18:30-19:00,50,1,0,10
2,2025-01-02,1,0,18:30-19:00,50,1,0,11
2,2025-01-02,1,0,18:30-19:00,50,0,1,12
2,2025-01-02,1,0,18:30-19:00,50,0,1,13
2,2025-01-02,1,0,18:30-19:00,50,1,0,14
2,2025-01-02,1,0,18:30-19:00,50,1,0,15
2,2025-01-02,1,0,18:30-19:00,50,1,0,16
2,2025-01-02,1,0,18:30-19:00,50,0,1,17
2,2025-01-02,1,0,18:30-19:00,50,0,1,18
2,2025-01-02,1,0,18:30-19:00,50,0,1,19
2,2025-01-02,1,0,18:30-19:00,50,0,1,20
2,2025-01-02,1,0,18:30-19:00,50,1,0,21
2,2025-01-02,1,0,18:30-19:00,50,0,1,22
2,2025-01-02,1,0,18:30-19:00,50,0,1,23
2,2025-01-02,1,0,18:30-19:00,50,0,1,24
2,2025-01-02,1,0,18:30-19:00,50,0,1,25
2,2025-01-02,1,0,18:30-19:00,50,0,1,26
2,2025-01-02,1,0,18:30-19:00,50,1,0,27
2,2025-01-02,1,0,18:30-19:00,50,1,0,28
2,2025-01-02,1,0,18:30-19:00,50,1,0,29
2,2025-01-02,1,0,18:30-19:00,50,1,0,30
2,2025-01-02,1,0,18:30-19:00,50,0,1,31
2,2025-01-02,1,0,18:30-19:00,50,0,1,32
2,2025-01-02,1,0,18:30-19:00,50,0,1,33
2,2025-01-02,1,0,18:30-19:00,50,1,0,34
2,2025-01-02,1,0,18:30-19:00,50,0,1,35
2,2025-01-02,1,0,18:30-19:00,50,0,1,36
2,2025-01-02,1,0,18:30-19:00,50,0,1,37
2,2025-01-02,1,0,18:30-19:00,50,0,1,38
2,2025-01-02,1,0,18:30-19:00,50,0,1,39
2,2025-01-02,1,0,18:30-19:00,50,0,1,40
2,2025-01-02,1,0,18:30-19:00,50,0,1,41
2,2025-01-02,1,0,18:30-19:00,50,0,1,42
2,2025-01-02,1,0,18:30-19:00,50,0,1,43
2,2025-01-02,1,0,18:30-19:00,50,1,0,44
2,2025-01-02,1,0,18:30-19:00,50,0,1,45
2,2025-01-02,1,0,18:30-19:00,50,1,0,46
2,2025-01-02,1,0,18:30-19:00,50,1,0,47
2,2025-01-02,1,0,18:30-19:00,50,0,1,48
2,2025-01-02,1,0,18:30-19:00,50,0,1,49
2,2025-01-02,1,0,18:30-19:00,50,0,1,50
3,2025-01-03,2,0,07:00-07:30,50,1,0,1
3,2025-01-03,2,0,07:00-07:30,50,1,0,2
3,2025-01-03,2,0,07:00-07:30,50,1,0,3
3,2025-01-03,2,0,07:00-07:30,50,1,0,4
3,2025-01-03,2,0,07:00-07:30,50,1,0,5
3,2025-01-03,2,0,07:00-07:30,50,0,1,6
3,2025-01-03,2,0,07:00-07:30,50,1,0,7
3,2025-01-03,2,0,07:00-07:30,50,1,0,8
3,2025-01-03,2,0,07:00-07:30,50,1,0,9
3,2025-01-03,2,0,07:00-07:30,50,1,0,10
3,2025-01-03,2,0,07:00-07:30,50,0,1,11
3,2025-01-03,2,0,07:00-07:30,50,1,0,12
3,2025-01-03,2,0,07:00-07:30,50,0,1,13
3,2025-01-03,2,0,07:00-07:30,50,1,0,14
3,2025-01-03,2,0,07:00-07:30,50,1,0,15
3,2025-01-03,2,0,07:00-07:30,50,1,0,16
3,2025-01-03,2,0,07:00-07:30,50,0,1,17
3,2025-01-03,2,0,07:00-07:30,50,1,0,18
3,2025-01-03,2,0,07:00-07:30,50,0,1,19
3,2025-01-03,2,0,07:00-07:30,50,1,0,20
3,2025-01-03,2,0,07:00-07:30,50,1,0,21
3,2025-01-03,2,0,07:00-07:30,50,1,0,22
3,2025-01-03,2,0,07:00-07:30,50,1,0,23
3,2025-01-03,2,0,07:00-07:30,50,1,0,24
3,2025-01-03,2,0,07:00-07:30,50,1,0,25
3,2025-01-03,2,0,07:00-07:30,50,1,0,26
3,2025-01-03,2,0,07:00-07:30,50,0,1,27
3,2025-01-03,2,0,07:00-07:30,50,1,0,28
3,2025-01-03,2,0,07:00-07:30,50,1,0,29
3,2025-01-03,2,0,07:00-07:30,50,1,0,30
3,2025-01-03,2,0,07:00-07:30,50,1,0,31
3,2025-01-03,2,0,07:00-07:30,50,0,1,32
3,2025-01-03,2,0,07:00-07:30,50,1,0,33
3,2025-01-03,2,0,07:00-07:30,50,1,0,34
3,2025-01-03,2,0,07:00-07:30,50,0,1,35
3,2025-01-03,2,0,07:00-07:30,50,1,0,36
3,2025-01-03,2,0,07:00-07:30,50,1,0,37
3,2025-01-03,2,0,07:00-07:30,50,1,0,38
3,2025-01-03,2,0,07:00-07:30,50,1,0,39
3,2025-01-03,2,0,07:00-07:30,50,0,1,40
3,2025-01-03,2,0,07:00-07:30,50,0,1,41
3,2025-01-03,2,0,07:00-07:30,50,1,0,42
3,2025-01-03,2,0,07:00-07:30,50,1,0,43
3,2025-01-03,2,0,07:00-07:30,50,1,0,44
3,2025-01-03,2,0,07:00-07:30,50,0,1,45
3,2025-01-03,2,0,07:00-07:30,50,1,0,46
3,2025-01-03,2,0,07:00-07:30,50,0,1,47
3,2025-01-03,2,0,07:00-07:30,50,1,0,48
3,2025-01-03,2,0,07:00-07:30,50,1,0,49
3,2025-01-03,2,0,07:00-07:30,50,1,0,50
3,2025-01-03,2,0,07:30-08:00,50,0,1,1
3,2025-01-03,2,0,07:30-08:00,50,0,1,2
3,2025-01-03,2,0,07:30-08:00,50,1,0,3
3,2025-01-03,2,0,07:30-08:00,50,1,0,4
3,2025-01-03,2,0,07:30-08:00,50,1,0,5
3,2025-01-03,2,0,07:30-08:00,50,0,1,6
3,2025-01-03,2,0,07:30-08:00,50,1,0,7
3,2025-01-03,2,0,07:30-08:00,50,1,0,8
3,2025-01-03,2,0,07:30-08:00,50,1,0,9
3,2025-01-03,2,0,07:30-08:00,50,1,0,10
3,2025-01-03,2,0,07:30-08:00,50,0,1,11
3,2025-01-03,2,0,07:30-08:00,50,1,0,12
3,2025-01-03,2,0,07:30-08:00,50,1,0,13
3,2025-01-03,2,0,07:30-08:00,50,1,0,14
3,2025-01-03,2,0,07:30-08:00,50,0,1,15
3,2025-01-03,2,0,07:30-08:00,50,1,0,16
3,2025-01-03,2,0,07:30-08:00,50,0,1,17
3,2025-01-03,2,0,07:30-08:00,50,1,0,18
3,2025-01-03,2,0,07:30-08:00,50,1,0,19
3,2025-01-03,2,0,07:30-08:00,50,1,0,20
3,2025-01-03,2,0,07:30-08:00,50,0,1,21
3,2025-01-03,2,0,07:30-08:00,50,1,0,22
3,2025-01-03,2,0,07:30-08:00,50,1,0,23
3,2025-01-03,2,0,07:30-08:00,50,0,1,24
3,2025-01-03,2,0,07:30-08:00,50,0,1,25
3,2025-01-03,2,0,07:30-08:00,50,0,1,26
3,2025-01-03,2,0,07:30-08:00,50,0,1,27
3,2025-01-03,2,0,07:30-08:00,50,1,0,28
3,2025-01-03,2,0,07:30-08:00,50,0,1,29
3,2025-01-03,2,0,07:30-08:00,50,1,0,30
3,2025-01-03,2,0,07:30-08:00,50,1,0,31
3,2025-01-03,2,0,07:30-08:00,50,1,0,32
3,2025-01-03,2,0,07:30-08:00,50,0,1,33
3,2025-01-03,2,0,07:30-08:00,50,0,1,34
3,2025-01-03,2,0,07:30-08:00,50,1,0,35
3,2025-01-03,2,0,07:30-08:00,50,0,1,36
3,2025-01-03,2,0,07:30-08:00,50,1,0,37
3,2025-01-03,2,0,07:30-08:00,50,1,0,38
3,2025-01-03,2,0,07:30-08:00,50,1,0,39
3,2025-01-03,2,0,07:30-08:00,50,1,0,40
3,2025-01-03,2,0,07:30-08:00,50,0,1,41
3,2025-01-03,2,0,07:30-08:00,50,1,0,42
3,2025-01-03,2,0,07:30-08:00,50,1,0,43
3,2025-01-03,2,0,07:30-08:00,50,1,0,44
3,2025-01-03,2,0,07:30-08:00,50,0,1,45
3,2025-01-03,2,0,07:30-08:00,50,0,1,46
3,2025-01-03,2,0,07:30-08:00,50,1,0,47
3,2025-01-03,2,0,07:30-08:00,50,0,1,48
3,2025-01-03,2,0,07:30-08:00,50,1,0,49
3,2025-01-03,2,0,07:30-08:00,50,0,1,50
3,2025-01-03,2,0,08:00-08:30,50,0,1,1
3,2025-01-03,2,0,08:00-08:30,50,1,0,2
3,2025-01-03,2,0,08:00-08:30,50,0,1,3
3,2025-01-03,2,0,08:00-08:30,50,1,0,4
3,2025-01-03,2,0,08:00-08:30,50,0,1,5
3,2025-01-03,2,0,08:00-08:30,50,1,0,6
3,2025-01-03,2,0,08:00-08:30,50,1,0,7
3,2025-01-03,2,0,08:00-08:30,50,0,1,8
3,2025-01-03,2,0,08:00-08:30,50,1,0,9
3,2025-01-03,2,0,08:00-08:30,50,1,0,10
3,2025-01-03,2,0,08:00-08:30,50,0,1,11
3,2025-01-03,2,0,08:00-08:30,50,0,1,12
3,2025-01-03,2,0,08:00-08:30,50,0,1,13
3,2025-01-03,2,0,08:00-08:30,50,1,0,14
3,2025-01-03,2,0,08:00-08:30,50,1,0,15
3,2025-01-03,2,0,08:00-08:30,50,0,1,16
3,2025-01-03,2,0,08:00-08:30,50,1,0,17
3,2025-01-03,2,0,08:00-08:30,50,0,1,18
3,2025-01-03,2,0,08:00-08:30,50,0,1,19
3,2025-01-03,2,0,08:00-08:30,50,1,0,20
3,2025-01-03,2,0,08:00-08:30,50,1,0,21
3,2025-01-03,2,0,08:00-08:30,50,1,0,22
3,2025-01-03,2,0,08:00-08:30,50,1,0,23
3,2025-01-03,2,0,08:00-08:30,50,1,0,24
3,2025-01-03,2,0,08:00-08:30,50,0,1,25
3,2025-01-03,2,0,08:00-08:30,50,0,1,26
3,2025-01-03,2,0,08:00-08:30,50,1,0,27
3,2025-01-03,2,0,08:00-08:30,50,1,0,28
3,2025-01-03,2,0,08:00-08:30,50,1,0,29
3,2025-01-03,2,0,08:00-08:30,50,0,1,30
3,2025-01-03,2,0,08:00-08:30,50,1,0,31
3,2025-01-03,2,0,08:00-08:30,50,0,1,32
3,2025-01-03,2,0,08:00-08:30,50,1,0,33
3,2025-01-03,2,0,08:00-08:30,50,0,1,34
3,2025-01-03,2,0,08:00-08:30,50,1,0,35
3,2025-01-03,2,0,08:00-08:30,50,1,0,36
3,2025-01-03,2,0,08:00-08:30,50,0,1,37
3,2025-01-03,2,0,08:00-08:30,50,1,0,38
3,2025-01-03,2,0,08:00-08:30,50,1,0,39
3,2025-01-03,2,0,08:00-08:30,50,1,0,40
3,2025-01-03,2,0,08:00-08:30,50,0,1,41
3,2025-01-03,2,0,08:00-08:30,50,1,0,42
3,2025-01-03,2,0,08:00-08:30,50,1,0,43
3,2025-01-03,2,0,08:00-08:30,50,0,1,44
3,2025-01-03,2,0,08:00-08:30,50,0,1,45
3,2025-01-03,2,0,08:00-08:30,50,1,0,46
3,2025-01-03,2,0,08:00-08:30,50,0,1,47
3,2025-01-03,2,0,08:00-08:30,50,0,1,48
3,2025-01-03,2,0,08:00-08:30,50,1,0,49
3,2025-01-03,2,0,08:00-08:30,50,1,0,50
3,2025-01-03,2,0,08:30-09:00,50,1,0,1
3,2025-01-03,2,0,08:30-09:00,50,1,0,2
3,2025-01-03,2,0,08:30-09:00,50,1,0,3
3,2025-01-03,2,0,08:30-09:00,50,1,0,4
3,2025-01-03,2,0,08:30-09:00,50,0,1,5
3,2025-01-03,2,0,08:30-09:00,50,0,1,6
3,2025-01-03,2,0,08:30-09:00,50,0,1,7
3,2025-01-03,2,0,08:30-09:00,50,1,0,8
3,2025-01-03,2,0,08:30-09:00,50,1,0,9
3,2025-01-03,2,0,08:30-09:00,50,1,0,10
3,2025-01-03,2,0,08:30-09:00,50,0,1,11
3,2025-01-03,2,0,08:30-09:00,50,1,0,12
3,2025-01-03,2,0,08:30-09:00,50,0,1,13
3,2025-01-03,2,0,08:30-09:00,50,0,1,14
3,2025-01-03,2,0,08:30-09:00,50,1,0,15
3,2025-01-03,2,0,08:30-09:00,50,0,1,16
3,2025-01-03,2,0,08:30-09:00,50,0,1,17
3,2025-01-03,2,0,08:30-09:00,50,0,1,18
3,2025-01-03,2,0,08:30-09:00,50,0,1,19
3,2025-01-03,2,0,08:30-09:00,50,0,1,20
3,2025-01-03,2,0,08:30-09:00,50,1,0,21
3,2025-01-03,2,0,08:30-09:00,50,0,1,22
3,2025-01-03,2,0,08:30-09:00,50,1,0,23
3,2025-01-03,2,0,08:30-09:00,50,1,0,24
3,2025-01-03,2,0,08:30-09:00,50,0,1,25
3,2025-01-03,2,0,08:30-09:00,50,0,1,26
3,2025-01-03,2,0,08:30-09:00,50,1,0,27
3,2025-01-03,2,0,08:30-09:00,50,0,1,28
3,2025-01-03,2,0,08:30-09:00,50,1,0,29
3,2025-01-03,2,0,08:30-09:00,50,0,1,30
3,2025-01-03,2,0,08:30-09:00,50,1,0,31
3,2025-01-03,2,0,08:30-09:00,50,1,0,32
3,2025-01-03,2,0,08:30-09:00,50,1,0,33
3,2025-01-03,2,0,08:30-09:00,50,1,0,34
3,2025-01-03,2,0,08:30-09:00,50,1,0,35
3,2025-01-03,2,0,08:30-09:00,50,0,1,36
3,2025-01-03,2,0,08:30-09:00,50,1,0,37
3,2025-01-03,2,0,08:30-09:00,50,1,0,38
3,2025-01-03,2,0,08:30-09:00,50,0,1,39
3,2025-01-03,2,0,08:30-09:00,50,0,1,40
3,2025-01-03,2,0,08:30-09:00,50,0,1,41
3,2025-01-03,2,0,08:30-09:00,50,0,1,42
3,2025-01-03,2,0,08:30-09:00,50,0,1,43
3,2025-01-03,2,0,08:30-09:00,50,1,0,44
3,2025-01-03,2,0,08:30-09:00,50,0,1,45
3,2025-01-03,2,0,08:30-09:00,50,0,1,46
3,2025-01-03,2,0,08:30-09:00,50,1,0,47
3,2025-01-03,2,0,08:30-09:00,50,0,1,48
3,2025-01-03,2,0,08:30-09:00,50,1,0,49
3,2025-01-03,2,0,08:30-09:00,50,1,0,50
3,2025-01-03,2,0,09:00-09:30,50,0,1,1
3,2025-01-03,2,0,09:00-09:30,50,1,0,2
3,2025-01-03,2,0,09:00-09:30,50,0,1,3
3,2025-01-03,2,0,09:00-09:30,50,1,0,4
3,2025-01-03,2,0,09:00-09:30,50,0,1,5
3,2025-01-03,2,0,09:00-09:30,50,1,0,6
3,2025-01-03,2,0,09:00-09:30,50,1,0,7
3,2025-01-03,2,0,09:00-09:30,50,1,0,8
3,2025-01-03,2,0,09:00-09:30,50,1,0,9
3,2025-01-03,2,0,09:00-09:30,50,0,1,10
3,2025-01-03,2,0,09:00-09:30,50,0,1,11
3,2025-01-03,2,0,09:00-09:30,50,1,0,12
3,2025-01-03,2,0,09:00-09:30,50,1,0,13
3,2025-01-03,2,0,09:00-09:30,50,1,0,14
3,2025-01-03,2,0,09:00-09:30,50,0,1,15
3,2025-01-03,2,0,09:00-09:30,50,0,1,16
3,2025-01-03,2,0,09:00-09:30,50,1,0,17
3,2025-01-03,2,0,09:00-09:30,50,1,0,18
3,2025-01-03,2,0,09:00-09:30,50,1,0,19
3,2025-01-03,2,0,09:00-09:30,50,1,0,20
3,2025-01-03,2,0,09:00-09:30,50,1,0,21
3,2025-01-03,2,0,09:00-09:30,50,0,1,22
3,2025-01-03,2,0,09:00-09:30,50,1,0,23
3,2025-01-03,2,0,09:00-09:30,50,1,0,24
3,2025-01-03,2,0,09:00-09:30,50,0,1,25
3,2025-01-03,2,0,09:00-09:30,50,0,1,26
3,2025-01-03,2,0,09:00-09:30,50,0,1,27
3,2025-01-03,2,0,09:00-09:30,50,0,1,28
3,2025-01-03,2,0,09:00-09:30,50,1,0,29
3,2025-01-03,2,0,09:00-09:30,50,0,1,30
3,2025-01-03,2,0,09:00-09:30,50,1,0,31
3,2025-01-03,2,0,09:00-09:30,50,0,1,32
3,2025-01-03,2,0,09:00-09:30,50,1,0,33
3,2025-01-03,2,0,09:00-09:30,50,1,0,34
3,2025-01-03,2,0,09:00-09:30,50,1,0,35
3,2025-01-03,2,0,09:00-09:30,50,1,0,36
3,2025-01-03,2,0,09:00-09:30,50,1,0,37
3,2025-01-03,2,0,09:00-09:30,50,1,0,38
3,2025-01-03,2,0,09:00-09:30,50,1,0,39
3,2025-01-03,2,0,09:00-09:30,50,1,0,40
3,2025-01-03,2,0,09:00-09:30,50,1,0,41
3,2025-01-03,2,0,09:00-09:30,50,0,1,42
3,2025-01-03,2,0,09:00-09:30,50,1,0,43
3,2025-01-03,2,0,09:00-09:30,50,1,0,44
3,2025-01-03,2,0,09:00-09:30,50,0,1,45
3,2025-01-03,2,0,09:00-09:30,50,1,0,46
3,2025-01-03,2,0,09:00-09:30,50,0,1,47
3,2025-01-03,2,0,09:00-09:30,50,0,1,48
3,2025-01-03,2,0,09:00-09:30,50,0,1,49
3,2025-01-03,2,0,09:00-09:30,50,1,0,50
3,2025-01-03,2,0,09:30-10:00,50,0,1,1
3,2025-01-03,2,0,09:30-10:00,50,1,0,2
3,2025-01-03,2,0,09:30-10:00,50,1,0,3
3,2025-01-03,2,0,09:30-10:00,50,0,1,4
3,2025-01-03,2,0,09:30-10:00,50,0,1,5
3,2025-01-03,2,0,09:30-10:00,50,1,0,6
3,2025-01-03,2,0,09:30-10:00,50,1,0,7
3,2025-01-03,2,0,09:30-10:00,50,0,1,8
3,2025-01-03,2,0,09:30-10:00,50,0,1,9
3,2025-01-03,2,0,09:30-10:00,50,0,1,10
3,2025-01-03,2,0,09:30-10:00,50,1,0,11
3,2025-01-03,2,0,09:30-10:00,50,0,1,12
3,2025-01-03,2,0,09:30-10:00,50,0,1,13
3,2025-01-03,2,0,09:30-10:00,50,0,1,14
3,2025-01-03,2,0,09:30-10:00,50,0,1,15
3,2025-01-03,2,0,09:30-10:00,50,0,1,16
3,2025-01-03,2,0,09:30-10:00,50,1,0,17
3,2025-01-03,2,0,09:30-10:00,50,0,1,18
3,2025-01-03,2,0,09:30-10:00,50,0,1,19
3,2025-01-03,2,0,09:30-10:00,50,1,0,20
3,2025-01-03,2,0,09:30-10:00,50,1,0,21
3,2025-01-03,2,0,09:30-10:00,50,0,1,22
3,2025-01-03,2,0,09:30-10:00,50,1,0,23
3,2025-01-03,2,0,09:30-10:00,50,1,0,24
3,2025-01-03,2,0,09:30-10:00,50,1,0,25
3,2025-01-03,2,0,09:30-10:00,50,0,1,26
3,2025-01-03,2,0,09:30-10:00,50,0,1,27
3,2025-01-03,2,0,09:30-10:00,50,1,0,28
3,2025-01-03,2,0,09:30-10:00,50,1,0,29
3,2025-01-03,2,0,09:30-10:00,50,1,0,30
3,2025-01-03,2,0,09:30-10:00,50,0,1,31
3,2025-01-03,2,0,09:30-10:00,50,1,0,32
3,2025-01-03,2,0,09:30-10:00,50,0,1,33
3,2025-01-03,2,0,09:30-10:00,50,0,1,34
3,2025-01-03,2,0,09:30-10:00,50,1,0,35
3,2025-01-03,2,0,09:30-10:00,50,0,1,36
3,2025-01-03,2,0,09:30-10:00,50,1,0,37
3,2025-01-03,2,0,09:30-10:00,50,1,0,38
3,2025-01-03,2,0,09:30-10:00,50,0,1,39
3,2025-01-03,2,0,09:30-10:00,50,0,1,40
3,2025-01-03,2,0,09:30-10:00,50,0,1,41
3,2025-01-03,2,0,09:30-10:00,50,0,1,42
3,2025-01-03,2,0,09:30-10:00,50,0,1,43
3,2025-01-03,2,0,09:30-10:00,50,0,1,44
3,2025-01-03,2,0,09:30-10:00,50,1,0,45
3,2025-01-03,2,0,09:30-10:00,50,1,0,46
3,2025-01-03,2,0,09:30-10:00,50,0,1,47
3,2025-01-03,2,0,09:30-10:00,50,0,1,48
3,2025-01-03,2,0,09:30-10:00,50,0,1,49
3,2025-01-03,2,0,09:30-10:00,50,0,1,50
3,2025-01-03,2,0,16:00-16:30,50,0,1,1
3,2025-01-03,2,0,16:00-16:30,50,1,0,2
3,2025-01-03,2,0,16:00-16:30,50,1,0,3
3,2025-01-03,2,0,16:00-16:30,50,1,0,4
3,2025-01-03,2,0,16:00-16:30,50,1,0,5
3,2025-01-03,2,0,16:00-16:30,50,0,1,6
3,2025-01-03,2,0,16:00-16:30,50,0,1,7
3,2025-01-03,2,0,16:00-16:30,50,0,1,8
3,2025-01-03,2,0,16:00-16:30,50,1,0,9
3,2025-01-03,2,0,16:00-16:30,50,0,1,10
3,2025-01-03,2,0,16:00-16:30,50,1,0,11
3,2025-01-03,2,0,16:00-16:30,50,1,0,12
3,2025-01-03,2,0,16:00-16:30,50,1,0,13
3,2025-01-03,2,0,16:00-16:30,50,0,1,14
3,2025-01-03,2,0,16:00-16:30,50,0,1,15
3,2025-01-03,2,0,16:00-16:30,50,1,0,16
3,2025-01-03,2,0,16:00-16:30,50,1,0,17
3,2025-01-03,2,0,16:00-16:30,50,1,0,18
3,2025-01-03,2,0,16:00-16:30,50,0,1,19
3,2025-01-03,2,0,16:00-16:30,50,0,1,20
3,2025-01-03,2,0,16:00-16:30,50,1,0,21
3,2025-01-03,2,0,16:00-16:30,50,1,0,22
3,2025-01-03,2,0,16:00-16:30,50,1,0,23
3,2025-01-03,2,0,16:00-16:30,50,1,0,24
3,2025-01-03,2,0,16:00-16:30,50,0,1,25
3,2025-01-03,2,0,16:00-16:30,50,1,0,26
3,2025-01-03,2,0,16:00-16:30,50,1,0,27
3,2025-01-03,2,0,16:00-16:30,50,1,0,28
3,2025-01-03,2,0,16:00-16:30,50,1,0,29
3,2025-01-03,2,0,16:00-16:30,50,0,1,30
3,2025-01-03,2,0,16:00-16:30,50,0,1,31
3,2025-01-03,2,0,16:00-16:30,50,1,0,32
3,2025-01-03,2,0,16:00-16:30,50,0,1,33
3,2025-01-03,2,0,16:00-16:30,50,0,1,34
3,2025-01-03,2,0,16:00-16:30,50,1,0,35
3,2025-01-03,2,0,16:00-16:30,50,0,1,36
3,2025-01-03,2,0,16:00-16:30,50,1,0,37
3,2025-01-03,2,0,16:00-16:30,50,1,0,38
3,2025-01-03,2,0,16:00-16:30,50,1,0,39
3,2025-01-03,2,0,16:00-16:30,50,1,0,40
3,2025-01-03,2,0,16:00-16:30,50,1,0,41
3,2025-01-03,2,0,16:00-16:30,50,0,1,42
3,2025-01-03,2,0,16:00-16:30,50,0,1,43
3,2025-01-03,2,0,16:00-16:30,50,0,1,44
3,2025-01-03,2,0,16:00-16:30,50,1,0,45
3,2025-01-03,2,0,16:00-16:30,50,0,1,46
3,2025-01-03,2,0,16:00-16:30,50,1,0,47
3,2025-01-03,2,0,16:00-16:30,50,0,1,48
3,2025-01-03,2,0,16:00-16:30,50,0,1,49
3,2025-01-03,2,0,16:00-16:30,50,0,1,50
3,2025-01-03,2,0,16:30-17:00,50,1,0,1
3,2025-01-03,2,0,16:30-17:00,50,1,0,2
3,2025-01-03,2,0,16:30-17:00,50,1,0,3
3,2025-01-03,2,0,16:30-17:00,50,0,1,4
3,2025-01-03,2,0,16:30-17:00,50,1,0,5
3,2025-01-03,2,0,16:30-17:00,50,1,0,6
3,2025-01-03,2,0,16:30-17:00,50,1,0,7
3,2025-01-03,2,0,16:30-17:00,50,0,1,8
3,2025-01-03,2,0,16:30-17:00,50,0,1,9
3,2025-01-03,2,0,16:30-17:00,50,0,1,10
3,2025-01-03,2,0,16:30-17:00,50,1,0,11
3,2025-01-03,2,0,16:30-17:00,50,0,1,12
3,2025-01-03,2,0,16:30-17:00,50,0,1,13
3,2025-01-03,2,0,16:30-17:00,50,1,0,14
3,2025-01-03,2,0,16:30-17:00,50,0,1,15
3,2025-01-03,2,0,16:30-17:00,50,0,1,16
3,2025-01-03,2,0,16:30-17:00,50,1,0,17
3,2025-01-03,2,0,16:30-17:00,50,1,0,18
3,2025-01-03,2,0,16:30-17:00,50,1,0,19
3,2025-01-03,2,0,16:30-17:00,50,1,0,20
3,2025-01-03,2,0,16:30-17:00,50,0,1,21
3,2025-01-03,2,0,16:30-17:00,50,0,1,22
3,2025-01-03,2,0,16:30-17:00,50,1,0,23
3,2025-01-03,2,0,16:30-17:00,50,0,1,24
3,2025-01-03,2,0,16:30-17:00,50,1,0,25
3,2025-01-03,2,0,16:30-17:00,50,1,0,26
3,2025-01-03,2,0,16:30-17:00,50,0,1,27
3,2025-01-03,2,0,16:30-17:00,50,1,0,28
3,2025-01-03,2,0,16:30-17:00,50,1,0,29
3,2025-01-03,2,0,16:30-17:00,50,1,0,30
3,2025-01-03,2,0,16:30-17:00,50,1,0,31
3,2025-01-03,2,0,16:30-17:00,50,0,1,32
3,2025-01-03,2,0,16:30-17:00,50,0,1,33
3,2025-01-03,2,0,16:30-17:00,50,1,0,34
3,2025-01-03,2,0,16:30-17:00,50,1,0,35
3,2025-01-03,2,0,16:30-17:00,50,0,1,36
3,2025-01-03,2,0,16:30-17:00,50,1,0,37
3,2025-01-03,2,0,16:30-17:00,50,0,1,38
3,2025-01-03,2,0,16:30-17:00,50,1,0,39
3,2025-01-03,2,0,16:30-17:00,50,0,1,40
3,2025-01-03,2,0,16:30-17:00,50,0,1,41
3,2025-01-03,2,0,16:30-17:00,50,0,1,42
3,2025-01-03,2,0,16:30-17:00,50,0,1,43
3,2025-01-03,2,0,16:30-17:00,50,0,1,44
3,2025-01-03,2,0,16:30-17:00,50,1,0,45
3,2025-01-03,2,0,16:30-17:00,50,1,0,46
3,2025-01-03,2,0,16:30-17:00,50,1,0,47
3,2025-01-03,2,0,16:30-17:00,50,0,1,48
3,2025-01-03,2,0,16:30-17:00,50,1,0,49
3,2025-01-03,2,0,16:30-17:00,50,1,0,50
3,2025-01-03,2,0,17:00-17:30,50,1,0,1
3,2025-01-03,2,0,17:00-17:30,50,1,0,2
3,2025-01-03,2,0,17:00-17:30,50,1,0,3
3,2025-01-03,2,0,17:00-17:30,50,1,0,4
3,2025-01-03,2,0,17:00-17:30,50,1,0,5
3,2025-01-03,2,0,17:00-17:30,50,0,1,6
3,2025-01-03,2,0,17:00-17:30,50,1,0,7
3,2025-01-03,2,0,17:00-17:30,50,1,0,8
3,2025-01-03,2,0,17:00-17:30,50,0,1,9
3,2025-01-03,2,0,17:00-17:30,50,1,0,10
3,2025-01-03,2,0,17:00-17:30,50,1,0,11
3,2025-01-03,2,0,17:00-17:30,50,0,1,12
3,2025-01-03,2,0,17:00-17:30,50,0,1,13
3,2025-01-03,2,0,17:00-17:30,50,0,1,14
3,2025-01-03,2,0,17:00-17:30,50,0,1,15
3,2025-01-03,2,0,17:00-17:30,50,1,0,16
3,2025-01-03,2,0,17:00-17:30,50,1,0,17
3,2025-01-03,2,0,17:00-17:30,50,1,0,18
3,2025-01-03,2,0,17:00-17:30,50,0,1,19
3,2025-01-03,2,0,17:00-17:30,50,1,0,20
3,2025-01-03,2,0,17:00-17:30,50,1,0,21
3,2025-01-03,2,0,17:00-17:30,50,0,1,22
3,2025-01-03,2,0,17:00-17:30,50,1,0,23
3,2025-01-03,2,0,17:00-17:30,50,0,1,24
3,2025-01-03,2,0,17:00-17:30,50,0,1,25
3,2025-01-03,2,0,17:00-17:30,50,1,0,26
3,2025-01-03,2,0,17:00-17:30,50,0,1,27
3,2025-01-03,2,0,17:00-17:30,50,0,1,28
3,2025-01-03,2,0,17:00-17:30,50,0,1,29
3,2025-01-03,2,0,17:00-17:30,50,1,0,30
3,2025-01-03,2,0,17:00-17:30,50,0,1,31
3,2025-01-03,2,0,17:00-17:30,50,0,1,32
3,2025-01-03,2,0,17:00-17:30,50,1,0,33
3,2025-01-03,2,0,17:00-17:30,50,1,0,34
3,2025-01-03,2,0,17:00-17:30,50,0,1,35
3,2025-01-03,2,0,17:00-17:30,50,1,0,36
3,2025-01-03,2,0,17:00-17:30,50,1,0,37
3,2025-01-03,2,0,17:00-17:30,50,1,0,38
3,2025-01-03,2,0,17:00-17:30,50,0,1,39
3,2025-01-03,2,0,17:00-17:30,50,1,0,40
3,2025-01-03,2,0,17:00-17:30,50,0,1,41
3,2025-01-03,2,0,17:00-17:30,50,0,1,42
3,2025-01-03,2,0,17:00-17:30,50,0,1,43
3,2025-01-03,2,0,17:00-17:30,50,1,0,44
3,2025-01-03,2,0,17:00-17:30,50,0,1,45
3,2025-01-03,2,0,17:00-17:30,50,1,0,46
3,2025-01-03,2,0,17:00-17:30,50,0,1,47
3,2025-01-03,2,0,17:00-17:30,50,1,0,48
3,2025-01-03,2,0,17:00-17:30,50,0,1,49
3,2025-01-03,2,0,17:00-17:30,50,0,1,50
3,2025-01-03,2,0,17:30-18:00,50,0,1,1
3,2025-01-03,2,0,17:30-18:00,50,0,1,2
3,2025-01-03,2,0,17:30-18:00,50,0,1,3
3,2025-01-03,2,0,17:30-18:00,50,0,1,4
3,2025-01-03,2,0,17:30-18:00,50,1,0,5
3,2025-01-03,2,0,17:30-18:00,50,0,1,6
3,2025-01-03,2,0,17:30-18:00,50,0,1,7
3,2025-01-03,2,0,17:30-18:00,50,1,0,8
3,2025-01-03,2,0,17:30-18:00,50,0,1,9
3,2025-01-03,2,0,17:30-18:00,50,1,0,10
3,2025-01-03,2,0,17:30-18:00,50,0,1,11
3,2025-01-03,2,0,17:30-18:00,50,1,0,12
3,2025-01-03,2,0,17:30-18:00,50,1,0,13
3,2025-01-03,2,0,17:30-18:00,50,1,0,14
3,2025-01-03,2,0,17:30-18:00,50,1,0,15
3,2025-01-03,2,0,17:30-18:00,50,0,1,16
3,2025-01-03,2,0,17:30-18:00,50,1,0,17
3,2025-01-03,2,0,17:30-18:00,50,0,1,18
3,2025-01-03,2,0,17:30-18:00,50,0,1,19
3,2025-01-03,2,0,17:30-18:00,50,0,1,20
3,2025-01-03,2,0,17:30-18:00,50,0,1,21
3,2025-01-03,2,0,17:30-18:00,50,0,1,22
3,2025-01-03,2,0,17:30-18:00,50,1,0,23
3,2025-01-03,2,0,17:30-18:00,50,1,0,24
3,2025-01-03,2,0,17:30-18:00,50,0,1,25
3,2025-01-03,2,0,17:30-18:00,50,0,1,26
3,2025-01-03,2,0,17:30-18:00,50,0,1,27
3,2025-01-03,2,0,17:30-18:00,50,1,0,28
3,2025-01-03,2,0,17:30-18:00,50,0,1,29
3,2025-01-03,2,0,17:30-18:00,50,1,0,30
3,2025-01-03,2,0,17:30-18:00,50,1,0,31
3,2025-01-03,2,0,17:30-18:00,50,0,1,32
3,2025-01-03,2,0,17:30-18:00,50,0,1,33
3,2025-01-03,2,0,17:30-18:00,50,0,1,34
3,2025-01-03,2,0,17:30-18:00,50,1,0,35
3,2025-01-03,2,0,17:30-18:00,50,1,0,36
3,2025-01-03,2,0,17:30-18:00,50,0,1,37
3,2025-01-03,2,0,17:30-18:00,50,0,1,38
3,2025-01-03,2,0,17:30-18:00,50,1,0,39
3,2025-01-03,2,0,17:30-18:00,50,0,1,40
3,2025-01-03,2,0,17:30-18:00,50,1,0,41
3,2025-01-03,2,0,17:30-18:00,50,0,1,42
3,2025-01-03,2,0,17:30-18:00,50,0,1,43
3,2025-01-03,2,0,17:30-18:00,50,0,1,44
3,2025-01-03,2,0,17:30-18:00,50,1,0,45
3,2025-01-03,2,0,17:30-18:00,50,1,0,46
3,2025-01-03,2,0,17:30-18:00,50,1,0,47
3,2025-01-03,2,0,17:30-18:00,50,1,0,48
3,2025-01-03,2,0,17:30-18:00,50,1,0,49
3,2025-01-03,2,0,17:30-18:00,50,0,1,50
3,2025-01-03,2,0,18:00-18:30,50,1,0,1
3,2025-01-03,2,0,18:00-18:30,50,1,0,2
3,2025-01-03,2,0,18:00-18:30,50,1,0,3
3,2025-01-03,2,0,18:00-18:30,50,1,0,4
3,2025-01-03,2,0,18:00-18:30,50,0,1,5
3,2025-01-03,2,0,18:00-18:30,50,0,1,6
3,2025-01-03,2,0,18:00-18:30,50,0,1,7
3,2025-01-03,2,0,18:00-18:30,50,0,1,8
3,2025-01-03,2,0,18:00-18:30,50,0,1,9
3,2025-01-03,2,0,18:00-18:30,50,1,0,10
3,2025-01-03,2,0,18:00-18:30,50,0,1,11
3,2025-01-03,2,0,18:00-18:30,50,1,0,12
3,2025-01-03,2,0,18:00-18:30,50,0,1,13
3,2025-01-03,2,0,18:00-18:30,50,0,1,14
3,2025-01-03,2,0,18:00-18:30,50,0,1,15
3,2025-01-03,2,0,18:00-18:30,50,1,0,16
3,2025-01-03,2,0,18:00-18:30,50,0,1,17
3,2025-01-03,2,0,18:00-18:30,50,0,1,18
3,2025-01-03,2,0,18:00-18:30,50,0,1,19
3,2025-01-03,2,0,18:00-18:30,50,0,1,20
3,2025-01-03,2,0,18:00-18:30,50,0,1,21
3,2025-01-03,2,0,18:00-18:30,50,0,1,22
3,2025-01-03,2,0,18:00-18:30,50,1,0,23
3,2025-01-03,2,0,18:00-18:30,50,0,1,24
3,2025-01-03,2,0,18:00-18:30,50,0,1,25
3,2025-01-03,2,0,18:00-18:30,50,1,0,26
3,2025-01-03,2,0,18:00-18:30,50,1,0,27
3,2025-01-03,2,0,18:00-18:30,50,0,1,28
3,2025-01-03,2,0,18:00-18:30,50,1,0,29
3,2025-01-03,2,0,18:00-18:30,50,0,1,30
3,2025-01-03,2,0,18:00-18:30,50,0,1,31
3,2025-01-03,2,0,18:00-18:30,50,0,1,32
3,2025-01-03,2,0,18:00-18:30,50,0,1,33
3,2025-01-03,2,0,18:00-18:30,50,1,0,34
3,2025-01-03,2,0,18:00-18:30,50,0,1,35
3,2025-01-03,2,0,18:00-18:30,50,1,0,36
3,2025-01-03,2,0,18:00-18:30,50,1,0,37
3,2025-01-03,2,0,18:00-18:30,50,0,1,38
3,2025-01-03,2,0,18:00-18:30,50,1,0,39
3,2025-01-03,2,0,18:00-18:30,50,1,0,40
3,2025-01-03,2,0,18:00-18:30,50,0,1,41
3,2025-01-03,2,0,18:00-18:30,50,0,1,42
3,2025-01-03,2,0,18:00-18:30,50,0,1,43
3,2025-01-03,2,0,18:00-18:30,50,1,0,44
3,2025-01-03,2,0,18:00-18:30,50,0,1,45
3,2025-01-03,2,0,18:00-18:30,50,1,0,46
3,2025-01-03,2,0,18:00-18:30,50,0,1,47
3,2025-01-03,2,0,18:00-18:30,50,1,0,48
3,2025-01-03,2,0,18:00-18:30,50,0,1,49
3,2025-01-03,2,0,18:00-18:30,50,1,0,50
3,2025-01-03,2,0,18:30-19:00,50,0,1,1
3,2025-01-03,2,0,18:30-19:00,50,1,0,2
3,2025-01-03,2,0,18:30-19:00,50,0,1,3
3,2025-01-03,2,0,18:30-19:00,50,0,1,4
3,2025-01-03,2,0,18:30-19:00,50,1,0,5
3,2025-01-03,2,0,18:30-19:00,50,0,1,6
3,2025-01-03,2,0,18:30-19:00,50,1,0,7
3,2025-01-03,2,0,18:30-19:00,50,0,1,8
3,2025-01-03,2,0,18:30-19:00,50,1,0,9
3,2025-01-03,2,0,18:30-19:00,50,1,0,10
3,2025-01-03,2,0,18:30-19:00,50,0,1,11
3,2025-01-03,2,0,18:30-19:00,50,0,1,12
3,2025-01-03,2,0,18:30-19:00,50,1,0,13
3,2025-01-03,2,0,18:30-19:00,50,0,1,14
3,2025-01-03,2,0,18:30-19:00,50,0,1,15
3,2025-01-03,2,0,18:30-19:00,50,0,1,16
3,2025-01-03,2,0,18:30-19:00,50,1,0,17
3,2025-01-03,2,0,18:30-19:00,50,0,1,18
3,2025-01-03,2,0,18:30-19:00,50,1,0,19
3,2025-01-03,2,0,18:30-19:00,50,0,1,20
3,2025-01-03,2,0,18:30-19:00,50,0,1,21
3,2025-01-03,2,0,18:30-19:00,50,0,1,22
3,2025-01-03,2,0,18:30-19:00,50,0,1,23
3,2025-01-03,2,0,18:30-19:00,50,0,1,24
3,2025-01-03,2,0,18:30-19:00,50,1,0,25
3,2025-01-03,2,0,18:30-19:00,50,0,1,26
3,2025-01-03,2,0,18:30-19:00,50,0,1,27
3,2025-01-03,2,0,18:30-19:00,50,0,1,28
3,2025-01-03,2,0,18:30-19:00,50,0,1,29
3,2025-01-03,2,0,18:30-19:00,50,0,1,30
3,2025-01-03,2,0,18:30-19:00,50,1,0,31
3,2025-01-03,2,0,18:30-19:00,50,1,0,32
3,2025-01-03,2,0,18:30-19:00,50,0,1,33
3,2025-01-03,2,0,18:30-19:00,50,1,0,34
3,2025-01-03,2,0,18:30-19:00,50,0,1,35
3,2025-01-03,2,0,18:30-19:00,50,1,0,36
3,2025-01-03,2,0,18:30-19:00,50,0,1,37
3,2025-01-03,2,0,18:30-19:00,50,0,1,38
3,2025-01-03,2,0,18:30-19:00,50,0,1,39
3,2025-01-03,2,0,18:30-19:00,50,1,0,40
3,2025-01-03,2,0,18:30-19:00,50,0,1,41
3,2025-01-03,2,0,18:30-19:00,50,0,1,42
3,2025-01-03,2,0,18:30-19:00,50,0,1,43
3,2025-01-03,2,0,18:30-19:00,50,0,1,44
3,2025-01-03,2,0,18:30-19:00,50,1,0,45
3,2025-01-03,2,0,18:30-19:00,50,0,1,46
3,2025-01-03,2,0,18:30-19:00,50,0,1,47
3,2025-01-03,2,0,18:30-19:00,50,1,0,48
3,2025-01-03,2,0,18:30-19:00,50,1,0,49
3,2025-01-03,2,0,18:30-19:00,50,0,1,50
4,2025-01-04,3,0,07:00-07:30,50,0,1,1
4,2025-01-04,3,0,07:00-07:30,50,1,0,2
4,2025-01-04,3,0,07:00-07:30,50,0,1,3
4,2025-01-04,3,0,07:00-07:30,50,1,0,4
4,2025-01-04,3,0,07:00-07:30,50,0,1,5
4,2025-01-04,3,0,07:00-07:30,50,1,0,6
4,2025-01-04,3,0,07:00-07:30,50,1,0,7
4,2025-01-04,3,0,07:00-07:30,50,1,0,8
4,2025-01-04,3,0,07:00-07:30,50,1,0,9
4,2025-01-04,3,0,07:00-07:30,50,1,0,10
4,2025-01-04,3,0,07:00-07:30,50,0,1,11
4,2025-01-04,3,0,07:00-07:30,50,1,0,12
4,2025-01-04,3,0,07:00-07:30,50,0,1,13
4,2025-01-04,3,0,07:00-07:30,50,1,0,14
4,2025-01-04,3,0,07:00-07:30,50,0,1,15
4,2025-01-04,3,0,07:00-07:30,50,1,0,16
4,2025-01-04,3,0,07:00-07:30,50,1,0,17
4,2025-01-04,3,0,07:00-07:30,50,0,1,18
4,2025-01-04,3,0,07:00-07:30,50,1,0,19
4,2025-01-04,3,0,07:00-07:30,50,1,0,20
4,2025-01-04,3,0,07:00-07:30,50,1,0,21
4,2025-01-04,3,0,07:00-07:30,50,1,0,22
4,2025-01-04,3,0,07:00-07:30,50,0,1,23
4,2025-01-04,3,0,07:00-07:30,50,1,0,24
4,2025-01-04,3,0,07:00-07:30,50,1,0,25
4,2025-01-04,3,0,07:00-07:30,50,1,0,26
4,2025-01-04,3,0,07:00-07:30,50,0,1,27
4,2025-01-04,3,0,07:00-07:30,50,1,0,28
4,2025-01-04,3,0,07:00-07:30,50,1,0,29
4,2025-01-04,3,0,07:00-07:30,50,1,0,30
4,2025-01-04,3,0,07:00-07:30,50,0,1,31
4,2025-01-04,3,0,07:00-07:30,50,1,0,32
4,2025-01-04,3,0,07:00-07:30,50,1,0,33
4,2025-01-04,3,0,07:00-07:30,50,1,0,34
4,2025-01-04,3,0,07:00-07:30,50,0,1,35
4,2025-01-04,3,0,07:00-07:30,50,0,1,36
4,2025-01-04,3,0,07:00-07:30,50,0,1,37
4,2025-01-04,3,0,07:00-07:30,50,1,0,38
4,2025-01-04,3,0,07:00-07:30,50,1,0,39
4,2025-01-04,3,0,07:00-07:30,50,1,0,40
4,2025-01-04,3,0,07:00-07:30,50,1,0,41
4,2025-01-04,3,0,07:00-07:30,50,1,0,42
4,2025-01-04,3,0,07:00-07:30,50,1,0,43
4,2025-01-04,3,0,07:00-07:30,50,1,0,44
4,2025-01-04,3,0,07:00-07:30,50,1,0,45
4,2025-01-04,3,0,07:00-07:30,50,1,0,46
4,2025-01-04,3,0,07:00-07:30,50,0,1,47
4,2025-01-04,3,0,07:00-07:30,50,1,0,48
4,2025-01-04,3,0,07:00-07:30,50,1,0,49
4,2025-01-04,3,0,07:00-07:30,50,1,0,50
4,2025-01-04,3,0,07:30-08:00,50,1,0,1
4,2025-01-04,3,0,07:30-08:00,50,1,0,2
4,2025-01-04,3,0,07:30-08:00,50,1,0,3
4,2025-01-04,3,0,07:30-08:00,50,0,1,4
4,2025-01-04,3,0,07:30-08:00,50,0,1,5
4,2025-01-04,3,0,07:30-08:00,50,0,1,6
4,2025-01-04,3,0,07:30-08:00,50,1,0,7
4,2025-01-04,3,0,07:30-08:00,50,1,0,8
4,2025-01-04,3,0,07:30-08:00,50,1,0,9
4,2025-01-04,3,0,07:30-08:00,50,1,0,10
4,2025-01-04,3,0,07:30-08:00,50,1,0,11
4,2025-01-04,3,0,07:30-08:00,50,0,1,12
4,2025-01-04,3,0,07:30-08:00,50,1,0,13
4,2025-01-04,3,0,07:30-08:00,50,0,1,14
4,2025-01-04,3,0,07:30-08:00,50,1,0,15
4,2025-01-04,3,0,07:30-08:00,50,1,0,16
4,2025-01-04,3,0,07:30-08:00,50,1,0,17
4,2025-01-04,3,0,07:30-08:00,50,1,0,18
4,2025-01-04,3,0,07:30-08:00,50,1,0,19
4,2025-01-04,3,0,07:30-08:00,50,1,0,20
4,2025-01-04,3,0,07:30-08:00,50,1,0,21
4,2025-01-04,3,0,07:30-08:00,50,1,0,22
4,2025-01-04,3,0,07:30-08:00,50,1,0,23
4,2025-01-04,3,0,07:30-08:00,50,1,0,24
4,2025-01-04,3,0,07:30-08:00,50,1,0,25
4,2025-01-04,3,0,07:30-08:00,50,1,0,26
4,2025-01-04,3,0,07:30-08:00,50,1,0,27
4,2025-01-04,3,0,07:30-08:00,50,1,0,28
4,2025-01-04,3,0,07:30-08:00,50,0,1,29
4,2025-01-04,3,0,07:30-08:00,50,1,0,30
4,2025-01-04,3,0,07:30-08:00,50,1,0,31
4,2025-01-04,3,0,07:30-08:00,50,1,0,32
4,2025-01-04,3,0,07:30-08:00,50,0,1,33
4,2025-01-04,3,0,07:30-08:00,50,1,0,34
4,2025-01-04,3,0,07:30-08:00,50,1,0,35
4,2025-01-04,3,0,07:30-08:00,50,0,1,36
4,2025-01-04,3,0,07:30-08:00,50,1,0,37
4,2025-01-04,3,0,07:30-08:00,50,0,1,38
4,2025-01-04,3,0,07:30-08:00,50,1,0,39
4,2025-01-04,3,0,07:30-08:00,50,1,0,40
4,2025-01-04,3,0,07:30-08:00,50,0,1,41
4,2025-01-04,3,0,07:30-08:00,50,1,0,42
4,2025-01-04,3,0,07:30-08:00,50,1,0,43
4,2025-01-04,3,0,07:30-08:00,50,0,1,44
4,2025-01-04,3,0,07:30-08:00,50,0,1,45
4,2025-01-04,3,0,07:30-08:00,50,1,0,46
4,2025-01-04,3,0,07:30-08:00,50,0,1,47
4,2025-01-04,3,0,07:30-08:00,50,0,1,48
4,2025-01-04,3,0,07:30-08:00,50,1,0,49
4,2025-01-04,3,0,07:30-08:00,50,1,0,50
4,2025-01-04,3,0,08:00-08:30,50,1,0,1
4,2025-01-04,3,0,08:00-08:30,50,1,0,2
4,2025-01-04,3,0,08:00-08:30,50,1,0,3
4,2025-01-04,3,0,08:00-08:30,50,0,1,4
4,2025-01-04,3,0,08:00-08:30,50,0,1,5
4,2025-01-04,3,0,08:00-08:30,50,1,0,6
4,2025-01-04,3,0,08:00-08:30,50,1,0,7
4,2025-01-04,3,0,08:00-08:30,50,1,0,8
4,2025-01-04,3,0,08:00-08:30,50,1,0,9
4,2025-01-04,3,0,08:00-08:30,50,1,0,10
4,2025-01-04,3,0,08:00-08:30,50,1,0,11
4,2025-01-04,3,0,08:00-08:30,50,0,1,12
4,2025-01-04,3,0,08:00-08:30,50,0,1,13
4,2025-01-04,3,0,08:00-08:30,50,1,0,14
4,2025-01-04,3,0,08:00-08:30,50,0,1,15
4,2025-01-04,3,0,08:00-08:30,50,0,1,16
4,2025-01-04,3,0,08:00-08:30,50,1,0,17
4,2025-01-04,3,0,08:00-08:30,50,0,1,18
4,2025-01-04,3,0,08:00-08:30,50,1,0,19
4,2025-01-04,3,0,08:00-08:30,50,0,1,20
4,2025-01-04,3,0,08:00-08:30,50,0,1,21
4,2025-01-04,3,0,08:00-08:30,50,0,1,22
4,2025-01-04,3,0,08:00-08:30,50,1,0,23
4,2025-01-04,3,0,08:00-08:30,50,0,1,24
4,2025-01-04,3,0,08:00-08:30,50,0,1,25
4,2025-01-04,3,0,08:00-08:30,50,0,1,26
4,2025-01-04,3,0,08:00-08:30,50,1,0,27
4,2025-01-04,3,0,08:00-08:30,50,1,0,28
4,2025-01-04,3,0,08:00-08:30,50,1,0,29
4,2025-01-04,3,0,08:00-08:30,50,1,0,30
4,2025-01-04,3,0,08:00-08:30,50,0,1,31
4,2025-01-04,3,0,08:00-08:30,50,1,0,32
4,2025-01-04,3,0,08:00-08:30,50,1,0,33
4,2025-01-04,3,0,08:00-08:30,50,0,1,34
4,2025-01-04,3,0,08:00-08:30,50,1,0,35
4,2025-01-04,3,0,08:00-08:30,50,1,0,36
4,2025-01-04,3,0,08:00-08:30,50,1,0,37
4,2025-01-04,3,0,08:00-08:30,50,1,0,38
4,2025-01-04,3,0,08:00-08:30,50,1,0,39
4,2025-01-04,3,0,08:00-08:30,50,1,0,40
4,2025-01-04,3,0,08:00-08:30,50,1,0,41
4,2025-01-04,3,0,08:00-08:30,50,1,0,42
4,2025-01-04,3,0,08:00-08:30,50,1,0,43
4,2025-01-04,3,0,08:00-08:30,50,1,0,44
4,2025-01-04,3,0,08:00-08:30,50,0,1,45
4,2025-01-04,3,0,08:00-08:30,50,0,1,46
4,2025-01-04,3,0,08:00-08:30,50,1,0,47
4,2025-01-04,3,0,08:00-08:30,50,1,0,48
4,2025-01-04,3,0,08:00-08:30,50,0,1,49
4,2025-01-04,3,0,08:00-08:30,50,1,0,50
4,2025-01-04,3,0,08:30-09:00,50,0,1,1
4,2025-01-04,3,0,08:30-09:00,50,1,0,2
4,2025-01-04,3,0,08:30-09:00,50,1,0,3
4,2025-01-04,3,0,08:30-09:00,50,1,0,4
4,2025-01-04,3,0,08:30-09:00,50,1,0,5
4,2025-01-04,3,0,08:30-09:00,50,1,0,6
4,2025-01-04,3,0,08:30-09:00,50,1,0,7
4,2025-01-04,3,0,08:30-09:00,50,1,0,8
4,2025-01-04,3,0,08:30-09:00,50,1,0,9
4,2025-01-04,3,0,08:30-09:00,50,1,0,10
4,2025-01-04,3,0,08:30-09:00,50,1,0,11
4,2025-01-04,3,0,08:30-09:00,50,1,0,12
4,2025-01-04,3,0,08:30-09:00,50,1,0,13
4,2025-01-04,3,0,08:30-09:00,50,1,0,14
4,2025-01-04,3,0,08:30-09:00,50,1,0,15
4,2025-01-04,3,0,08:30-09:00,50,0,1,16
4,2025-01-04,3,0,08:30-09:00,50,1,0,17
4,2025-01-04,3,0,08:30-09:00,50,0,1,18
4,2025-01-04,3,0,08:30-09:00,50,1,0,19
4,2025-01-04,3,0,08:30-09:00,50,0,1,20
4,2025-01-04,3,0,08:30-09:00,50,1,0,21
4,2025-01-04,3,0,08:30-09:00,50,1,0,22
4,2025-01-04,3,0,08:30-09:00,50,1,0,23
4,2025-01-04,3,0,08:30-09:00,50,0,1,24
4,2025-01-04,3,0,08:30-09:00,50,1,0,25
4,2025-01-04,3,0,08:30-09:00,50,0,1,26
4,2025-01-04,3,0,08:30-09:00,50,0,1,27
4,2025-01-04,3,0,08:30-09:00,50,1,0,28
4,2025-01-04,3,0,08:30-09:00,50,1,0,29
4,2025-01-04,3,0,08:30-09:00,50,1,0,30
4,2025-01-04,3,0,08:30-09:00,50,0,1,31
4,2025-01-04,3,0,08:30-09:00,50,1,0,32
4,2025-01-04,3,0,08:30-09:00,50,1,0,33
4,2025-01-04,3,0,08:30-09:00,50,1,0,34
4,2025-01-04,3,0,08:30-09:00,50,0,1,35
4,2025-01-04,3,0,08:30-09:00,50,0,1,36
4,2025-01-04,3,0,08:30-09:00,50,0,1,37
4,2025-01-04,3,0,08:30-09:00,50,0,1,38
4,2025-01-04,3,0,08:30-09:00,50,0,1,39
4,2025-01-04,3,0,08:30-09:00,50,0,1,40
4,2025-01-04,3,0,08:30-09:00,50,1,0,41
4,2025-01-04,3,0,08:30-09:00,50,1,0,42
4,2025-01-04,3,0,08:30-09:00,50,1,0,43
4,2025-01-04,3,0,08:30-09:00,50,1,0,44
4,2025-01-04,3,0,08:30-09:00,50,0,1,45
4,2025-01-04,3,0,08:30-09:00,50,0,1,46
4,2025-01-04,3,0,08:30-09:00,50,1,0,47
4,2025-01-04,3,0,08:30-09:00,50,1,0,48
4,2025-01-04,3,0,08:30-09:00,50,1,0,49
4,2025-01-04,3,0,08:30-09:00,50,1,0,50
4,2025-01-04,3,0,09:00-09:30,50,0,1,1
4,2025-01-04,3,0,09:00-09:30,50,1,0,2
4,2025-01-04,3,0,09:00-09:30,50,1,0,3
4,2025-01-04,3,0,09:00-09:30,50,1,0,4
4,2025-01-04,3,0,09:00-09:30,50,0,1,5
4,2025-01-04,3,0,09:00-09:30,50,1,0,6
4,2025-01-04,3,0,09:00-09:30,50,1,0,7
4,2025-01-04,3,0,09:00-09:30,50,1,0,8
4,2025-01-04,3,0,09:00-09:30,50,0,1,9
4,2025-01-04,3,0,09:00-09:30,50,1,0,10
4,2025-01-04,3,0,09:00-09:30,50,0,1,11
4,2025-01-04,3,0,09:00-09:30,50,0,1,12
4,2025-01-04,3,0,09:00-09:30,50,1,0,13
4,2025-01-04,3,0,09:00-09:30,50,1,0,14
4,2025-01-04,3,0,09:00-09:30,50,0,1,15
4,2025-01-04,3,0,09:00-09:30,50,0,1,16
4,2025-01-04,3,0,09:00-09:30,50,1,0,17
4,2025-01-04,3,0,09:00-09:30,50,1,0,18
4,2025-01-04,3,0,09:00-09:30,50,1,0,19
4,2025-01-04,3,0,09:00-09:30,50,1,0,20
4,2025-01-04,3,0,09:00-09:30,50,1,0,21
4,2025-01-04,3,0,09:00-09:30,50,0,1,22
4,2025-01-04,3,0,09:00-09:30,50,0,1,23
4,2025-01-04,3,0,09:00-09:30,50,1,0,24
4,2025-01-04,3,0,09:00-09:30,50,1,0,25
4,2025-01-04,3,0,09:00-09:30,50,0,1,26
4,2025-01-04,3,0,09:00-09:30,50,0,1,27
4,2025-01-04,3,0,09:00-09:30,50,1,0,28
4,2025-01-04,3,0,09:00-09:30,50,1,0,29
4,2025-01-04,3,0,09:00-09:30,50,1,0,30
4,2025-01-04,3,0,09:00-09:30,50,1,0,31
4,2025-01-04,3,0,09:00-09:30,50,0,1,32
4,2025-01-04,3,0,09:00-09:30,50,1,0,33
4,2025-01-04,3,0,09:00-09:30,50,1,0,34
4,2025-01-04,3,0,09:00-09:30,50,0,1,35
4,2025-01-04,3,0,09:00-09:30,50,1,0,36
4,2025-01-04,3,0,09:00-09:30,50,0,1,37
4,2025-01-04,3,0,09:00-09:30,50,0,1,38
4,2025-01-04,3,0,09:00-09:30,50,0,1,39
4,2025-01-04,3,0,09:00-09:30,50,0,1,40
4,2025-01-04,3,0,09:00-09:30,50,0,1,41
4,2025-01-04,3,0,09:00-09:30,50,1,0,42
4,2025-01-04,3,0,09:00-09:30,50,0,1,43
4,2025-01-04,3,0,09:00-09:30,50,1,0,44
4,2025-01-04,3,0,09:00-09:30,50,1,0,45
4,2025-01-04,3,0,09:00-09:30,50,0,1,46
4,2025-01-04,3,0,09:00-09:30,50,0,1,47
4,2025-01-04,3,0,09:00-09:30,50,0,1,48
4,2025-01-04,3,0,09:00-09:30,50,0,1,49
4,2025-01-04,3,0,09:00-09:30,50,1,0,50
4,2025-01-04,3,0,09:30-10:00,50,0,1,1
4,2025-01-04,3,0,09:30-10:00,50,1,0,2
4,2025-01-04,3,0,09:30-10:00,50,0,1,3
4,2025-01-04,3,0,09:30-10:00,50,0,1,4
4,2025-01-04,3,0,09:30-10:00,50,0,1,5
4,2025-01-04,3,0,09:30-10:00,50,0,1,6
4,2025-01-04,3,0,09:30-10:00,50,0,1,7
4,2025-01-04,3,0,09:30-10:00,50,0,1,8
4,2025-01-04,3,0,09:30-10:00,50,0,1,9
4,2025-01-04,3,0,09:30-10:00,50,0,1,10
4,2025-01-04,3,0,09:30-10:00,50,0,1,11
4,2025-01-04,3,0,09:30-10:00,50,0,1,12
4,2025-01-04,3,0,09:30-10:00,50,0,1,13
4,2025-01-04,3,0,09:30-10:00,50,0,1,14
4,2025-01-04,3,0,09:30-10:00,50,0,1,15
4,2025-01-04,3,0,09:30-10:00,50,1,0,16
4,2025-01-04,3,0,09:30-10:00,50,0,1,17
4,2025-01-04,3,0,09:30-10:00,50,1,0,18
4,2025-01-04,3,0,09:30-10:00,50,1,0,19
4,2025-01-04,3,0,09:30-10:00,50,0,1,20
4,2025-01-04,3,0,09:30-10:00,50,1,0,21
4,2025-01-04,3,0,09:30-10:00,50,1,0,22
4,2025-01-04,3,0,09:30-10:00,50,1,0,23
4,2025-01-04,3,0,09:30-10:00,50,0,1,24
4,2025-01-04,3,0,09:30-10:00,50,1,0,25
4,2025-01-04,3,0,09:30-10:00,50,0,1,26
4,2025-01-04,3,0,09:30-10:00,50,1,0,27
4,2025-01-04,3,0,09:30-10:00,50,0,1,28
4,2025-01-04,3,0,09:30-10:00,50,1,0,29
4,2025-01-04,3,0,09:30-10:00,50,0,1,30
4,2025-01-04,3,0,09:30-10:00,50,0,1,31
4,2025-01-04,3,0,09:30-10:00,50,0,1,32
4,2025-01-04,3,0,09:30-10:00,50,1,0,33
4,2025-01-04,3,0,09:30-10:00,50,1,0,34
4,2025-01-04,3,0,09:30-10:00,50,0,1,35
4,2025-01-04,3,0,09:30-10:00,50,1,0,36
4,2025-01-04,3,0,09:30-10:00,50,1,0,37
4,2025-01-04,3,0,09:30-10:00,50,1,0,38
4,2025-01-04,3,0,09:30-10:00,50,1,0,39
4,2025-01-04,3,0,09:30-10:00,50,0,1,40
4,2025-01-04,3,0,09:30-10:00,50,1,0,41
4,2025-01-04,3,0,09:30-10:00,50,0,1,42
4,2025-01-04,3,0,09:30-10:00,50,0,1,43
4,2025-01-04,3,0,09:30-10:00,50,0,1,44
4,2025-01-04,3,0,09:30-10:00,50,0,1,45
4,2025-01-04,3,0,09:30-10:00,50,1,0,46
4,2025-01-04,3,0,09:30-10:00,50,1,0,47
4,2025-01-04,3,0,09:30-10:00,50,1,0,48
4,2025-01-04,3,0,09:30-10:00,50,1,0,49
4,2025-01-04,3,0,09:30-10:00,50,1,0,50
4,2025-01-04,3,0,16:00-16:30,50,1,0,1
4,2025-01-04,3,0,16:00-16:30,50,1,0,2
4,2025-01-04,3,0,16:00-16:30,50,1,0,3
4,2025-01-04,3,0,16:00-16:30,50,1,0,4
4,2025-01-04,3,0,16:00-16:30,50,1,0,5
4,2025-01-04,3,0,16:00-16:30,50,1,0,6
4,2025-01-04,3,0,16:00-16:30,50,1,0,7
4,2025-01-04,3,0,16:00-16:30,50,1,0,8
4,2025-01-04,3,0,16:00-16:30,50,1,0,9
4,2025-01-04,3,0,16:00-16:30,50,0,1,10
4,2025-01-04,3,0,16:00-16:30,50,1,0,11
4,2025-01-04,3,0,16:00-16:30,50,0,1,12
4,2025-01-04,3,0,16:00-16:30,50,1,0,13
4,2025-01-04,3,0,16:00-16:30,50,1,0,14
4,2025-01-04,3,0,16:00-16:30,50,0,1,15
4,2025-01-04,3,0,16:00-16:30,50,0,1,16
4,2025-01-04,3,0,16:00-16:30,50,1,0,17
4,2025-01-04,3,0,16:00-16:30,50,0,1,18
4,2025-01-04,3,0,16:00-16:30,50,0,1,19
4,2025-01-04,3,0,16:00-16:30,50,0,1,20
4,2025-01-04,3,0,16:00-16:30,50,1,0,21
4,2025-01-04,3,0,16:00-16:30,50,1,0,22
4,2025-01-04,3,0,16:00-16:30,50,1,0,23
4,2025-01-04,3,0,16:00-16:30,50,0,1,24
4,2025-01-04,3,0,16:00-16:30,50,1,0,25
4,2025-01-04,3,0,16:00-16:30,50,1,0,26
4,2025-01-04,3,0,16:00-16:30,50,1,0,27
4,2025-01-04,3,0,16:00-16:30,50,1,0,28
4,2025-01-04,3,0,16:00-16:30,50,1,0,29
4,2025-01-04,3,0,16:00-16:30,50,0,1,30
4,2025-01-04,3,0,16:00-16:30,50,1,0,31
4,2025-01-04,3,0,16:00-16:30,50,1,0,32
4,2025-01-04,3,0,16:00-16:30,50,1,0,33
4,2025-01-04,3,0,16:00-16:30,50,0,1,34
4,2025-01-04,3,0,16:00-16:30,50,1,0,35
4,2025-01-04,3,0,16:00-16:30,50,0,1,36
4,2025-01-04,3,0,16:00-16:30,50,1,0,37
4,2025-01-04,3,0,16:00-16:30,50,0,1,38
4,2025-01-04,3,0,16:00-16:30,50,0,1,39
4,2025-01-04,3,0,16:00-16:30,50,0,1,40
4,2025-01-04,3,0,16:00-16:30,50,1,0,41
4,2025-01-04,3,0,16:00-16:30,50,1,0,42
4,2025-01-04,3,0,16:00-16:30,50,0,1,43
4,2025-01-04,3,0,16:00-16:30,50,1,0,44
4,2025-01-04,3,0,16:00-16:30,50,1,0,45
4,2025-01-04,3,0,16:00-16:30,50,1,0,46
4,2025-01-04,3,0,16:00-16:30,50,1,0,47
4,2025-01-04,3,0,16:00-16:30,50,1,0,48
4,2025-01-04,3,0,16:00-16:30,50,1,0,49
4,2025-01-04,3,0,16:00-16:30,50,1,0,50
4,2025-01-04,3,0,16:30-17:00,50,1,0,1
4,2025-01-04,3,0,16:30-17:00,50,1,0,2
4,2025-01-04,3,0,16:30-17:00,50,0,1,3
4,2025-01-04,3,0,16:30-17:00,50,1,0,4
4,2025-01-04,3,0,16:30-17:00,50,0,1,5
4,2025-01-04,3,0,16:30-17:00,50,1,0,6
4,2025-01-04,3,0,16:30-17:00,50,1,0,7
4,2025-01-04,3,0,16:30-17:00,50,1,0,8
4,2025-01-04,3,0,16:30-17:00,50,1,0,9
4,2025-01-04,3,0,16:30-17:00,50,1,0,10
4,2025-01-04,3,0,16:30-17:00,50,1,0,11
4,2025-01-04,3,0,16:30-17:00,50,1,0,12
4,2025-01-04,3,0,16:30-17:00,50,1,0,13
4,2025-01-04,3,0,16:30-17:00,50,0,1,14
4,2025-01-04,3,0,16:30-17:00,50,1,0,15
4,2025-01-04,3,0,16:30-17:00,50,0,1,16
4,2025-01-04,3,0,16:30-17:00,50,0,1,17
4,2025-01-04,3,0,16:30-17:00,50,1,0,18
4,2025-01-04,3,0,16:30-17:00,50,1,0,19
4,2025-01-04,3,0,16:30-17:00,50,0,1,20
4,2025-01-04,3,0,16:30-17:00,50,0,1,21
4,2025-01-04,3,0,16:30-17:00,50,1,0,22
4,2025-01-04,3,0,16:30-17:00,50,1,0,23
4,2025-01-04,3,0,16:30-17:00,50,1,0,24
4,2025-01-04,3,0,16:30-17:00,50,1,0,25
4,2025-01-04,3,0,16:30-17:00,50,1,0,26
4,2025-01-04,3,0,16:30-17:00,50,0,1,27
4,2025-01-04,3,0,16:30-17:00,50,1,0,28
4,2025-01-04,3,0,16:30-17:00,50,1,0,29
4,2025-01-04,3,0,16:30-17:00,50,0,1,30
4,2025-01-04,3,0,16:30-17:00,50,0,1,31
4,2025-01-04,3,0,16:30-17:00,50,1,0,32
4,2025-01-04,3,0,16:30-17:00,50,1,0,33
4,2025-01-04,3,0,16:30-17:00,50,1,0,34
4,2025-01-04,3,0,16:30-17:00,50,0,1,35
4,2025-01-04,3,0,16:30-17:00,50,0,1,36
4,2025-01-04,3,0,16:30-17:00,50,0,1,37
4,2025-01-04,3,0,16:30-17:00,50,1,0,38
4,2025-01-04,3,0,16:30-17:00,50,0,1,39
4,2025-01-04,3,0,16:30-17:00,50,0,1,40
4,2025-01-04,3,0,16:30-17:00,50,1,0,41
4,2025-01-04,3,0,16:30-17:00,50,1,0,42
4,2025-01-04,3,0,16:30-17:00,50,0,1,43
4,2025-01-04,3,0,16:30-17:00,50,0,1,44
4,2025-01-04,3,0,16:30-17:00,50,0,1,45
4,2025-01-04,3,0,16:30-17:00,50,0,1,46
4,2025-01-04,3,0,16:30-17:00,50,1,0,47
4,2025-01-04,3,0,16:30-17:00,50,0,1,48
4,2025-01-04,3,0,16:30-17:00,50,1,0,49
4,2025-01-04,3,0,16:30-17:00,50,0,1,50
4,2025-01-04,3,0,17:00-17:30,50,1,0,1
4,2025-01-04,3,0,17:00-17:30,50,1,0,2
4,2025-01-04,3,0,17:00-17:30,50,1,0,3
4,2025-01-04,3,0,17:00-17:30,50,1,0,4
4,2025-01-04,3,0,17:00-17:30,50,1,0,5
4,2025-01-04,3,0,17:00-17:30,50,0,1,6
4,2025-01-04,3,0,17:00-17:30,50,1,0,7
4,2025-01-04,3,0,17:00-17:30,50,1,0,8
4,2025-01-04,3,0,17:00-17:30,50,1,0,9
4,2025-01-04,3,0,17:00-17:30,50,1,0,10
4,2025-01-04,3,0,17:00-17:30,50,1,0,11
4,2025-01-04,3,0,17:00-17:30,50,1,0,12
4,2025-01-04,3,0,17:00-17:30,50,0,1,13
4,2025-01-04,3,0,17:00-17:30,50,0,1,14
4,2025-01-04,3,0,17:00-17:30,50,1,0,15
4,2025-01-04,3,0,17:00-17:30,50,0,1,16
4,2025-01-04,3,0,17:00-17:30,50,0,1,17
4,2025-01-04,3,0,17:00-17:30,50,0,1,18
4,2025-01-04,3,0,17:00-17:30,50,0,1,19
4,2025-01-04,3,0,17:00-17:30,50,0,1,20
4,2025-01-04,3,0,17:00-17:30,50,1,0,21
4,2025-01-04,3,0,17:00-17:30,50,1,0,22
4,2025-01-04,3,0,17:00-17:30,50,1,0,23
4,2025-01-04,3,0,17:00-17:30,50,0,1,24
4,2025-01-04,3,0,17:00-17:30,50,1,0,25
4,2025-01-04,3,0,17:00-17:30,50,1,0,26
4,2025-01-04,3,0,17:00-17:30,50,0,1,27
4,2025-01-04,3,0,17:00-17:30,50,1,0,28
4,2025-01-04,3,0,17:00-17:30,50,1,0,29
4,2025-01-04,3,0,17:00-17:30,50,1,0,30
4,2025-01-04,3,0,17:00-17:30,50,1,0,31
4,2025-01-04,3,0,17:00-17:30,50,1,0,32
4,2025-01-04,3,0,17:00-17:30,50,1,0,33
4,2025-01-04,3,0,17:00-17:30,50,1,0,34
4,2025-01-04,3,0,17:00-17:30,50,0,1,35
4,2025-01-04,3,0,17:00-17:30,50,0,1,36
4,2025-01-04,3,0,17:00-17:30,50,1,0,37
4,2025-01-04,3,0,17:00-17:30,50,0,1,38
4,2025-01-04,3,0,17:00-17:30,50,1,0,39
4,2025-01-04,3,0,17:00-17:30,50,1,0,40
4,2025-01-04,3,0,17:00-17:30,50,1,0,41
4,2025-01-04,3,0,17:00-17:30,50,0,1,42
4,2025-01-04,3,0,17:00-17:30,50,1,0,43
4,2025-01-04,3,0,17:00-17:30,50,1,0,44
4,2025-01-04,3,0,17:00-17:30,50,0,1,45
4,2025-01-04,3,0,17:00-17:30,50,0,1,46
4,2025-01-04,3,0,17:00-17:30,50,0,1,47
4,2025-01-04,3,0,17:00-17:30,50,1,0,48
4,2025-01-04,3,0,17:00-17:30,50,0,1,49
4,2025-01-04,3,0,17:00-17:30,50,1,0,50
4,2025-01-04,3,0,17:30-18:00,50,1,0,1
4,2025-01-04,3,0,17:30-18:00,50,1,0,2
4,2025-01-04,3,0,17:30-18:00,50,0,1,3
4,2025-01-04,3,0,17:30-18:00,50,1,0,4
4,2025-01-04,3,0,17:30-18:00,50,1,0,5
4,2025-01-04,3,0,17:30-18:00,50,1,0,6
4,2025-01-04,3,0,17:30-18:00,50,1,0,7
4,2025-01-04,3,0,17:30-18:00,50,1,0,8
4,2025-01-04,3,0,17:30-18:00,50,1,0,9
4,2025-01-04,3,0,17:30-18:00,50,1,0,10
4,2025-01-04,3,0,17:30-18:00,50,0,1,11
4,2025-01-04,3,0,17:30-18:00,50,1,0,12
4,2025-01-04,3,0,17:30-18:00,50,0,1,13
4,2025-01-04,3,0,17:30-18:00,50,0,1,14
4,2025-01-04,3,0,17:30-18:00,50,0,1,15
4,2025-01-04,3,0,17:30-18:00,50,1,0,16
4,2025-01-04,3,0,17:30-18:00,50,0,1,17
4,2025-01-04,3,0,17:30-18:00,50,0,1,18
4,2025-01-04,3,0,17:30-18:00,50,1,0,19
4,2025-01-04,3,0,17:30-18:00,50,0,1,20
4,2025-01-04,3,0,17:30-18:00,50,0,1,21
4,2025-01-04,3,0,17:30-18:00,50,0,1,22
4,2025-01-04,3,0,17:30-18:00,50,1,0,23
4,2025-01-04,3,0,17:30-18:00,50,0,1,24
4,2025-01-04,3,0,17:30-18:00,50,0,1,25
4,2025-01-04,3,0,17:30-18:00,50,1,0,26
4,2025-01-04,3,0,17:30-18:00,50,0,1,27
4,2025-01-04,3,0,17:30-18:00,50,0,1,28
4,2025-01-04,3,0,17:30-18:00,50,0,1,29
4,2025-01-04,3,0,17:30-18:00,50,1,0,30
4,2025-01-04,3,0,17:30-18:00,50,0,1,31
4,2025-01-04,3,0,17:30-18:00,50,1,0,32
4,2025-01-04,3,0,17:30-18:00,50,1,0,33
4,2025-01-04,3,0,17:30-18:00,50,0,1,34
4,2025-01-04,3,0,17:30-18:00,50,0,1,35
4,2025-01-04,3,0,17:30-18:00,50,1,0,36
4,2025-01-04,3,0,17:30-18:00,50,0,1,37
4,2025-01-04,3,0,17:30-18:00,50,0,1,38
4,2025-01-04,3,0,17:30-18:00,50,1,0,39
4,2025-01-04,3,0,17:30-18:00,50,0,1,40
4,2025-01-04,3,0,17:30-18:00,50,0,1,41
4,2025-01-04,3,0,17:30-18:00,50,1,0,42
4,2025-01-04,3,0,17:30-18:00,50,1,0,43
4,2025-01-04,3,0,17:30-18:00,50,0,1,44
4,2025-01-04,3,0,17:30-18:00,50,1,0,45
4,2025-01-04,3,0,17:30-18:00,50,0,1,46
4,2025-01-04,3,0,17:30-18:00,50,1,0,47
4,2025-01-04,3,0,17:30-18:00,50,1,0,48
4,2025-01-04,3,0,17:30-18:00,50,0,1,49
4,2025-01-04,3,0,17:30-18:00,50,1,0,50
4,2025-01-04,3,0,18:00-18:30,50,1,0,1
4,2025-01-04,3,0,18:00-18:30,50,0,1,2
4,2025-01-04,3,0,18:00-18:30,50,0,1,3
4,2025-01-04,3,0,18:00-18:30,50,1,0,4
4,2025-01-04,3,0,18:00-18:30,50,0,1,5
4,2025-01-04,3,0,18:00-18:30,50,0,1,6
4,2025-01-04,3,0,18:00-18:30,50,0,1,7
4,2025-01-04,3,0,18:00-18:30,50,1,0,8
4,2025-01-04,3,0,18:00-18:30,50,0,1,9
4,2025-01-04,3,0,18:00-18:30,50,0,1,10
4,2025-01-04,3,0,18:00-18:30,50,0,1,11
4,2025-01-04,3,0,18:00-18:30,50,1,0,12
4,2025-01-04,3,0,18:00-18:30,50,0,1,13
4,2025-01-04,3,0,18:00-18:30,50,1,0,14
4,2025-01-04,3,0,18:00-18:30,50,1,0,15
4,2025-01-04,3,0,18:00-18:30,50,0,1,16
4,2025-01-04,3,0,18:00-18:30,50,1,0,17
4,2025-01-04,3,0,18:00-18:30,50,1,0,18
4,2025-01-04,3,0,18:00-18:30,50,1,0,19
4,2025-01-04,3,0,18:00-18:30,50,0,1,20
4,2025-01-04,3,0,18:00-18:30,50,0,1,21
4,2025-01-04,3,0,18:00-18:30,50,0,1,22
4,2025-01-04,3,0,18:00-18:30,50,0,1,23
4,2025-01-04,3,0,18:00-18:30,50,0,1,24
4,2025-01-04,3,0,18:00-18:30,50,0,1,25
4,2025-01-04,3,0,18:00-18:30,50,1,0,26
4,2025-01-04,3,0,18:00-18:30,50,1,0,27
4,2025-01-04,3,0,18:00-18:30,50,1,0,28
4,2025-01-04,3,0,18:00-18:30,50,0,1,29
4,2025-01-04,3,0,18:00-18:30,50,0,1,30
4,2025-01-04,3,0,18:00-18:30,50,0,1,31
4,2025-01-04,3,0,18:00-18:30,50,0,1,32
4,2025-01-04,3,0,18:00-18:30,50,0,1,33
4,2025-01-04,3,0,18:00-18:30,50,0,1,34
4,2025-01-04,3,0,18:00-18:30,50,0,1,35
4,2025-01-04,3,0,18:00-18:30,50,0,1,36
4,2025-01-04,3,0,18:00-18:30,50,0,1,37
4,2025-01-04,3,0,18:00-18:30,50,0,1,38
4,2025-01-04,3,0,18:00-18:30,50,0,1,39
4,2025-01-04,3,0,18:00-18:30,50,1,0,40
4,2025-01-04,3,0,18:00-18:30,50,1,0,41
4,2025-01-04,3,0,18:00-18:30,50,0,1,42
4,2025-01-04,3,0,18:00-18:30,50,1,0,43
4,2025-01-04,3,0,18:00-18:30,50,1,0,44
4,2025-01-04,3,0,18:00-18:30,50,1,0,45
4,2025-01-04,3,0,18:00-18:30,50,1,0,46
4,2025-01-04,3,0,18:00-18:30,50,0,1,47
4,2025-01-04,3,0,18:00-18:30,50,0,1,48
4,2025-01-04,3,0,18:00-18:30,50,1,0,49
4,2025-01-04,3,0,18:00-18:30,50,0,1,50
4,2025-01-04,3,0,18:30-19:00,50,0,1,1
4,2025-01-04,3,0,18:30-19:00,50,1,0,2
4,2025-01-04,3,0,18:30-19:00,50,1,0,3
4,2025-01-04,3,0,18:30-19:00,50,1,0,4
4,2025-01-04,3,0,18:30-19:00,50,0,1,5
4,2025-01-04,3,0,18:30-19:00,50,0,1,6
4,2025-01-04,3,0,18:30-19:00,50,0,1,7
4,2025-01-04,3,0,18:30-19:00,50,1,0,8
4,2025-01-04,3,0,18:30-19:00,50,0,1,9
4,2025-01-04,3,0,18:30-19:00,50,0,1,10
4,2025-01-04,3,0,18:30-19:00,50,0,1,11
4,2025-01-04,3,0,18:30-19:00,50,0,1,12
4,2025-01-04,3,0,18:30-19:00,50,0,1,13
4,2025-01-04,3,0,18:30-19:00,50,0,1,14
4,2025-01-04,3,0,18:30-19:00,50,0,1,15
4,2025-01-04,3,0,18:30-19:00,50,0,1,16
4,2025-01-04,3,0,18:30-19:00,50,1,0,17
4,2025-01-04,3,0,18:30-19:00,50,0,1,18
4,2025-01-04,3,0,18:30-19:00,50,1,0,19
4,2025-01-04,3,0,18:30-19:00,50,1,0,20
4,2025-01-04,3,0,18:30-19:00,50,1,0,21
4,2025-01-04,3,0,18:30-19:00,50,0,1,22
4,2025-01-04,3,0,18:30-19:00,50,0,1,23
4,2025-01-04,3,0,18:30-19:00,50,0,1,24
4,2025-01-04,3,0,18:30-19:00,50,0,1,25
4,2025-01-04,3,0,18:30-19:00,50,1,0,26
4,2025-01-04,3,0,18:30-19:00,50,1,0,27
4,2025-01-04,3,0,18:30-19:00,50,1,0,28
4,2025-01-04,3,0,18:30-19:00,50,0,1,29
4,2025-01-04,3,0,18:30-19:00,50,0,1,30
4,2025-01-04,3,0,18:30-19:00,50,0,1,31
4,2025-01-04,3,0,18:30-19:00,50,0,1,32
4,2025-01-04,3,0,18:30-19:00,50,0,1,33
4,2025-01-04,3,0,18:30-19:00,50,1,0,34
4,2025-01-04,3,0,18:30-19:00,50,1,0,35
4,2025-01-04,3,0,18:30-19:00,50,0,1,36
4,2025-01-04,3,0,18:30-19:00,50,0,1,37
4,2025-01-04,3,0,18:30-19:00,50,1,0,38
4,2025-01-04,3,0,18:30-19:00,50,0,1,39
4,2025-01-04,3,0,18:30-19:00,50,0,1,40
4,2025-01-04,3,0,18:30-19:00,50,0,1,41
4,2025-01-04,3,0,18:30-19:00,50,1,0,42
4,2025-01-04,3,0,18:30-19:00,50,1,0,43
4,2025-01-04,3,0,18:30-19:00,50,0,1,44
4,2025-01-04,3,0,18:30-19:00,50,0,1,45
4,2025-01-04,3,0,18:30-19:00,50,0,1,46
4,2025-01-04,3,0,18:30-19:00,50,1,0,47
4,2025-01-04,3,0,18:30-19:00,50,0,1,48
4,2025-01-04,3,0,18:30-19:00,50,0,1,49
4,2025-01-04,3,0,18:30-19:00,50,1,0,50
5,2025-01-05,4,0,07:00-07:30,50,1,0,1
5,2025-01-05,4,0,07:00-07:30,50,0,1,2
5,2025-01-05,4,0,07:00-07:30,50,0,1,3
5,2025-01-05,4,0,07:00-07:30,50,1,0,4
5,2025-01-05,4,0,07:00-07:30,50,1,0,5
5,2025-01-05,4,0,07:00-07:30,50,1,0,6
5,2025-01-05,4,0,07:00-07:30,50,1,0,7
5,2025-01-05,4,0,07:00-07:30,50,1,0,8
5,2025-01-05,4,0,07:00-07:30,50,1,0,9
5,2025-01-05,4,0,07:00-07:30,50,1,0,10
5,2025-01-05,4,0,07:00-07:30,50,1,0,11
5,2025-01-05,4,0,07:00-07:30,50,1,0,12
5,2025-01-05,4,0,07:00-07:30,50,1,0,13
5,2025-01-05,4,0,07:00-07:30,50,1,0,14
5,2025-01-05,4,0,07:00-07:30,50,1,0,15
5,2025-01-05,4,0,07:00-07:30,50,0,1,16
5,2025-01-05,4,0,07:00-07:30,50,1,0,17
5,2025-01-05,4,0,07:00-07:30,50,0,1,18
5,2025-01-05,4,0,07:00-07:30,50,1,0,19
5,2025-01-05,4,0,07:00-07:30,50,0,1,20
5,2025-01-05,4,0,07:00-07:30,50,1,0,21
5,2025-01-05,4,0,07:00-07:30,50,1,0,22
5,2025-01-05,4,0,07:00-07:30,50,1,0,23
5,2025-01-05,4,0,07:00-07:30,50,1,0,24
5,2025-01-05,4,0,07:00-07:30,50,1,0,25
5,2025-01-05,4,0,07:00-07:30,50,1,0,26
5,2025-01-05,4,0,07:00-07:30,50,1,0,27
5,2025-01-05,4,0,07:00-07:30,50,1,0,28
5,2025-01-05,4,0,07:00-07:30,50,0,1,29
5,2025-01-05,4,0,07:00-07:30,50,0,1,30
5,2025-01-05,4,0,07:00-07:30,50,0,1,31
5,2025-01-05,4,0,07:00-07:30,50,1,0,32
5,2025-01-05,4,0,07:00-07:30,50,1,0,33
5,2025-01-05,4,0,07:00-07:30,50,1,0,34
5,2025-01-05,4,0,07:00-07:30,50,1,0,35
5,2025-01-05,4,0,07:00-07:30,50,1,0,36
5,2025-01-05,4,0,07:00-07:30,50,1,0,37
5,2025-01-05,4,0,07:00-07:30,50,1,0,38
5,2025-01-05,4,0,07:00-07:30,50,1,0,39
5,2025-01-05,4,0,07:00-07:30,50,0,1,40
5,2025-01-05,4,0,07:00-07:30,50,1,0,41
5,2025-01-05,4,0,07:00-07:30,50,1,0,42
5,2025-01-05,4,0,07:00-07:30,50,0,1,43
5,2025-01-05,4,0,07:00-07:30,50,0,1,44
5,2025-01-05,4,0,07:00-07:30,50,1,0,45
5,2025-01-05,4,0,07:00-07:30,50,1,0,46
5,2025-01-05,4,0,07:00-07:30,50,1,0,47
5,2025-01-05,4,0,07:00-07:30,50,1,0,48
5,2025-01-05,4,0,07:00-07:30,50,1,0,49
5,2025-01-05,4,0,07:00-07:30,50,1,0,50
5,2025-01-05,4,0,07:30-08:00,50,1,0,1
5,2025-01-05,4,0,07:30-08:00,50,0,1,2
5,2025-01-05,4,0,07:30-08:00,50,1,0,3
5,2025-01-05,4,0,07:30-08:00,50,1,0,4
5,2025-01-05,4,0,07:30-08:00,50,1,0,5
5,2025-01-05,4,0,07:30-08:00,50,1,0,6
5,2025-01-05,4,0,07:30-08:00,50,0,1,7
5,2025-01-05,4,0,07:30-08:00,50,1,0,8
5,2025-01-05,4,0,07:30-08:00,50,0,1,9
5,2025-01-05,4,0,07:30-08:00,50,1,0,10
5,2025-01-05,4,0,07:30-08:00,50,1,0,11
5,2025-01-05,4,0,07:30-08:00,50,1,0,12
5,2025-01-05,4,0,07:30-08:00,50,1,0,13
5,2025-01-05,4,0,07:30-08:00,50,1,0,14
5,2025-01-05,4,0,07:30-08:00,50,1,0,15
5,2025-01-05,4,0,07:30-08:00,50,1,0,16
5,2025-01-05,4,0,07:30-08:00,50,1,0,17
5,2025-01-05,4,0,07:30-08:00,50,1,0,18
5,2025-01-05,4,0,07:30-08:00,50,0,1,19
5,2025-01-05,4,0,07:30-08:00,50,0,1,20
5,2025-01-05,4,0,07:30-08:00,50,1,0,21
5,2025-01-05,4,0,07:30-08:00,50,0,1,22
5,2025-01-05,4,0,07:30-08:00,50,0,1,23
5,2025-01-05,4,0,07:30-08:00,50,1,0,24
5,2025-01-05,4,0,07:30-08:00,50,0,1,25
5,2025-01-05,4,0,07:30-08:00,50,0,1,26
5,2025-01-05,4,0,07:30-08:00,50,1,0,27
5,2025-01-05,4,0,07:30-08:00,50,1,0,28
5,2025-01-05,4,0,07:30-08:00,50,1,0,29
5,2025-01-05,4,0,07:30-08:00,50,1,0,30
5,2025-01-05,4,0,07:30-08:00,50,1,0,31
5,2025-01-05,4,0,07:30-08:00,50,1,0,32
5,2025-01-05,4,0,07:30-08:00,50,0,1,33
5,2025-01-05,4,0,07:30-08:00,50,0,1,34
5,2025-01-05,4,0,07:30-08:00,50,1,0,35
5,2025-01-05,4,0,07:30-08:00,50,0,1,36
5,2025-01-05,4,0,07:30-08:00,50,1,0,37
5,2025-01-05,4,0,07:30-08:00,50,0,1,38
5,2025-01-05,4,0,07:30-08:00,50,1,0,39
5,2025-01-05,4,0,07:30-08:00,50,1,0,40
5,2025-01-05,4,0,07:30-08:00,50,1,0,41
5,2025-01-05,4,0,07:30-08:00,50,0,1,42
5,2025-01-05,4,0,07:30-08:00,50,1,0,43
5,2025-01-05,4,0,07:30-08:00,50,0,1,44
5,2025-01-05,4,0,07:30-08:00,50,1,0,45
5,2025-01-05,4,0,07:30-08:00,50,0,1,46
5,2025-01-05,4,0,07:30-08:00,50,1,0,47
5,2025-01-05,4,0,07:30-08:00,50,1,0,48
5,2025-01-05,4,0,07:30-08:00,50,1,0,49
5,2025-01-05,4,0,07:30-08:00,50,0,1,50
5,2025-01-05,4,0,08:00-08:30,50,0,1,1
5,2025-01-05,4,0,08:00-08:30,50,1,0,2
5,2025-01-05,4,0,08:00-08:30,50,1,0,3
5,2025-01-05,4,0,08:00-08:30,50,1,0,4
5,2025-01-05,4,0,08:00-08:30,50,1,0,5
5,2025-01-05,4,0,08:00-08:30,50,1,0,6
5,2025-01-05,4,0,08:00-08:30,50,1,0,7
5,2025-01-05,4,0,08:00-08:30,50,1,0,8
5,2025-01-05,4,0,08:00-08:30,50,1,0,9
5,2025-01-05,4,0,08:00-08:30,50,0,1,10
5,2025-01-05,4,0,08:00-08:30,50,0,1,11
5,2025-01-05,4,0,08:00-08:30,50,1,0,12
5,2025-01-05,4,0,08:00-08:30,50,1,0,13
5,2025-01-05,4,0,08:00-08:30,50,1,0,14
5,2025-01-05,4,0,08:00-08:30,50,0,1,15
5,2025-01-05,4,0,08:00-08:30,50,1,0,16
5,2025-01-05,4,0,08:00-08:30,50,1,0,17
5,2025-01-05,4,0,08:00-08:30,50,0,1,18
5,2025-01-05,4,0,08:00-08:30,50,1,0,19
5,2025-01-05,4,0,08:00-08:30,50,0,1,20
5,2025-01-05,4,0,08:00-08:30,50,0,1,21
5,2025-01-05,4,0,08:00-08:30,50,1,0,22
5,2025-01-05,4,0,08:00-08:30,50,0,1,23
5,2025-01-05,4,0,08:00-08:30,50,1,0,24
5,2025-01-05,4,0,08:00-08:30,50,0,1,25
5,2025-01-05,4,0,08:00-08:30,50,1,0,26
5,2025-01-05,4,0,08:00-08:30,50,1,0,27
5,2025-01-05,4,0,08:00-08:30,50,0,1,28
5,2025-01-05,4,0,08:00-08:30,50,1,0,29
5,2025-01-05,4,0,08:00-08:30,50,1,0,30
5,2025-01-05,4,0,08:00-08:30,50,0,1,31
5,2025-01-05,4,0,08:00-08:30,50,1,0,32
5,2025-01-05,4,0,08:00-08:30,50,0,1,33
5,2025-01-05,4,0,08:00-08:30,50,1,0,34
5,2025-01-05,4,0,08:00-08:30,50,0,1,35
5,2025-01-05,4,0,08:00-08:30,50,1,0,36
5,2025-01-05,4,0,08:00-08:30,50,0,1,37
5,2025-01-05,4,0,08:00-08:30,50,1,0,38
5,2025-01-05,4,0,08:00-08:30,50,1,0,39
5,2025-01-05,4,0,08:00-08:30,50,0,1,40
5,2025-01-05,4,0,08:00-08:30,50,0,1,41
5,2025-01-05,4,0,08:00-08:30,50,1,0,42
5,2025-01-05,4,0,08:00-08:30,50,1,0,43
5,2025-01-05,4,0,08:00-08:30,50,1,0,44
5,2025-01-05,4,0,08:00-08:30,50,0,1,45
5,2025-01-05,4,0,08:00-08:30,50,1,0,46
5,2025-01-05,4,0,08:00-08:30,50,1,0,47
5,2025-01-05,4,0,08:00-08:30,50,1,0,48
5,2025-01-05,4,0,08:00-08:30,50,0,1,49
5,2025-01-05,4,0,08:00-08:30,50,1,0,50
5,2025-01-05,4,0,08:30-09:00,50,1,0,1
5,2025-01-05,4,0,08:30-09:00,50,1,0,2
5,2025-01-05,4,0,08:30-09:00,50,0,1,3
5,2025-01-05,4,0,08:30-09:00,50,0,1,4
5,2025-01-05,4,0,08:30-09:00,50,0,1,5
5,2025-01-05,4,0,08:30-09:00,50,0,1,6
5,2025-01-05,4,0,08:30-09:00,50,1,0,7
5,2025-01-05,4,0,08:30-09:00,50,0,1,8
5,2025-01-05,4,0,08:30-09:00,50,0,1,9
5,2025-01-05,4,0,08:30-09:00,50,1,0,10
5,2025-01-05,4,0,08:30-09:00,50,0,1,11
5,2025-01-05,4,0,08:30-09:00,50,0,1,12
5,2025-01-05,4,0,08:30-09:00,50,1,0,13
5,2025-01-05,4,0,08:30-09:00,50,1,0,14
5,2025-01-05,4,0,08:30-09:00,50,0,1,15
5,2025-01-05,4,0,08:30-09:00,50,0,1,16
5,2025-01-05,4,0,08:30-09:00,50,1,0,17
5,2025-01-05,4,0,08:30-09:00,50,1,0,18
5,2025-01-05,4,0,08:30-09:00,50,0,1,19
5,2025-01-05,4,0,08:30-09:00,50,1,0,20
5,2025-01-05,4,0,08:30-09:00,50,0,1,21
5,2025-01-05,4,0,08:30-09:00,50,1,0,22
5,2025-01-05,4,0,08:30-09:00,50,0,1,23
5,2025-01-05,4,0,08:30-09:00,50,1,0,24
5,2025-01-05,4,0,08:30-09:00,50,0,1,25
5,2025-01-05,4,0,08:30-09:00,50,0,1,26
5,2025-01-05,4,0,08:30-09:00,50,1,0,27
5,2025-01-05,4,0,08:30-09:00,50,0,1,28
5,2025-01-05,4,0,08:30-09:00,50,1,0,29
5,2025-01-05,4,0,08:30-09:00,50,0,1,30
5,2025-01-05,4,0,08:30-09:00,50,1,0,31
5,2025-01-05,4,0,08:30-09:00,50,0,1,32
5,2025-01-05,4,0,08:30-09:00,50,1,0,33
5,2025-01-05,4,0,08:30-09:00,50,0,1,34
5,2025-01-05,4,0,08:30-09:00,50,1,0,35
5,2025-01-05,4,0,08:30-09:00,50,1,0,36
5,2025-01-05,4,0,08:30-09:00,50,0,1,37
5,2025-01-05,4,0,08:30-09:00,50,0,1,38
5,2025-01-05,4,0,08:30-09:00,50,0,1,39
5,2025-01-05,4,0,08:30-09:00,50,0,1,40
5,2025-01-05,4,0,08:30-09:00,50,0,1,41
5,2025-01-05,4,0,08:30-09:00,50,1,0,42
5,2025-01-05,4,0,08:30-09:00,50,0,1,43
5,2025-01-05,4,0,08:30-09:00,50,0,1,44
5,2025-01-05,4,0,08:30-09:00,50,0,1,45
5,2025-01-05,4,0,08:30-09:00,50,1,0,46
5,2025-01-05,4,0,08:30-09:00,50,0,1,47
5,2025-01-05,4,0,08:30-09:00,50,1,0,48
5,2025-01-05,4,0,08:30-09:00,50,1,0,49
5,2025-01-05,4,0,08:30-09:00,50,1,0,50
5,2025-01-05,4,0,09:00-09:30,50,1,0,1
5,2025-01-05,4,0,09:00-09:30,50,0,1,2
5,2025-01-05,4,0,09:00-09:30,50,1,0,3
5,2025-01-05,4,0,09:00-09:30,50,0,1,4
5,2025-01-05,4,0,09:00-09:30,50,1,0,5
5,2025-01-05,4,0,09:00-09:30,50,1,0,6
5,2025-01-05,4,0,09:00-09:30,50,1,0,7
5,2025-01-05,4,0,09:00-09:30,50,0,1,8
5,2025-01-05,4,0,09:00-09:30,50,0,1,9
5,2025-01-05,4,0,09:00-09:30,50,1,0,10
5,2025-01-05,4,0,09:00-09:30,50,0,1,11
5,2025-01-05,4,0,09:00-09:30,50,0,1,12
5,2025-01-05,4,0,09:00-09:30,50,0,1,13
5,2025-01-05,4,0,09:00-09:30,50,0,1,14
5,2025-01-05,4,0,09:00-09:30,50,0,1,15
5,2025-01-05,4,0,09:00-09:30,50,0,1,16
5,2025-01-05,4,0,09:00-09:30,50,1,0,17
5,2025-01-05,4,0,09:00-09:30,50,0,1,18
5,2025-01-05,4,0,09:00-09:30,50,0,1,19
5,2025-01-05,4,0,09:00-09:30,50,0,1,20
5,2025-01-05,4,0,09:00-09:30,50,0,1,21
5,2025-01-05,4,0,09:00-09:30,50,1,0,22
5,2025-01-05,4,0,09:00-09:30,50,0,1,23
5,2025-01-05,4,0,09:00-09:30,50,1,0,24
5,2025-01-05,4,0,09:00-09:30,50,0,1,25
5,2025-01-05,4,0,09:00-09:30,50,1,0,26
5,2025-01-05,4,0,09:00-09:30,50,1,0,27
5,2025-01-05,4,0,09:00-09:30,50,1,0,28
5,2025-01-05,4,0,09:00-09:30,50,1,0,29
5,2025-01-05,4,0,09:00-09:30,50,0,1,30
5,2025-01-05,4,0,09:00-09:30,50,1,0,31
5,2025-01-05,4,0,09:00-09:30,50,0,1,32
5,2025-01-05,4,0,09:00-09:30,50,0,1,33
5,2025-01-05,4,0,09:00-09:30,50,1,0,34
5,2025-01-05,4,0,09:00-09:30,50,1,0,35
5,2025-01-05,4,0,09:00-09:30,50,0,1,36
5,2025-01-05,4,0,09:00-09:30,50,1,0,37
5,2025-01-05,4,0,09:00-09:30,50,0,1,38
5,2025-01-05,4,0,09:00-09:30,50,0,1,39
5,2025-01-05,4,0,09:00-09:30,50,0,1,40
5,2025-01-05,4,0,09:00-09:30,50,1,0,41
5,2025-01-05,4,0,09:00-09:30,50,0,1,42
5,2025-01-05,4,0,09:00-09:30,50,0,1,43
5,2025-01-05,4,0,09:00-09:30,50,1,0,44
5,2025-01-05,4,0,09:00-09:30,50,1,0,45
5,2025-01-05,4,0,09:00-09:30,50,1,0,46
5,2025-01-05,4,0,09:00-09:30,50,1,0,47
5,2025-01-05,4,0,09:00-09:30,50,1,0,48
5,2025-01-05,4,0,09:00-09:30,50,1,0,49
5,2025-01-05,4,0,09:00-09:30,50,1,0,50
5,2025-01-05,4,0,09:30-10:00,50,1,0,1
5,2025-01-05,4,0,09:30-10:00,50,0,1,2
5,2025-01-05,4,0,09:30-10:00,50,0,1,3
5,2025-01-05,4,0,09:30-10:00,50,0,1,4
5,2025-01-05,4,0,09:30-10:00,50,1,0,5
5,2025-01-05,4,0,09:30-10:00,50,0,1,6
5,2025-01-05,4,0,09:30-10:00,50,0,1,7
5,2025-01-05,4,0,09:30-10:00,50,1,0,8
5,2025-01-05,4,0,09:30-10:00,50,0,1,9
5,2025-01-05,4,0,09:30-10:00,50,0,1,10
5,2025-01-05,4,0,09:30-10:00,50,1,0,11
5,2025-01-05,4,0,09:30-10:00,50,1,0,12
5,2025-01-05,4,0,09:30-10:00,50,1,0,13
5,2025-01-05,4,0,09:30-10:00,50,1,0,14
5,2025-01-05,4,0,09:30-10:00,50,0,1,15
5,2025-01-05,4,0,09:30-10:00,50,0,1,16
5,2025-01-05,4,0,09:30-10:00,50,0,1,17
5,2025-01-05,4,0,09:30-10:00,50,0,1,18
5,2025-01-05,4,0,09:30-10:00,50,0,1,19
5,2025-01-05,4,0,09:30-10:00,50,0,1,20
5,2025-01-05,4,0,09:30-10:00,50,0,1,21
5,2025-01-05,4,0,09:30-10:00,50,1,0,22
5,2025-01-05,4,0,09:30-10:00,50,1,0,23
5,2025-01-05,4,0,09:30-10:00,50,0,1,24
5,2025-01-05,4,0,09:30-10:00,50,0,1,25
5,2025-01-05,4,0,09:30-10:00,50,1,0,26
5,2025-01-05,4,0,09:30-10:00,50,0,1,27
5,2025-01-05,4,0,09:30-10:00,50,0,1,28
5,2025-01-05,4,0,09:30-10:00,50,1,0,29
5,2025-01-05,4,0,09:30-10:00,50,0,1,30
5,2025-01-05,4,0,09:30-10:00,50,0,1,31
5,2025-01-05,4,0,09:30-10:00,50,0,1,32
5,2025-01-05,4,0,09:30-10:00,50,0,1,33
5,2025-01-05,4,0,09:30-10:00,50,1,0,34
5,2025-01-05,4,0,09:30-10:00,50,0,1,35
5,2025-01-05,4,0,09:30-10:00,50,1,0,36
5,2025-01-05,4,0,09:30-10:00,50,0,1,37
5,2025-01-05,4,0,09:30-10:00,50,1,0,38
5,2025-01-05,4,0,09:30-10:00,50,1,0,39
5,2025-01-05,4,0,09:30-10:00,50,0,1,40
5,2025-01-05,4,0,09:30-10:00,50,0,1,41
5,2025-01-05,4,0,09:30-10:00,50,1,0,42
5,2025-01-05,4,0,09:30-10:00,50,1,0,43
5,2025-01-05,4,0,09:30-10:00,50,1,0,44
5,2025-01-05,4,0,09:30-10:00,50,0,1,45
5,2025-01-05,4,0,09:30-10:00,50,1,0,46
5,2025-01-05,4,0,09:30-10:00,50,0,1,47
5,2025-01-05,4,0,09:30-10:00,50,1,0,48
5,2025-01-05,4,0,09:30-10:00,50,1,0,49
5,2025-01-05,4,0,09:30-10:00,50,1,0,50
5,2025-01-05,4,0,16:00-16:30,50,1,0,1
5,2025-01-05,4,0,16:00-16:30,50,0,1,2
5,2025-01-05,4,0,16:00-16:30,50,1,0,3
5,2025-01-05,4,0,16:00-16:30,50,1,0,4
5,2025-01-05,4,0,16:00-16:30,50,1,0,5
5,2025-01-05,4,0,16:00-16:30,50,1,0,6
5,2025-01-05,4,0,16:00-16:30,50,1,0,7
5,2025-01-05,4,0,16:00-16:30,50,1,0,8
5,2025-01-05,4,0,16:00-16:30,50,1,0,9
5,2025-01-05,4,0,16:00-16:30,50,1,0,10
5,2025-01-05,4,0,16:00-16:30,50,0,1,11
5,2025-01-05,4,0,16:00-16:30,50,1,0,12
5,2025-01-05,4,0,16:00-16:30,50,1,0,13
5,2025-01-05,4,0,16:00-16:30,50,0,1,14
5,2025-01-05,4,0,16:00-16:30,50,1,0,15
5,2025-01-05,4,0,16:00-16:30,50,0,1,16
5,2025-01-05,4,0,16:00-16:30,50,1,0,17
5,2025-01-05,4,0,16:00-16:30,50,0,1,18
5,2025-01-05,4,0,16:00-16:30,50,1,0,19
5,2025-01-05,4,0,16:00-16:30,50,1,0,20
5,2025-01-05,4,0,16:00-16:30,50,1,0,21
5,2025-01-05,4,0,16:00-16:30,50,0,1,22
5,2025-01-05,4,0,16:00-16:30,50,0,1,23
5,2025-01-05,4,0,16:00-16:30,50,1,0,24
5,2025-01-05,4,0,16:00-16:30,50,1,0,25
5,2025-01-05,4,0,16:00-16:30,50,0,1,26
5,2025-01-05,4,0,16:00-16:30,50,1,0,27
5,2025-01-05,4,0,16:00-16:30,50,1,0,28
5,2025-01-05,4,0,16:00-16:30,50,1,0,29
5,2025-01-05,4,0,16:00-16:30,50,1,0,30
5,2025-01-05,4,0,16:00-16:30,50,1,0,31
5,2025-01-05,4,0,16:00-16:30,50,0,1,32
5,2025-01-05,4,0,16:00-16:30,50,1,0,33
5,2025-01-05,4,0,16:00-16:30,50,1,0,34
5,2025-01-05,4,0,16:00-16:30,50,1,0,35
5,2025-01-05,4,0,16:00-16:30,50,0,1,36
5,2025-01-05,4,0,16:00-16:30,50,1,0,37
5,2025-01-05,4,0,16:00-16:30,50,0,1,38
5,2025-01-05,4,0,16:00-16:30,50,1,0,39
5,2025-01-05,4,0,16:00-16:30,50,1,0,40
5,2025-01-05,4,0,16:00-16:30,50,1,0,41
5,2025-01-05,4,0,16:00-16:30,50,1,0,42
5,2025-01-05,4,0,16:00-16:30,50,1,0,43
5,2025-01-05,4,0,16:00-16:30,50,0,1,44
5,2025-01-05,4,0,16:00-16:30,50,1,0,45
5,2025-01-05,4,0,16:00-16:30,50,1,0,46
5,2025-01-05,4,0,16:00-16:30,50,1,0,47
5,2025-01-05,4,0,16:00-16:30,50,0,1,48
5,2025-01-05,4,0,16:00-16:30,50,1,0,49
5,2025-01-05,4,0,16:00-16:30,50,0,1,50
5,2025-01-05,4,0,16:30-17:00,50,1,0,1
5,2025-01-05,4,0,16:30-17:00,50,1,0,2
5,2025-01-05,4,0,16:30-17:00,50,0,1,3
5,2025-01-05,4,0,16:30-17:00,50,1,0,4
5,2025-01-05,4,0,16:30-17:00,50,1,0,5
5,2025-01-05,4,0,16:30-17:00,50,1,0,6
5,2025-01-05,4,0,16:30-17:00,50,0,1,7
5,2025-01-05,4,0,16:30-17:00,50,0,1,8
5,2025-01-05,4,0,16:30-17:00,50,1,0,9
5,2025-01-05,4,0,16:30-17:00,50,0,1,10
5,2025-01-05,4,0,16:30-17:00,50,0,1,11
5,2025-01-05,4,0,16:30-17:00,50,1,0,12
5,2025-01-05,4,0,16:30-17:00,50,1,0,13
5,2025-01-05,4,0,16:30-17:00,50,1,0,14
5,2025-01-05,4,0,16:30-17:00,50,1,0,15
5,2025-01-05,4,0,16:30-17:00,50,1,0,16
5,2025-01-05,4,0,16:30-17:00,50,1,0,17
5,2025-01-05,4,0,16:30-17:00,50,1,0,18
5,2025-01-05,4,0,16:30-17:00,50,0,1,19
5,2025-01-05,4,0,16:30-17:00,50,0,1,20
5,2025-01-05,4,0,16:30-17:00,50,1,0,21
5,2025-01-05,4,0,16:30-17:00,50,0,1,22
5,2025-01-05,4,0,16:30-17:00,50,0,1,23
5,2025-01-05,4,0,16:30-17:00,50,0,1,24
5,2025-01-05,4,0,16:30-17:00,50,1,0,25
5,2025-01-05,4,0,16:30-17:00,50,0,1,26
5,2025-01-05,4,0,16:30-17:00,50,0,1,27
5,2025-01-05,4,0,16:30-17:00,50,0,1,28
5,2025-01-05,4,0,16:30-17:00,50,0,1,29
5,2025-01-05,4,0,16:30-17:00,50,0,1,30
5,2025-01-05,4,0,16:30-17:00,50,0,1,31
5,2025-01-05,4,0,16:30-17:00,50,1,0,32
5,2025-01-05,4,0,16:30-17:00,50,1,0,33
5,2025-01-05,4,0,16:30-17:00,50,1,0,34
5,2025-01-05,4,0,16:30-17:00,50,1,0,35
5,2025-01-05,4,0,16:30-17:00,50,0,1,36
5,2025-01-05,4,0,16:30-17:00,50,1,0,37
5,2025-01-05,4,0,16:30-17:00,50,0,1,38
5,2025-01-05,4,0,16:30-17:00,50,0,1,39
5,2025-01-05,4,0,16:30-17:00,50,1,0,40
5,2025-01-05,4,0,16:30-17:00,50,1,0,41
5,2025-01-05,4,0,16:30-17:00,50,0,1,42
5,2025-01-05,4,0,16:30-17:00,50,0,1,43
5,2025-01-05,4,0,16:30-17:00,50,0,1,44
5,2025-01-05,4,0,16:30-17:00,50,0,1,45
5,2025-01-05,4,0,16:30-17:00,50,1,0,46
5,2025-01-05,4,0,16:30-17:00,50,0,1,47
5,2025-01-05,4,0,16:30-17:00,50,0,1,48
5,2025-01-05,4,0,16:30-17:00,50,0,1,49
5,2025-01-05,4,0,16:30-17:00,50,0,1,50
5,2025-01-05,4,0,17:00-17:30,50,1,0,1
5,2025-01-05,4,0,17:00-17:30,50,1,0,2
5,2025-01-05,4,0,17:00-17:30,50,0,1,3
5,2025-01-05,4,0,17:00-17:30,50,0,1,4
5,2025-01-05,4,0,17:00-17:30,50,0,1,5
5,2025-01-05,4,0,17:00-17:30,50,1,0,6
5,2025-01-05,4,0,17:00-17:30,50,0,1,7
5,2025-01-05,4,0,17:00-17:30,50,0,1,8
5,2025-01-05,4,0,17:00-17:30,50,1,0,9
5,2025-01-05,4,0,17:00-17:30,50,0,1,10
5,2025-01-05,4,0,17:00-17:30,50,1,0,11
5,2025-01-05,4,0,17:00-17:30,50,0,1,12
5,2025-01-05,4,0,17:00-17:30,50,1,0,13
5,2025-01-05,4,0,17:00-17:30,50,0,1,14
5,2025-01-05,4,0,17:00-17:30,50,0,1,15
5,2025-01-05,4,0,17:00-17:30,50,1,0,16
5,2025-01-05,4,0,17:00-17:30,50,0,1,17
5,2025-01-05,4,0,17:00-17:30,50,1,0,18
5,2025-01-05,4,0,17:00-17:30,50,1,0,19
5,2025-01-05,4,0,17:00-17:30,50,1,0,20
5,2025-01-05,4,0,17:00-17:30,50,1,0,21
5,2025-01-05,4,0,17:00-17:30,50,1,0,22
5,2025-01-05,4,0,17:00-17:30,50,0,1,23
5,2025-01-05,4,0,17:00-17:30,50,1,0,24
5,2025-01-05,4,0,17:00-17:30,50,0,1,25
5,2025-01-05,4,0,17:00-17:30,50,0,1,26
5,2025-01-05,4,0,17:00-17:30,50,1,0,27
5,2025-01-05,4,0,17:00-17:30,50,0,1,28
5,2025-01-05,4,0,17:00-17:30,50,1,0,29
5,2025-01-05,4,0,17:00-17:30,50,1,0,30
5,2025-01-05,4,0,17:00-17:30,50,0,1,31
5,2025-01-05,4,0,17:00-17:30,50,0,1,32
5,2025-01-05,4,0,17:00-17:30,50,0,1,33
5,2025-01-05,4,0,17:00-17:30,50,1,0,34
5,2025-01-05,4,0,17:00-17:30,50,1,0,35
5,2025-01-05,4,0,17:00-17:30,50,0,1,36
5,2025-01-05,4,0,17:00-17:30,50,1,0,37
5,2025-01-05,4,0,17:00-17:30,50,1,0,38
5,2025-01-05,4,0,17:00-17:30,50,0,1,39
5,2025-01-05,4,0,17:00-17:30,50,1,0,40
5,2025-01-05,4,0,17:00-17:30,50,0,1,41
5,2025-01-05,4,0,17:00-17:30,50,0,1,42
5,2025-01-05,4,0,17:00-17:30,50,1,0,43
5,2025-01-05,4,0,17:00-17:30,50,1,0,44
5,2025-01-05,4,0,17:00-17:30,50,1,0,45
5,2025-01-05,4,0,17:00-17:30,50,0,1,46
5,2025-01-05,4,0,17:00-17:30,50,1,0,47
5,2025-01-05,4,0,17:00-17:30,50,0,1,48
5,2025-01-05,4,0,17:00-17:30,50,0,1,49
5,2025-01-05,4,0,17:00-17:30,50,1,0,50
5,2025-01-05,4,0,17:30-18:00,50,0,1,1
5,2025-01-05,4,0,17:30-18:00,50,0,1,2
5,2025-01-05,4,0,17:30-18:00,50,1,0,3
5,2025-01-05,4,0,17:30-18:00,50,0,1,4
5,2025-01-05,4,0,17:30-18:00,50,0,1,5
5,2025-01-05,4,0,17:30-18:00,50,0,1,6
5,2025-01-05,4,0,17:30-18:00,50,0,1,7
5,2025-01-05,4,0,17:30-18:00,50,1,0,8
5,2025-01-05,4,0,17:30-18:00,50,1,0,9
5,2025-01-05,4,0,17:30-18:00,50,0,1,10
5,2025-01-05,4,0,17:30-18:00,50,0,1,11
5,2025-01-05,4,0,17:30-18:00,50,1,0,12
5,2025-01-05,4,0,17:30-18:00,50,0,1,13
5,2025-01-05,4,0,17:30-18:00,50,0,1,14
5,2025-01-05,4,0,17:30-18:00,50,0,1,15
5,2025-01-05,4,0,17:30-18:00,50,0,1,16
5,2025-01-05,4,0,17:30-18:00,50,0,1,17
5,2025-01-05,4,0,17:30-18:00,50,0,1,18
5,2025-01-05,4,0,17:30-18:00,50,1,0,19
5,2025-01-05,4,0,17:30-18:00,50,0,1,20
5,2025-01-05,4,0,17:30-18:00,50,0,1,21
5,2025-01-05,4,0,17:30-18:00,50,1,0,22
5,2025-01-05,4,0,17:30-18:00,50,0,1,23
5,2025-01-05,4,0,17:30-18:00,50,0,1,24
5,2025-01-05,4,0,17:30-18:00,50,0,1,25
5,2025-01-05,4,0,17:30-18:00,50,1,0,26
5,2025-01-05,4,0,17:30-18:00,50,1,0,27
5,2025-01-05,4,0,17:30-18:00,50,1,0,28
5,2025-01-05,4,0,17:30-18:00,50,0,1,29
5,2025-01-05,4,0,17:30-18:00,50,1,0,30
5,2025-01-05,4,0,17:30-18:00,50,0,1,31
5,2025-01-05,4,0,17:30-18:00,50,0,1,32
5,2025-01-05,4,0,17:30-18:00,50,0,1,33
5,2025-01-05,4,0,17:30-18:00,50,0,1,34
5,2025-01-05,4,0,17:30-18:00,50,0,1,35
5,2025-01-05,4,0,17:30-18:00,50,1,0,36
5,2025-01-05,4,0,17:30-18:00,50,0,1,37
5,2025-01-05,4,0,17:30-18:00,50,0,1,38
5,2025-01-05,4,0,17:30-18:00,50,0,1,39
5,2025-01-05,4,0,17:30-18:00,50,0,1,40
5,2025-01-05,4,0,17:30-18:00,50,1,0,41
5,2025-01-05,4,0,17:30-18:00,50,1,0,42
5,2025-01-05,4,0,17:30-18:00,50,0,1,43
5,2025-01-05,4,0,17:30-18:00,50,1,0,44
5,2025-01-05,4,0,17:30-18:00,50,1,0,45
5,2025-01-05,4,0,17:30-18:00,50,0,1,46
5,2025-01-05,4,0,17:30-18:00,50,1,0,47
5,2025-01-05,4,0,17:30-18:00,50,0,1,48
5,2025-01-05,4,0,17:30-18:00,50,0,1,49
5,2025-01-05,4,0,17:30-18:00,50,0,1,50
5,2025-01-05,4,0,18:00-18:30,50,0,1,1
5,2025-01-05,4,0,18:00-18:30,50,1,0,2
5,2025-01-05,4,0,18:00-18:30,50,0,1,3
5,2025-01-05,4,0,18:00-18:30,50,1,0,4
5,2025-01-05,4,0,18:00-18:30,50,0,1,5
5,2025-01-05,4,0,18:00-18:30,50,1,0,6
5,2025-01-05,4,0,18:00-18:30,50,0,1,7
5,2025-01-05,4,0,18:00-18:30,50,0,1,8
5,2025-01-05,4,0,18:00-18:30,50,0,1,9
5,2025-01-05,4,0,18:00-18:30,50,0,1,10
5,2025-01-05,4,0,18:00-18:30,50,1,0,11
5,2025-01-05,4,0,18:00-18:30,50,0,1,12
5,2025-01-05,4,0,18:00-18:30,50,0,1,13
5,2025-01-05,4,0,18:00-18:30,50,0,1,14
5,2025-01-05,4,0,18:00-18:30,50,1,0,15
5,2025-01-05,4,0,18:00-18:30,50,0,1,16
5,2025-01-05,4,0,18:00-18:30,50,0,1,17
5,2025-01-05,4,0,18:00-18:30,50,0,1,18
5,2025-01-05,4,0,18:00-18:30,50,0,1,19
5,2025-01-05,4,0,18:00-18:30,50,0,1,20
5,2025-01-05,4,0,18:00-18:30,50,1,0,21
5,2025-01-05,4,0,18:00-18:30,50,0,1,22
5,2025-01-05,4,0,18:00-18:30,50,0,1,23
5,2025-01-05,4,0,18:00-18:30,50,0,1,24
5,2025-01-05,4,0,18:00-18:30,50,0,1,25
5,2025-01-05,4,0,18:00-18:30,50,1,0,26
5,2025-01-05,4,0,18:00-18:30,50,0,1,27
5,2025-01-05,4,0,18:00-18:30,50,1,0,28
5,2025-01-05,4,0,18:00-18:30,50,0,1,29
5,2025-01-05,4,0,18:00-18:30,50,0,1,30
5,2025-01-05,4,0,18:00-18:30,50,0,1,31
5,2025-01-05,4,0,18:00-18:30,50,1,0,32
5,2025-01-05,4,0,18:00-18:30,50,1,0,33
5,2025-01-05,4,0,18:00-18:30,50,0,1,34
5,2025-01-05,4,0,18:00-18:30,50,0,1,35
5,2025-01-05,4,0,18:00-18:30,50,0,1,36
5,2025-01-05,4,0,18:00-18:30,50,1,0,37
5,2025-01-05,4,0,18:00-18:30,50,1,0,38
5,2025-01-05,4,0,18:00-18:30,50,0,1,39
5,2025-01-05,4,0,18:00-18:30,50,0,1,40
5,2025-01-05,4,0,18:00-18:30,50,0,1,41
5,2025-01-05,4,0,18:00-18:30,50,1,0,42
5,2025-01-05,4,0,18:00-18:30,50,0,1,43
5,2025-01-05,4,0,18:00-18:30,50,0,1,44
5,2025-01-05,4,0,18:00-18:30,50,1,0,45
5,2025-01-05,4,0,18:00-18:30,50,1,0,46
5,2025-01-05,4,0,18:00-18:30,50,1,0,47
5,2025-01-05,4,0,18:00-18:30,50,0,1,48
5,2025-01-05,4,0,18:00-18:30,50,1,0,49
5,2025-01-05,4,0,18:00-18:30,50,0,1,50
5,2025-01-05,4,0,18:30-19:00,50,0,1,1
5,2025-01-05,4,0,18:30-19:00,50,1,0,2
5,2025-01-05,4,0,18:30-19:00,50,0,1,3
5,2025-01-05,4,0,18:30-19:00,50,0,1,4
5,2025-01-05,4,0,18:30-19:00,50,0,1,5
5,2025-01-05,4,0,18:30-19:00,50,0,1,6
5,2025-01-05,4,0,18:30-19:00,50,0,1,7
5,2025-01-05,4,0,18:30-19:00,50,0,1,8
5,2025-01-05,4,0,18:30-19:00,50,0,1,9
5,2025-01-05,4,0,18:30-19:00,50,0,1,10
5,2025-01-05,4,0,18:30-19:00,50,1,0,11
5,2025-01-05,4,0,18:30-19:00,50,0,1,12
5,2025-01-05,4,0,18:30-19:00,50,1,0,13
5,2025-01-05,4,0,18:30-19:00,50,0,1,14
5,2025-01-05,4,0,18:30-19:00,50,1,0,15
5,2025-01-05,4,0,18:30-19:00,50,0,1,16
5,2025-01-05,4,0,18:30-19:00,50,1,0,17
5,2025-01-05,4,0,18:30-19:00,50,0,1,18
5,2025-01-05,4,0,18:30-19:00,50,0,1,19
5,2025-01-05,4,0,18:30-19:00,50,0,1,20
5,2025-01-05,4,0,18:30-19:00,50,1,0,21
5,2025-01-05,4,0,18:30-19:00,50,0,1,22
5,2025-01-05,4,0,18:30-19:00,50,1,0,23
5,2025-01-05,4,0,18:30-19:00,50,1,0,24
5,2025-01-05,4,0,18:30-19:00,50,0,1,25
5,2025-01-05,4,0,18:30-19:00,50,0,1,26
5,2025-01-05,4,0,18:30-19:00,50,0,1,27
5,2025-01-05,4,0,18:30-19:00,50,1,0,28
5,2025-01-05,4,0,18:30-19:00,50,0,1,29
5,2025-01-05,4,0,18:30-19:00,50,1,0,30
5,2025-01-05,4,0,18:30-19:00,50,0,1,31
5,2025-01-05,4,0,18:30-19:00,50,0,1,32
5,2025-01-05,4,0,18:30-19:00,50,0,1,33
5,2025-01-05,4,0,18:30-19:00,50,1,0,34
5,2025-01-05,4,0,18:30-19:00,50,0,1,35
5,2025-01-05,4,0,18:30-19:00,50,0,1,36
5,2025-01-05,4,0,18:30-19:00,50,0,1,37
5,2025-01-05,4,0,18:30-19:00,50,0,1,38
5,2025-01-05,4,0,18:30-19:00,50,0,1,39
5,2025-01-05,4,0,18:30-19:00,50,0,1,40
5,2025-01-05,4,0,18:30-19:00,50,0,1,41
5,2025-01-05,4,0,18:30-19:00,50,0,1,42
5,2025-01-05,4,0,18:30-19:00,50,1,0,43
5,2025-01-05,4,0,18:30-19:00,50,1,0,44
5,2025-01-05,4,0,18:30-19:00,50,0,1,45
5,2025-01-05,4,0,18:30-19:00,50,1,0,46
5,2025-01-05,4,0,18:30-19:00,50,0,1,47
5,2025-01-05,4,0,18:30-19:00,50,1,0,48
5,2025-01-05,4,0,18:30-19:00,50,0,1,49
5,2025-01-05,4,0,18:30-19:00,50,0,1,50
6,2025-01-06,5,1,07:00-07:30,50,0,1,1
6,2025-01-06,5,1,07:00-07:30,50,1,0,2
6,2025-01-06,5,1,07:00-07:30,50,0,1,3
6,2025-01-06,5,1,07:00-07:30,50,1,0,4
6,2025-01-06,5,1,07:00-07:30,50,1,0,5
6,2025-01-06,5,1,07:00-07:30,50,0,1,6
6,2025-01-06,5,1,07:00-07:30,50,0,1,7
6,2025-01-06,5,1,07:00-07:30,50,1,0,8
6,2025-01-06,5,1,07:00-07:30,50,1,0,9
6,2025-01-06,5,1,07:00-07:30,50,1,0,10
6,2025-01-06,5,1,07:00-07:30,50,0,1,11
6,2025-01-06,5,1,07:00-07:30,50,1,0,12
6,2025-01-06,5,1,07:00-07:30,50,1,0,13
6,2025-01-06,5,1,07:00-07:30,50,1,0,14
6,2025-01-06,5,1,07:00-07:30,50,1,0,15
6,2025-01-06,5,1,07:00-07:30,50,0,1,16
6,2025-01-06,5,1,07:00-07:30,50,0,1,17
6,2025-01-06,5,1,07:00-07:30,50,1,0,18
6,2025-01-06,5,1,07:00-07:30,50,0,1,19
6,2025-01-06,5,1,07:00-07:30,50,1,0,20
6,2025-01-06,5,1,07:00-07:30,50,0,1,21
6,2025-01-06,5,1,07:00-07:30,50,0,1,22
6,2025-01-06,5,1,07:00-07:30,50,0,1,23
6,2025-01-06,5,1,07:00-07:30,50,0,1,24
6,2025-01-06,5,1,07:00-07:30,50,0,1,25
6,2025-01-06,5,1,07:00-07:30,50,1,0,26
6,2025-01-06,5,1,07:00-07:30,50,0,1,27
6,2025-01-06,5,1,07:00-07:30,50,1,0,28
6,2025-01-06,5,1,07:00-07:30,50,1,0,29
6,2025-01-06,5,1,07:00-07:30,50,0,1,30
6,2025-01-06,5,1,07:00-07:30,50,0,1,31
6,2025-01-06,5,1,07:00-07:30,50,0,1,32
6,2025-01-06,5,1,07:00-07:30,50,1,0,33
6,2025-01-06,5,1,07:00-07:30,50,1,0,34
6,2025-01-06,5,1,07:00-07:30,50,1,0,35
6,2025-01-06,5,1,07:00-07:30,50,0,1,36
6,2025-01-06,5,1,07:00-07:30,50,0,1,37
6,2025-01-06,5,1,07:00-07:30,50,0,1,38
6,2025-01-06,5,1,07:00-07:30,50,1,0,39
6,2025-01-06,5,1,07:00-07:30,50,1,0,40
6,2025-01-06,5,1,07:00-07:30,50,0,1,41
6,2025-01-06,5,1,07:00-07:30,50,1,0,42
6,2025-01-06,5,1,07:00-07:30,50,0,1,43
6,2025-01-06,5,1,07:00-07:30,50,1,0,44
6,2025-01-06,5,1,07:00-07:30,50,1,0,45
6,2025-01-06,5,1,07:00-07:30,50,0,1,46
6,2025-01-06,5,1,07:00-07:30,50,0,1,47
6,2025-01-06,5,1,07:00-07:30,50,1,0,48
6,2025-01-06,5,1,07:00-07:30,50,1,0,49
6,2025-01-06,5,1,07:00-07:30,50,1,0,50
6,2025-01-06,5,1,07:30-08:00,50,0,1,1
6,2025-01-06,5,1,07:30-08:00,50,0,1,2
6,2025-01-06,5,1,07:30-08:00,50,0,1,3
6,2025-01-06,5,1,07:30-08:00,50,1,0,4
6,2025-01-06,5,1,07:30-08:00,50,0,1,5
6,2025-01-06,5,1,07:30-08:00,50,1,0,6
6,2025-01-06,5,1,07:30-08:00,50,0,1,7
6,2025-01-06,5,1,07:30-08:00,50,1,0,8
6,2025-01-06,5,1,07:30-08:00,50,0,1,9
6,2025-01-06,5,1,07:30-08:00,50,1,0,10
6,2025-01-06,5,1,07:30-08:00,50,0,1,11
6,2025-01-06,5,1,07:30-08:00,50,0,1,12
6,2025-01-06,5,1,07:30-08:00,50,1,0,13
6,2025-01-06,5,1,07:30-08:00,50,0,1,14
6,2025-01-06,5,1,07:30-08:00,50,0,1,15
6,2025-01-06,5,1,07:30-08:00,50,0,1,16
6,2025-01-06,5,1,07:30-08:00,50,0,1,17
6,2025-01-06,5,1,07:30-08:00,50,1,0,18
6,2025-01-06,5,1,07:30-08:00,50,1,0,19
6,2025-01-06,5,1,07:30-08:00,50,0,1,20
6,2025-01-06,5,1,07:30-08:00,50,1,0,21
6,2025-01-06,5,1,07:30-08:00,50,1,0,22
6,2025-01-06,5,1,07:30-08:00,50,0,1,23
6,2025-01-06,5,1,07:30-08:00,50,0,1,24
6,2025-01-06,5,1,07:30-08:00,50,1,0,25
6,2025-01-06,5,1,07:30-08:00,50,1,0,26
6,2025-01-06,5,1,07:30-08:00,50,0,1,27
6,2025-01-06,5,1,07:30-08:00,50,0,1,28
6,2025-01-06,5,1,07:30-08:00,50,0,1,29
6,2025-01-06,5,1,07:30-08:00,50,1,0,30
6,2025-01-06,5,1,07:30-08:00,50,0,1,31
6,2025-01-06,5,1,07:30-08:00,50,1,0,32
6,2025-01-06,5,1,07:30-08:00,50,0,1,33
6,2025-01-06,5,1,07:30-08:00,50,0,1,34
6,2025-01-06,5,1,07:30-08:00,50,0,1,35
6,2025-01-06,5,1,07:30-08:00,50,1,0,36
6,2025-01-06,5,1,07:30-08:00,50,1,0,37
6,2025-01-06,5,1,07:30-08:00,50,0,1,38
6,2025-01-06,5,1,07:30-08:00,50,0,1,39
6,2025-01-06,5,1,07:30-08:00,50,0,1,40
6,2025-01-06,5,1,07:30-08:00,50,0,1,41
6,2025-01-06,5,1,07:30-08:00,50,0,1,42
6,2025-01-06,5,1,07:30-08:00,50,0,1,43
6,2025-01-06,5,1,07:30-08:00,50,1,0,44
6,2025-01-06,5,1,07:30-08:00,50,0,1,45
6,2025-01-06,5,1,07:30-08:00,50,1,0,46
6,2025-01-06,5,1,07:30-08:00,50,0,1,47
6,2025-01-06,5,1,07:30-08:00,50,0,1,48
6,2025-01-06,5,1,07:30-08:00,50,0,1,49
6,2025-01-06,5,1,07:30-08:00,50,0,1,50
6,2025-01-06,5,1,08:00-08:30,50,1,0,1
6,2025-01-06,5,1,08:00-08:30,50,1,0,2
6,2025-01-06,5,1,08:00-08:30,50,0,1,3
6,2025-01-06,5,1,08:00-08:30,50,0,1,4
6,2025-01-06,5,1,08:00-08:30,50,1,0,5
6,2025-01-06,5,1,08:00-08:30,50,0,1,6
6,2025-01-06,5,1,08:00-08:30,50,0,1,7
6,2025-01-06,5,1,08:00-08:30,50,0,1,8
6,2025-01-06,5,1,08:00-08:30,50,0,1,9
6,2025-01-06,5,1,08:00-08:30,50,0,1,10
6,2025-01-06,5,1,08:00-08:30,50,0,1,11
6,2025-01-06,5,1,08:00-08:30,50,0,1,12
6,2025-01-06,5,1,08:00-08:30,50,0,1,13
6,2025-01-06,5,1,08:00-08:30,50,0,1,14
6,2025-01-06,5,1,08:00-08:30,50,1,0,15
6,2025-01-06,5,1,08:00-08:30,50,0,1,16
6,2025-01-06,5,1,08:00-08:30,50,0,1,17
6,2025-01-06,5,1,08:00-08:30,50,0,1,18
6,2025-01-06,5,1,08:00-08:30,50,0,1,19
6,2025-01-06,5,1,08:00-08:30,50,0,1,20
6,2025-01-06,5,1,08:00-08:30,50,0,1,21
6,2025-01-06,5,1,08:00-08:30,50,0,1,22
6,2025-01-06,5,1,08:00-08:30,50,0,1,23
6,2025-01-06,5,1,08:00-08:30,50,0,1,24
6,2025-01-06,5,1,08:00-08:30,50,0,1,25
6,2025-01-06,5,1,08:00-08:30,50,0,1,26
6,2025-01-06,5,1,08:00-08:30,50,1,0,27
6,2025-01-06,5,1,08:00-08:30,50,0,1,28
6,2025-01-06,5,1,08:00-08:30,50,0,1,29
6,2025-01-06,5,1,08:00-08:30,50,0,1,30
6,2025-01-06,5,1,08:00-08:30,50,1,0,31
6,2025-01-06,5,1,08:00-08:30,50,0,1,32
6,2025-01-06,5,1,08:00-08:30,50,0,1,33
6,2025-01-06,5,1,08:00-08:30,50,0,1,34
6,2025-01-06,5,1,08:00-08:30,50,0,1,35
6,2025-01-06,5,1,08:00-08:30,50,1,0,36
6,2025-01-06,5,1,08:00-08:30,50,0,1,37
6,2025-01-06,5,1,08:00-08:30,50,1,0,38
6,2025-01-06,5,1,08:00-08:30,50,0,1,39
6,2025-01-06,5,1,08:00-08:30,50,0,1,40
6,2025-01-06,5,1,08:00-08:30,50,0,1,41
6,2025-01-06,5,1,08:00-08:30,50,1,0,42
6,2025-01-06,5,1,08:00-08:30,50,0,1,43
6,2025-01-06,5,1,08:00-08:30,50,0,1,44
6,2025-01-06,5,1,08:00-08:30,50,0,1,45
6,2025-01-06,5,1,08:00-08:30,50,0,1,46
6,2025-01-06,5,1,08:00-08:30,50,1,0,47
6,2025-01-06,5,1,08:00-08:30,50,0,1,48
6,2025-01-06,5,1,08:00-08:30,50,0,1,49
6,2025-01-06,5,1,08:00-08:30,50,0,1,50
6,2025-01-06,5,1,08:30-09:00,50,0,1,1
6,2025-01-06,5,1,08:30-09:00,50,1,0,2
6,2025-01-06,5,1,08:30-09:00,50,0,1,3
6,2025-01-06,5,1,08:30-09:00,50,0,1,4
6,2025-01-06,5,1,08:30-09:00,50,0,1,5
6,2025-01-06,5,1,08:30-09:00,50,0,1,6
6,2025-01-06,5,1,08:30-09:00,50,1,0,7
6,2025-01-06,5,1,08:30-09:00,50,1,0,8
6,2025-01-06,5,1,08:30-09:00,50,0,1,9
6,2025-01-06,5,1,08:30-09:00,50,0,1,10
6,2025-01-06,5,1,08:30-09:00,50,1,0,11
6,2025-01-06,5,1,08:30-09:00,50,1,0,12
6,2025-01-06,5,1,08:30-09:00,50,0,1,13
6,2025-01-06,5,1,08:30-09:00,50,1,0,14
6,2025-01-06,5,1,08:30-09:00,50,0,1,15
6,2025-01-06,5,1,08:30-09:00,50,0,1,16
6,2025-01-06,5,1,08:30-09:00,50,0,1,17
6,2025-01-06,5,1,08:30-09:00,50,0,1,18
6,2025-01-06,5,1,08:30-09:00,50,0,1,19
6,2025-01-06,5,1,08:30-09:00,50,1,0,20
6,2025-01-06,5,1,08:30-09:00,50,0,1,21
6,2025-01-06,5,1,08:30-09:00,50,0,1,22
6,2025-01-06,5,1,08:30-09:00,50,0,1,23
6,2025-01-06,5,1,08:30-09:00,50,0,1,24
6,2025-01-06,5,1,08:30-09:00,50,0,1,25
6,2025-01-06,5,1,08:30-09:00,50,0,1,26
6,2025-01-06,5,1,08:30-09:00,50,0,1,27
6,2025-01-06,5,1,08:30-09:00,50,0,1,28
6,2025-01-06,5,1,08:30-09:00,50,0,1,29
6,2025-01-06,5,1,08:30-09:00,50,1,0,30
6,2025-01-06,5,1,08:30-09:00,50,0,1,31
6,2025-01-06,5,1,08:30-09:00,50,0,1,32
6,2025-01-06,5,1,08:30-09:00,50,0,1,33
6,2025-01-06,5,1,08:30-09:00,50,0,1,34
6,2025-01-06,5,1,08:30-09:00,50,0,1,35
6,2025-01-06,5,1,08:30-09:00,50,0,1,36
6,2025-01-06,5,1,08:30-09:00,50,0,1,37
6,2025-01-06,5,1,08:30-09:00,50,0,1,38
6,2025-01-06,5,1,08:30-09:00,50,0,1,39
6,2025-01-06,5,1,08:30-09:00,50,0,1,40
6,2025-01-06,5,1,08:30-09:00,50,0,1,41
6,2025-01-06,5,1,08:30-09:00,50,1,0,42
6,2025-01-06,5,1,08:30-09:00,50,0,1,43
6,2025-01-06,5,1,08:30-09:00,50,1,0,44
6,2025-01-06,5,1,08:30-09:00,50,0,1,45
6,2025-01-06,5,1,08:30-09:00,50,0,1,46
6,2025-01-06,5,1,08:30-09:00,50,0,1,47
6,2025-01-06,5,1,08:30-09:00,50,0,1,48
6,2025-01-06,5,1,08:30-09:00,50,1,0,49
6,2025-01-06,5,1,08:30-09:00,50,0,1,50
6,2025-01-06,5,1,09:00-09:30,50,1,0,1
6,2025-01-06,5,1,09:00-09:30,50,0,1,2
6,2025-01-06,5,1,09:00-09:30,50,0,1,3
6,2025-01-06,5,1,09:00-09:30,50,0,1,4
6,2025-01-06,5,1,09:00-09:30,50,0,1,5
6,2025-01-06,5,1,09:00-09:30,50,1,0,6
6,2025-01-06,5,1,09:00-09:30,50,1,0,7
6,2025-01-06,5,1,09:00-09:30,50,0,1,8
6,2025-01-06,5,1,09:00-09:30,50,0,1,9
6,2025-01-06,5,1,09:00-09:30,50,1,0,10
6,2025-01-06,5,1,09:00-09:30,50,0,1,11
6,2025-01-06,5,1,09:00-09:30,50,0,1,12
6,2025-01-06,5,1,09:00-09:30,50,0,1,13
6,2025-01-06,5,1,09:00-09:30,50,0,1,14
6,2025-01-06,5,1,09:00-09:30,50,0,1,15
6,2025-01-06,5,1,09:00-09:30,50,0,1,16
6,2025-01-06,5,1,09:00-09:30,50,0,1,17
6,2025-01-06,5,1,09:00-09:30,50,0,1,18
6,2025-01-06,5,1,09:00-09:30,50,1,0,19
6,2025-01-06,5,1,09:00-09:30,50,0,1,20
6,2025-01-06,5,1,09:00-09:30,50,0,1,21
6,2025-01-06,5,1,09:00-09:30,50,0,1,22
6,2025-01-06,5,1,09:00-09:30,50,0,1,23
6,2025-01-06,5,1,09:00-09:30,50,0,1,24
6,2025-01-06,5,1,09:00-09:30,50,0,1,25
6,2025-01-06,5,1,09:00-09:30,50,1,0,26
6,2025-01-06,5,1,09:00-09:30,50,1,0,27
6,2025-01-06,5,1,09:00-09:30,50,0,1,28
6,2025-01-06,5,1,09:00-09:30,50,0,1,29
6,2025-01-06,5,1,09:00-09:30,50,0,1,30
6,2025-01-06,5,1,09:00-09:30,50,0,1,31
6,2025-01-06,5,1,09:00-09:30,50,1,0,32
6,2025-01-06,5,1,09:00-09:30,50,0,1,33
6,2025-01-06,5,1,09:00-09:30,50,0,1,34
6,2025-01-06,5,1,09:00-09:30,50,0,1,35
6,2025-01-06,5,1,09:00-09:30,50,1,0,36
6,2025-01-06,5,1,09:00-09:30,50,1,0,37
6,2025-01-06,5,1,09:00-09:30,50,1,0,38
6,2025-01-06,5,1,09:00-09:30,50,0,1,39
6,2025-01-06,5,1,09:00-09:30,50,1,0,40
6,2025-01-06,5,1,09:00-09:30,50,1,0,41
6,2025-01-06,5,1,09:00-09:30,50,0,1,42
6,2025-01-06,5,1,09:00-09:30,50,0,1,43
6,2025-01-06,5,1,09:00-09:30,50,0,1,44
6,2025-01-06,5,1,09:00-09:30,50,1,0,45
6,2025-01-06,5,1,09:00-09:30,50,0,1,46
6,2025-01-06,5,1,09:00-09:30,50,0,1,47
6,2025-01-06,5,1,09:00-09:30,50,0,1,48
6,2025-01-06,5,1,09:00-09:30,50,0,1,49
6,2025-01-06,5,1,09:00-09:30,50,0,1,50
6,2025-01-06,5,1,09:30-10:00,50,0,1,1
6,2025-01-06,5,1,09:30-10:00,50,1,0,2
6,2025-01-06,5,1,09:30-10:00,50,0,1,3
6,2025-01-06,5,1,09:30-10:00,50,0,1,4
6,2025-01-06,5,1,09:30-10:00,50,0,1,5
6,2025-01-06,5,1,09:30-10:00,50,0,1,6
6,2025-01-06,5,1,09:30-10:00,50,0,1,7
6,2025-01-06,5,1,09:30-10:00,50,0,1,8
6,2025-01-06,5,1,09:30-10:00,50,1,0,9
6,2025-01-06,5,1,09:30-10:00,50,0,1,10
6,2025-01-06,5,1,09:30-10:00,50,0,1,11
6,2025-01-06,5,1,09:30-10:00,50,0,1,12
6,2025-01-06,5,1,09:30-10:00,50,1,0,13
6,2025-01-06,5,1,09:30-10:00,50,0,1,14
6,2025-01-06,5,1,09:30-10:00,50,0,1,15
6,2025-01-06,5,1,09:30-10:00,50,0,1,16
6,2025-01-06,5,1,09:30-10:00,50,0,1,17
6,2025-01-06,5,1,09:30-10:00,50,1,0,18
6,2025-01-06,5,1,09:30-10:00,50,0,1,19
6,2025-01-06,5,1,09:30-10:00,50,0,1,20
6,2025-01-06,5,1,09:30-10:00,50,0,1,21
6,2025-01-06,5,1,09:30-10:00,50,0,1,22
6,2025-01-06,5,1,09:30-10:00,50,0,1,23
6,2025-01-06,5,1,09:30-10:00,50,0,1,24
6,2025-01-06,5,1,09:30-10:00,50,0,1,25
6,2025-01-06,5,1,09:30-10:00,50,0,1,26
6,2025-01-06,5,1,09:30-10:00,50,0,1,27
6,2025-01-06,5,1,09:30-10:00,50,0,1,28
6,2025-01-06,5,1,09:30-10:00,50,1,0,29
6,2025-01-06,5,1,09:30-10:00,50,0,1,30
6,2025-01-06,5,1,09:30-10:00,50,1,0,31
6,2025-01-06,5,1,09:30-10:00,50,0,1,32
6,2025-01-06,5,1,09:30-10:00,50,0,1,33
6,2025-01-06,5,1,09:30-10:00,50,1,0,34
6,2025-01-06,5,1,09:30-10:00,50,0,1,35
6,2025-01-06,5,1,09:30-10:00,50,0,1,36
6,2025-01-06,5,1,09:30-10:00,50,0,1,37
6,2025-01-06,5,1,09:30-10:00,50,0,1,38
6,2025-01-06,5,1,09:30-10:00,50,0,1,39
6,2025-01-06,5,1,09:30-10:00,50,1,0,40
6,2025-01-06,5,1,09:30-10:00,50,0,1,41
6,2025-01-06,5,1,09:30-10:00,50,1,0,42
6,2025-01-06,5,1,09:30-10:00,50,0,1,43
6,2025-01-06,5,1,09:30-10:00,50,0,1,44
6,2025-01-06,5,1,09:30-10:00,50,0,1,45
6,2025-01-06,5,1,09:30-10:00,50,1,0,46
6,2025-01-06,5,1,09:30-10:00,50,0,1,47
6,2025-01-06,5,1,09:30-10:00,50,0,1,48
6,2025-01-06,5,1,09:30-10:00,50,0,1,49
6,2025-01-06,5,1,09:30-10:00,50,0,1,50
6,2025-01-06,5,1,16:00-16:30,50,1,0,1
6,2025-01-06,5,1,16:00-16:30,50,0,1,2
6,2025-01-06,5,1,16:00-16:30,50,0,1,3
6,2025-01-06,5,1,16:00-16:30,50,0,1,4
6,2025-01-06,5,1,16:00-16:30,50,0,1,5
6,2025-01-06,5,1,16:00-16:30,50,0,1,6
6,2025-01-06,5,1,16:00-16:30,50,1,0,7
6,2025-01-06,5,1,16:00-16:30,50,0,1,8
6,2025-01-06,5,1,16:00-16:30,50,1,0,9
6,2025-01-06,5,1,16:00-16:30,50,0,1,10
6,2025-01-06,5,1,16:00-16:30,50,0,1,11
6,2025-01-06,5,1,16:00-16:30,50,1,0,12
6,2025-01-06,5,1,16:00-16:30,50,1,0,13
6,2025-01-06,5,1,16:00-16:30,50,0,1,14
6,2025-01-06,5,1,16:00-16:30,50,0,1,15
6,2025-01-06,5,1,16:00-16:30,50,0,1,16
6,2025-01-06,5,1,16:00-16:30,50,0,1,17
6,2025-01-06,5,1,16:00-16:30,50,0,1,18
6,2025-01-06,5,1,16:00-16:30,50,0,1,19
6,2025-01-06,5,1,16:00-16:30,50,0,1,20
6,2025-01-06,5,1,16:00-16:30,50,0,1,21
6,2025-01-06,5,1,16:00-16:30,50,1,0,22
6,2025-01-06,5,1,16:00-16:30,50,0,1,23
6,2025-01-06,5,1,16:00-16:30,50,0,1,24
6,2025-01-06,5,1,16:00-16:30,50,0,1,25
6,2025-01-06,5,1,16:00-16:30,50,0,1,26
6,2025-01-06,5,1,16:00-16:30,50,0,1,27
6,2025-01-06,5,1,16:00-16:30,50,1,0,28
6,2025-01-06,5,1,16:00-16:30,50,0,1,29
6,2025-01-06,5,1,16:00-16:30,50,0,1,30
6,2025-01-06,5,1,16:00-16:30,50,0,1,31
6,2025-01-06,5,1,16:00-16:30,50,1,0,32
6,2025-01-06,5,1,16:00-16:30,50,0,1,33
6,2025-01-06,5,1,16:00-16:30,50,0,1,34
6,2025-01-06,5,1,16:00-16:30,50,0,1,35
6,2025-01-06,5,1,16:00-16:30,50,0,1,36
6,2025-01-06,5,1,16:00-16:30,50,0,1,37
6,2025-01-06,5,1,16:00-16:30,50,0,1,38
6,2025-01-06,5,1,16:00-16:30,50,0,1,39
6,2025-01-06,5,1,16:00-16:30,50,0,1,40
6,2025-01-06,5,1,16:00-16:30,50,0,1,41
6,2025-01-06,5,1,16:00-16:30,50,0,1,42
6,2025-01-06,5,1,16:00-16:30,50,0,1,43
6,2025-01-06,5,1,16:00-16:30,50,0,1,44
6,2025-01-06,5,1,16:00-16:30,50,1,0,45
6,2025-01-06,5,1,16:00-16:30,50,1,0,46
6,2025-01-06,5,1,16:00-16:30,50,0,1,47
6,2025-01-06,5,1,16:00-16:30,50,0,1,48
6,2025-01-06,5,1,16:00-16:30,50,0,1,49
6,2025-01-06,5,1,16:00-16:30,50,0,1,50
6,2025-01-06,5,1,16:30-17:00,50,1,0,1
6,2025-01-06,5,1,16:30-17:00,50,1,0,2
6,2025-01-06,5,1,16:30-17:00,50,0,1,3
6,2025-01-06,5,1,16:30-17:00,50,0,1,4
6,2025-01-06,5,1,16:30-17:00,50,0,1,5
6,2025-01-06,5,1,16:30-17:00,50,0,1,6
6,2025-01-06,5,1,16:30-17:00,50,1,0,7
6,2025-01-06,5,1,16:30-17:00,50,1,0,8
6,2025-01-06,5,1,16:30-17:00,50,0,1,9
6,2025-01-06,5,1,16:30-17:00,50,0,1,10
6,2025-01-06,5,1,16:30-17:00,50,0,1,11
6,2025-01-06,5,1,16:30-17:00,50,0,1,12
6,2025-01-06,5,1,16:30-17:00,50,0,1,13
6,2025-01-06,5,1,16:30-17:00,50,0,1,14
6,2025-01-06,5,1,16:30-17:00,50,0,1,15
6,2025-01-06,5,1,16:30-17:00,50,0,1,16
6,2025-01-06,5,1,16:30-17:00,50,0,1,17
6,2025-01-06,5,1,16:30-17:00,50,0,1,18
6,2025-01-06,5,1,16:30-17:00,50,1,0,19
6,2025-01-06,5,1,16:30-17:00,50,0,1,20
6,2025-01-06,5,1,16:30-17:00,50,0,1,21
6,2025-01-06,5,1,16:30-17:00,50,0,1,22
6,2025-01-06,5,1,16:30-17:00,50,1,0,23
6,2025-01-06,5,1,16:30-17:00,50,1,0,24
6,2025-01-06,5,1,16:30-17:00,50,1,0,25
6,2025-01-06,5,1,16:30-17:00,50,0,1,26
6,2025-01-06,5,1,16:30-17:00,50,0,1,27
6,2025-01-06,5,1,16:30-17:00,50,0,1,28
6,2025-01-06,5,1,16:30-17:00,50,1,0,29
6,2025-01-06,5,1,16:30-17:00,50,0,1,30
6,2025-01-06,5,1,16:30-17:00,50,0,1,31
6,2025-01-06,5,1,16:30-17:00,50,0,1,32
6,2025-01-06,5,1,16:30-17:00,50,1,0,33
6,2025-01-06,5,1,16:30-17:00,50,0,1,34
6,2025-01-06,5,1,16:30-17:00,50,0,1,35
6,2025-01-06,5,1,16:30-17:00,50,1,0,36
6,2025-01-06,5,1,16:30-17:00,50,0,1,37
6,2025-01-06,5,1,16:30-17:00,50,0,1,38
6,2025-01-06,5,1,16:30-17:00,50,0,1,39
6,2025-01-06,5,1,16:30-17:00,50,0,1,40
6,2025-01-06,5,1,16:30-17:00,50,1,0,41
6,2025-01-06,5,1,16:30-17:00,50,0,1,42
6,2025-01-06,5,1,16:30-17:00,50,0,1,43
6,2025-01-06,5,1,16:30-17:00,50,0,1,44
6,2025-01-06,5,1,16:30-17:00,50,0,1,45
6,2025-01-06,5,1,16:30-17:00,50,0,1,46
6,2025-01-06,5,1,16:30-17:00,50,0,1,47
6,2025-01-06,5,1,16:30-17:00,50,0,1,48
6,2025-01-06,5,1,16:30-17:00,50,0,1,49
6,2025-01-06,5,1,16:30-17:00,50,0,1,50
6,2025-01-06,5,1,17:00-17:30,50,0,1,1
6,2025-01-06,5,1,17:00-17:30,50,0,1,2
6,2025-01-06,5,1,17:00-17:30,50,1,0,3
6,2025-01-06,5,1,17:00-17:30,50,0,1,4
6,2025-01-06,5,1,17:00-17:30,50,0,1,5
6,2025-01-06,5,1,17:00-17:30,50,0,1,6
6,2025-01-06,5,1,17:00-17:30,50,1,0,7
6,2025-01-06,5,1,17:00-17:30,50,0,1,8
6,2025-01-06,5,1,17:00-17:30,50,0,1,9
6,2025-01-06,5,1,17:00-17:30,50,1,0,10
6,2025-01-06,5,1,17:00-17:30,50,0,1,11
6,2025-01-06,5,1,17:00-17:30,50,0,1,12
6,2025-01-06,5,1,17:00-17:30,50,0,1,13
6,2025-01-06,5,1,17:00-17:30,50,0,1,14
6,2025-01-06,5,1,17:00-17:30,50,0,1,15
6,2025-01-06,5,1,17:00-17:30,50,0,1,16
6,2025-01-06,5,1,17:00-17:30,50,0,1,17
6,2025-01-06,5,1,17:00-17:30,50,0,1,18
6,2025-01-06,5,1,17:00-17:30,50,0,1,19
6,2025-01-06,5,1,17:00-17:30,50,0,1,20
6,2025-01-06,5,1,17:00-17:30,50,1,0,21
6,2025-01-06,5,1,17:00-17:30,50,0,1,22
6,2025-01-06,5,1,17:00-17:30,50,0,1,23
6,2025-01-06,5,1,17:00-17:30,50,0,1,24
6,2025-01-06,5,1,17:00-17:30,50,1,0,25
6,2025-01-06,5,1,17:00-17:30,50,0,1,26
6,2025-01-06,5,1,17:00-17:30,50,1,0,27
6,2025-01-06,5,1,17:00-17:30,50,1,0,28
6,2025-01-06,5,1,17:00-17:30,50,0,1,29
6,2025-01-06,5,1,17:00-17:30,50,0,1,30
6,2025-01-06,5,1,17:00-17:30,50,0,1,31
6,2025-01-06,5,1,17:00-17:30,50,0,1,32
6,2025-01-06,5,1,17:00-17:30,50,0,1,33
6,2025-01-06,5,1,17:00-17:30,50,0,1,34
6,2025-01-06,5,1,17:00-17:30,50,0,1,35
6,2025-01-06,5,1,17:00-17:30,50,0,1,36
6,2025-01-06,5,1,17:00-17:30,50,1,0,37
6,2025-01-06,5,1,17:00-17:30,50,0,1,38
6,2025-01-06,5,1,17:00-17:30,50,0,1,39
6,2025-01-06,5,1,17:00-17:30,50,0,1,40
6,2025-01-06,5,1,17:00-17:30,50,0,1,41
6,2025-01-06,5,1,17:00-17:30,50,1,0,42
6,2025-01-06,5,1,17:00-17:30,50,0,1,43
6,2025-01-06,5,1,17:00-17:30,50,0,1,44
6,2025-01-06,5,1,17:00-17:30,50,0,1,45
6,2025-01-06,5,1,17:00-17:30,50,0,1,46
6,2025-01-06,5,1,17:00-17:30,50,1,0,47
6,2025-01-06,5,1,17:00-17:30,50,0,1,48
6,2025-01-06,5,1,17:00-17:30,50,1,0,49
6,2025-01-06,5,1,17:00-17:30,50,0,1,50
6,2025-01-06,5,1,17:30-18:00,50,0,1,1
6,2025-01-06,5,1,17:30-18:00,50,1,0,2
6,2025-01-06,5,1,17:30-18:00,50,0,1,3
6,2025-01-06,5,1,17:30-18:00,50,0,1,4
6,2025-01-06,5,1,17:30-18:00,50,0,1,5
6,2025-01-06,5,1,17:30-18:00,50,0,1,6
6,2025-01-06,5,1,17:30-18:00,50,1,0,7
6,2025-01-06,5,1,17:30-18:00,50,0,1,8
6,2025-01-06,5,1,17:30-18:00,50,0,1,9
6,2025-01-06,5,1,17:30-18:00,50,0,1,10
6,2025-01-06,5,1,17:30-18:00,50,0,1,11
6,2025-01-06,5,1,17:30-18:00,50,1,0,12
6,2025-01-06,5,1,17:30-18:00,50,0,1,13
6,2025-01-06,5,1,17:30-18:00,50,0,1,14
6,2025-01-06,5,1,17:30-18:00,50,0,1,15
6,2025-01-06,5,1,17:30-18:00,50,0,1,16
6,2025-01-06,5,1,17:30-18:00,50,0,1,17
6,2025-01-06,5,1,17:30-18:00,50,1,0,18
6,2025-01-06,5,1,17:30-18:00,50,1,0,19
6,2025-01-06,5,1,17:30-18:00,50,0,1,20
6,2025-01-06,5,1,17:30-18:00,50,0,1,21
6,2025-01-06,5,1,17:30-18:00,50,1,0,22
6,2025-01-06,5,1,17:30-18:00,50,0,1,23
6,2025-01-06,5,1,17:30-18:00,50,0,1,24
6,2025-01-06,5,1,17:30-18:00,50,0,1,25
6,2025-01-06,5,1,17:30-18:00,50,0,1,26
6,2025-01-06,5,1,17:30-18:00,50,0,1,27
6,2025-01-06,5,1,17:30-18:00,50,0,1,28
6,2025-01-06,5,1,17:30-18:00,50,0,1,29
6,2025-01-06,5,1,17:30-18:00,50,1,0,30
6,2025-01-06,5,1,17:30-18:00,50,0,1,31
6,2025-01-06,5,1,17:30-18:00,50,0,1,32
6,2025-01-06,5,1,17:30-18:00,50,0,1,33
6,2025-01-06,5,1,17:30-18:00,50,0,1,34
6,2025-01-06,5,1,17:30-18:00,50,0,1,35
6,2025-01-06,5,1,17:30-18:00,50,0,1,36
6,2025-01-06,5,1,17:30-18:00,50,0,1,37
6,2025-01-06,5,1,17:30-18:00,50,0,1,38
6,2025-01-06,5,1,17:30-18:00,50,1,0,39
6,2025-01-06,5,1,17:30-18:00,50,1,0,40
6,2025-01-06,5,1,17:30-18:00,50,0,1,41
6,2025-01-06,5,1,17:30-18:00,50,0,1,42
6,2025-01-06,5,1,17:30-18:00,50,0,1,43
6,2025-01-06,5,1,17:30-18:00,50,0,1,44
6,2025-01-06,5,1,17:30-18:00,50,1,0,45
6,2025-01-06,5,1,17:30-18:00,50,0,1,46
6,2025-01-06,5,1,17:30-18:00,50,0,1,47
6,2025-01-06,5,1,17:30-18:00,50,1,0,48
6,2025-01-06,5,1,17:30-18:00,50,0,1,49
6,2025-01-06,5,1,17:30-18:00,50,0,1,50
6,2025-01-06,5,1,18:00-18:30,50,1,0,1
6,2025-01-06,5,1,18:00-18:30,50,0,1,2
6,2025-01-06,5,1,18:00-18:30,50,1,0,3
6,2025-01-06,5,1,18:00-18:30,50,0,1,4
6,2025-01-06,5,1,18:00-18:30,50,0,1,5
6,2025-01-06,5,1,18:00-18:30,50,0,1,6
6,2025-01-06,5,1,18:00-18:30,50,0,1,7
6,2025-01-06,5,1,18:00-18:30,50,0,1,8
6,2025-01-06,5,1,18:00-18:30,50,0,1,9
6,2025-01-06,5,1,18:00-18:30,50,0,1,10
6,2025-01-06,5,1,18:00-18:30,50,0,1,11
6,2025-01-06,5,1,18:00-18:30,50,0,1,12
6,2025-01-06,5,1,18:00-18:30,50,1,0,13
6,2025-01-06,5,1,18:00-18:30,50,0,1,14
6,2025-01-06,5,1,18:00-18:30,50,0,1,15
6,2025-01-06,5,1,18:00-18:30,50,0,1,16
6,2025-01-06,5,1,18:00-18:30,50,0,1,17
6,2025-01-06,5,1,18:00-18:30,50,1,0,18
6,2025-01-06,5,1,18:00-18:30,50,0,1,19
6,2025-01-06,5,1,18:00-18:30,50,0,1,20
6,2025-01-06,5,1,18:00-18:30,50,1,0,21
6,2025-01-06,5,1,18:00-18:30,50,1,0,22
6,2025-01-06,5,1,18:00-18:30,50,0,1,23
6,2025-01-06,5,1,18:00-18:30,50,0,1,24
6,2025-01-06,5,1,18:00-18:30,50,0,1,25
6,2025-01-06,5,1,18:00-18:30,50,1,0,26
6,2025-01-06,5,1,18:00-18:30,50,1,0,27
6,2025-01-06,5,1,18:00-18:30,50,0,1,28
6,2025-01-06,5,1,18:00-18:30,50,0,1,29
6,2025-01-06,5,1,18:00-18:30,50,0,1,30
6,2025-01-06,5,1,18:00-18:30,50,0,1,31
6,2025-01-06,5,1,18:00-18:30,50,0,1,32
6,2025-01-06,5,1,18:00-18:30,50,0,1,33
6,2025-01-06,5,1,18:00-18:30,50,1,0,34
6,2025-01-06,5,1,18:00-18:30,50,0,1,35
6,2025-01-06,5,1,18:00-18:30,50,0,1,36
6,2025-01-06,5,1,18:00-18:30,50,1,0,37
6,2025-01-06,5,1,18:00-18:30,50,1,0,38
6,2025-01-06,5,1,18:00-18:30,50,0,1,39
6,2025-01-06,5,1,18:00-18:30,50,0,1,40
6,2025-01-06,5,1,18:00-18:30,50,0,1,41
6,2025-01-06,5,1,18:00-18:30,50,1,0,42
6,2025-01-06,5,1,18:00-18:30,50,0,1,43
6,2025-01-06,5,1,18:00-18:30,50,0,1,44
6,2025-01-06,5,1,18:00-18:30,50,0,1,45
6,2025-01-06,5,1,18:00-18:30,50,0,1,46
6,2025-01-06,5,1,18:00-18:30,50,0,1,47
6,2025-01-06,5,1,18:00-18:30,50,0,1,48
6,2025-01-06,5,1,18:00-18:30,50,0,1,49
6,2025-01-06,5,1,18:00-18:30,50,0,1,50
6,2025-01-06,5,1,18:30-19:00,50,0,1,1
6,2025-01-06,5,1,18:30-19:00,50,0,1,2
6,2025-01-06,5,1,18:30-19:00,50,0,1,3
6,2025-01-06,5,1,18:30-19:00,50,0,1,4
6,2025-01-06,5,1,18:30-19:00,50,0,1,5
6,2025-01-06,5,1,18:30-19:00,50,0,1,6
6,2025-01-06,5,1,18:30-19:00,50,1,0,7
6,2025-01-06,5,1,18:30-19:00,50,0,1,8
6,2025-01-06,5,1,18:30-19:00,50,0,1,9
6,2025-01-06,5,1,18:30-19:00,50,0,1,10
6,2025-01-06,5,1,18:30-19:00,50,0,1,11
6,2025-01-06,5,1,18:30-19:00,50,0,1,12
6,2025-01-06,5,1,18:30-19:00,50,0,1,13
6,2025-01-06,5,1,18:30-19:00,50,0,1,14
6,2025-01-06,5,1,18:30-19:00,50,0,1,15
6,2025-01-06,5,1,18:30-19:00,50,0,1,16
6,2025-01-06,5,1,18:30-19:00,50,0,1,17
6,2025-01-06,5,1,18:30-19:00,50,0,1,18
6,2025-01-06,5,1,18:30-19:00,50,0,1,19
6,2025-01-06,5,1,18:30-19:00,50,0,1,20
6,2025-01-06,5,1,18:30-19:00,50,0,1,21
6,2025-01-06,5,1,18:30-19:00,50,0,1,22
6,2025-01-06,5,1,18:30-19:00,50,0,1,23
6,2025-01-06,5,1,18:30-19:00,50,0,1,24
6,2025-01-06,5,1,18:30-19:00,50,0,1,25
6,2025-01-06,5,1,18:30-19:00,50,0,1,26
6,2025-01-06,5,1,18:30-19:00,50,0,1,27
6,2025-01-06,5,1,18:30-19:00,50,1,0,28
6,2025-01-06,5,1,18:30-19:00,50,0,1,29
6,2025-01-06,5,1,18:30-19:00,50,0,1,30
6,2025-01-06,5,1,18:30-19:00,50,0,1,31
6,2025-01-06,5,1,18:30-19:00,50,0,1,32
6,2025-01-06,5,1,18:30-19:00,50,0,1,33
6,2025-01-06,5,1,18:30-19:00,50,0,1,34
6,2025-01-06,5,1,18:30-19:00,50,0,1,35
6,2025-01-06,5,1,18:30-19:00,50,0,1,36
6,2025-01-06,5,1,18:30-19:00,50,0,1,37
6,2025-01-06,5,1,18:30-19:00,50,0,1,38
6,2025-01-06,5,1,18:30-19:00,50,0,1,39
6,2025-01-06,5,1,18:30-19:00,50,0,1,40
6,2025-01-06,5,1,18:30-19:00,50,0,1,41
6,2025-01-06,5,1,18:30-19:00,50,0,1,42
6,2025-01-06,5,1,18:30-19:00,50,0,1,43
6,2025-01-06,5,1,18:30-19:00,50,0,1,44
6,2025-01-06,5,1,18:30-19:00,50,0,1,45
6,2025-01-06,5,1,18:30-19:00,50,0,1,46
6,2025-01-06,5,1,18:30-19:00,50,1,0,47
6,2025-01-06,5,1,18:30-19:00,50,0,1,48
6,2025-01-06,5,1,18:30-19:00,50,0,1,49
6,2025-01-06,5,1,18:30-19:00,50,0,1,50
7,2025-01-07,6,0,07:00-07:30,50,0,1,1
7,2025-01-07,6,0,07:00-07:30,50,1,0,2
7,2025-01-07,6,0,07:00-07:30,50,0,1,3
7,2025-01-07,6,0,07:00-07:30,50,0,1,4
7,2025-01-07,6,0,07:00-07:30,50,0,1,5
7,2025-01-07,6,0,07:00-07:30,50,1,0,6
7,2025-01-07,6,0,07:00-07:30,50,0,1,7
7,2025-01-07,6,0,07:00-07:30,50,1,0,8
7,2025-01-07,6,0,07:00-07:30,50,1,0,9
7,2025-01-07,6,0,07:00-07:30,50,0,1,10
7,2025-01-07,6,0,07:00-07:30,50,1,0,11
7,2025-01-07,6,0,07:00-07:30,50,1,0,12
7,2025-01-07,6,0,07:00-07:30,50,0,1,13
7,2025-01-07,6,0,07:00-07:30,50,1,0,14
7,2025-01-07,6,0,07:00-07:30,50,1,0,15
7,2025-01-07,6,0,07:00-07:30,50,1,0,16
7,2025-01-07,6,0,07:00-07:30,50,1,0,17
7,2025-01-07,6,0,07:00-07:30,50,1,0,18
7,2025-01-07,6,0,07:00-07:30,50,1,0,19
7,2025-01-07,6,0,07:00-07:30,50,1,0,20
7,2025-01-07,6,0,07:00-07:30,50,1,0,21
7,2025-01-07,6,0,07:00-07:30,50,1,0,22
7,2025-01-07,6,0,07:00-07:30,50,1,0,23
7,2025-01-07,6,0,07:00-07:30,50,0,1,24
7,2025-01-07,6,0,07:00-07:30,50,0,1,25
7,2025-01-07,6,0,07:00-07:30,50,1,0,26
7,2025-01-07,6,0,07:00-07:30,50,0,1,27
7,2025-01-07,6,0,07:00-07:30,50,1,0,28
7,2025-01-07,6,0,07:00-07:30,50,1,0,29
7,2025-01-07,6,0,07:00-07:30,50,1,0,30
7,2025-01-07,6,0,07:00-07:30,50,1,0,31
7,2025-01-07,6,0,07:00-07:30,50,1,0,32
7,2025-01-07,6,0,07:00-07:30,50,1,0,33
7,2025-01-07,6,0,07:00-07:30,50,1,0,34
7,2025-01-07,6,0,07:00-07:30,50,1,0,35
7,2025-01-07,6,0,07:00-07:30,50,1,0,36
7,2025-01-07,6,0,07:00-07:30,50,1,0,37
7,2025-01-07,6,0,07:00-07:30,50,0,1,38
7,2025-01-07,6,0,07:00-07:30,50,0,1,39
7,2025-01-07,6,0,07:00-07:30,50,1,0,40
7,2025-01-07,6,0,07:00-07:30,50,1,0,41
7,2025-01-07,6,0,07:00-07:30,50,1,0,42
7,2025-01-07,6,0,07:00-07:30,50,1,0,43
7,2025-01-07,6,0,07:00-07:30,50,1,0,44
7,2025-01-07,6,0,07:00-07:30,50,0,1,45
7,2025-01-07,6,0,07:00-07:30,50,1,0,46
7,2025-01-07,6,0,07:00-07:30,50,1,0,47
7,2025-01-07,6,0,07:00-07:30,50,1,0,48
7,2025-01-07,6,0,07:00-07:30,50,1,0,49
7,2025-01-07,6,0,07:00-07:30,50,0,1,50
7,2025-01-07,6,0,07:30-08:00,50,1,0,1
7,2025-01-07,6,0,07:30-08:00,50,1,0,2
7,2025-01-07,6,0,07:30-08:00,50,1,0,3
7,2025-01-07,6,0,07:30-08:00,50,0,1,4
7,2025-01-07,6,0,07:30-08:00,50,1,0,5
7,2025-01-07,6,0,07:30-08:00,50,0,1,6
7,2025-01-07,6,0,07:30-08:00,50,1,0,7
7,2025-01-07,6,0,07:30-08:00,50,1,0,8
7,2025-01-07,6,0,07:30-08:00,50,1,0,9
7,2025-01-07,6,0,07:30-08:00,50,1,0,10
7,2025-01-07,6,0,07:30-08:00,50,1,0,11
7,2025-01-07,6,0,07:30-08:00,50,1,0,12
7,2025-01-07,6,0,07:30-08:00,50,1,0,13
7,2025-01-07,6,0,07:30-08:00,50,1,0,14
7,2025-01-07,6,0,07:30-08:00,50,1,0,15
7,2025-01-07,6,0,07:30-08:00,50,1,0,16
7,2025-01-07,6,0,07:30-08:00,50,1,0,17
7,2025-01-07,6,0,07:30-08:00,50,0,1,18
7,2025-01-07,6,0,07:30-08:00,50,1,0,19
7,2025-01-07,6,0,07:30-08:00,50,0,1,20
7,2025-01-07,6,0,07:30-08:00,50,1,0,21
7,2025-01-07,6,0,07:30-08:00,50,1,0,22
7,2025-01-07,6,0,07:30-08:00,50,0,1,23
7,2025-01-07,6,0,07:30-08:00,50,1,0,24
7,2025-01-07,6,0,07:30-08:00,50,1,0,25
7,2025-01-07,6,0,07:30-08:00,50,1,0,26
7,2025-01-07,6,0,07:30-08:00,50,1,0,27
7,2025-01-07,6,0,07:30-08:00,50,1,0,28
7,2025-01-07,6,0,07:30-08:00,50,1,0,29
7,2025-01-07,6,0,07:30-08:00,50,0,1,30
7,2025-01-07,6,0,07:30-08:00,50,1,0,31
7,2025-01-07,6,0,07:30-08:00,50,0,1,32
7,2025-01-07,6,0,07:30-08:00,50,1,0,33
7,2025-01-07,6,0,07:30-08:00,50,1,0,34
7,2025-01-07,6,0,07:30-08:00,50,1,0,35
7,2025-01-07,6,0,07:30-08:00,50,1,0,36
7,2025-01-07,6,0,07:30-08:00,50,0,1,37
7,2025-01-07,6,0,07:30-08:00,50,1,0,38
7,2025-01-07,6,0,07:30-08:00,50,1,0,39
7,2025-01-07,6,0,07:30-08:00,50,1,0,40
7,2025-01-07,6,0,07:30-08:00,50,1,0,41
7,2025-01-07,6,0,07:30-08:00,50,1,0,42
7,2025-01-07,6,0,07:30-08:00,50,0,1,43
7,2025-01-07,6,0,07:30-08:00,50,0,1,44
7,2025-01-07,6,0,07:30-08:00,50,1,0,45
7,2025-01-07,6,0,07:30-08:00,50,1,0,46
7,2025-01-07,6,0,07:30-08:00,50,1,0,47
7,2025-01-07,6,0,07:30-08:00,50,0,1,48
7,2025-01-07,6,0,07:30-08:00,50,0,1,49
7,2025-01-07,6,0,07:30-08:00,50,1,0,50
7,2025-01-07,6,0,08:00-08:30,50,0,1,1
7,2025-01-07,6,0,08:00-08:30,50,1,0,2
7,2025-01-07,6,0,08:00-08:30,50,1,0,3
7,2025-01-07,6,0,08:00-08:30,50,0,1,4
7,2025-01-07,6,0,08:00-08:30,50,1,0,5
7,2025-01-07,6,0,08:00-08:30,50,1,0,6
7,2025-01-07,6,0,08:00-08:30,50,0,1,7
7,2025-01-07,6,0,08:00-08:30,50,1,0,8
7,2025-01-07,6,0,08:00-08:30,50,1,0,9
7,2025-01-07,6,0,08:00-08:30,50,1,0,10
7,2025-01-07,6,0,08:00-08:30,50,1,0,11
7,2025-01-07,6,0,08:00-08:30,50,1,0,12
7,2025-01-07,6,0,08:00-08:30,50,1,0,13
7,2025-01-07,6,0,08:00-08:30,50,1,0,14
7,2025-01-07,6,0,08:00-08:30,50,1,0,15
7,2025-01-07,6,0,08:00-08:30,50,0,1,16
7,2025-01-07,6,0,08:00-08:30,50,1,0,17
7,2025-01-07,6,0,08:00-08:30,50,1,0,18
7,2025-01-07,6,0,08:00-08:30,50,1,0,19
7,2025-01-07,6,0,08:00-08:30,50,1,0,20
7,2025-01-07,6,0,08:00-08:30,50,0,1,21
7,2025-01-07,6,0,08:00-08:30,50,1,0,22
7,2025-01-07,6,0,08:00-08:30,50,0,1,23
7,2025-01-07,6,0,08:00-08:30,50,0,1,24
7,2025-01-07,6,0,08:00-08:30,50,0,1,25
7,2025-01-07,6,0,08:00-08:30,50,1,0,26
7,2025-01-07,6,0,08:00-08:30,50,0,1,27
7,2025-01-07,6,0,08:00-08:30,50,1,0,28
7,2025-01-07,6,0,08:00-08:30,50,1,0,29
7,2025-01-07,6,0,08:00-08:30,50,1,0,30
7,2025-01-07,6,0,08:00-08:30,50,1,0,31
7,2025-01-07,6,0,08:00-08:30,50,1,0,32
7,2025-01-07,6,0,08:00-08:30,50,1,0,33
7,2025-01-07,6,0,08:00-08:30,50,1,0,34
7,2025-01-07,6,0,08:00-08:30,50,0,1,35
7,2025-01-07,6,0,08:00-08:30,50,0,1,36
7,2025-01-07,6,0,08:00-08:30,50,1,0,37
7,2025-01-07,6,0,08:00-08:30,50,1,0,38
7,2025-01-07,6,0,08:00-08:30,50,0,1,39
7,2025-01-07,6,0,08:00-08:30,50,1,0,40
7,2025-01-07,6,0,08:00-08:30,50,1,0,41
7,2025-01-07,6,0,08:00-08:30,50,1,0,42
7,2025-01-07,6,0,08:00-08:30,50,1,0,43
7,2025-01-07,6,0,08:00-08:30,50,0,1,44
7,2025-01-07,6,0,08:00-08:30,50,1,0,45
7,2025-01-07,6,0,08:00-08:30,50,0,1,46
7,2025-01-07,6,0,08:00-08:30,50,0,1,47
7,2025-01-07,6,0,08:00-08:30,50,1,0,48
7,2025-01-07,6,0,08:00-08:30,50,0,1,49
7,2025-01-07,6,0,08:00-08:30,50,1,0,50
7,2025-01-07,6,0,08:30-09:00,50,1,0,1
7,2025-01-07,6,0,08:30-09:00,50,0,1,2
7,2025-01-07,6,0,08:30-09:00,50,0,1,3
7,2025-01-07,6,0,08:30-09:00,50,1,0,4
7,2025-01-07,6,0,08:30-09:00,50,0,1,5
7,2025-01-07,6,0,08:30-09:00,50,1,0,6
7,2025-01-07,6,0,08:30-09:00,50,0,1,7
7,2025-01-07,6,0,08:30-09:00,50,1,0,8
7,2025-01-07,6,0,08:30-09:00,50,0,1,9
7,2025-01-07,6,0,08:30-09:00,50,1,0,10
7,2025-01-07,6,0,08:30-09:00,50,1,0,11
7,2025-01-07,6,0,08:30-09:00,50,1,0,12
7,2025-01-07,6,0,08:30-09:00,50,1,0,13
7,2025-01-07,6,0,08:30-09:00,50,1,0,14
7,2025-01-07,6,0,08:30-09:00,50,1,0,15
7,2025-01-07,6,0,08:30-09:00,50,0,1,16
7,2025-01-07,6,0,08:30-09:00,50,1,0,17
7,2025-01-07,6,0,08:30-09:00,50,1,0,18
7,2025-01-07,6,0,08:30-09:00,50,1,0,19
7,2025-01-07,6,0,08:30-09:00,50,1,0,20
7,2025-01-07,6,0,08:30-09:00,50,0,1,21
7,2025-01-07,6,0,08:30-09:00,50,1,0,22
7,2025-01-07,6,0,08:30-09:00,50,1,0,23
7,2025-01-07,6,0,08:30-09:00,50,0,1,24
7,2025-01-07,6,0,08:30-09:00,50,1,0,25
7,2025-01-07,6,0,08:30-09:00,50,1,0,26
7,2025-01-07,6,0,08:30-09:00,50,1,0,27
7,2025-01-07,6,0,08:30-09:00,50,0,1,28
7,2025-01-07,6,0,08:30-09:00,50,1,0,29
7,2025-01-07,6,0,08:30-09:00,50,0,1,30
7,2025-01-07,6,0,08:30-09:00,50,1,0,31
7,2025-01-07,6,0,08:30-09:00,50,0,1,32
7,2025-01-07,6,0,08:30-09:00,50,1,0,33
7,2025-01-07,6,0,08:30-09:00,50,1,0,34
7,2025-01-07,6,0,08:30-09:00,50,1,0,35
7,2025-01-07,6,0,08:30-09:00,50,1,0,36
7,2025-01-07,6,0,08:30-09:00,50,0,1,37
7,2025-01-07,6,0,08:30-09:00,50,1,0,38
7,2025-01-07,6,0,08:30-09:00,50,1,0,39
7,2025-01-07,6,0,08:30-09:00,50,0,1,40
7,2025-01-07,6,0,08:30-09:00,50,1,0,41
7,2025-01-07,6,0,08:30-09:00,50,1,0,42
7,2025-01-07,6,0,08:30-09:00,50,1,0,43
7,2025-01-07,6,0,08:30-09:00,50,0,1,44
7,2025-01-07,6,0,08:30-09:00,50,1,0,45
7,2025-01-07,6,0,08:30-09:00,50,1,0,46
7,2025-01-07,6,0,08:30-09:00,50,1,0,47
7,2025-01-07,6,0,08:30-09:00,50,1,0,48
7,2025-01-07,6,0,08:30-09:00,50,1,0,49
7,2025-01-07,6,0,08:30-09:00,50,1,0,50
7,2025-01-07,6,0,09:00-09:30,50,0,1,1
7,2025-01-07,6,0,09:00-09:30,50,0,1,2
7,2025-01-07,6,0,09:00-09:30,50,1,0,3
7,2025-01-07,6,0,09:00-09:30,50,0,1,4
7,2025-01-07,6,0,09:00-09:30,50,0,1,5
7,2025-01-07,6,0,09:00-09:30,50,1,0,6
7,2025-01-07,6,0,09:00-09:30,50,0,1,7
7,2025-01-07,6,0,09:00-09:30,50,1,0,8
7,2025-01-07,6,0,09:00-09:30,50,1,0,9
7,2025-01-07,6,0,09:00-09:30,50,1,0,10
7,2025-01-07,6,0,09:00-09:30,50,0,1,11
7,2025-01-07,6,0,09:00-09:30,50,1,0,12
7,2025-01-07,6,0,09:00-09:30,50,0,1,13
7,2025-01-07,6,0,09:00-09:30,50,0,1,14
7,2025-01-07,6,0,09:00-09:30,50,0,1,15
7,2025-01-07,6,0,09:00-09:30,50,1,0,16
7,2025-01-07,6,0,09:00-09:30,50,0,1,17
7,2025-01-07,6,0,09:00-09:30,50,0,1,18
7,2025-01-07,6,0,09:00-09:30,50,0,1,19
7,2025-01-07,6,0,09:00-09:30,50,0,1,20
7,2025-01-07,6,0,09:00-09:30,50,0,1,21
7,2025-01-07,6,0,09:00-09:30,50,1,0,22
7,2025-01-07,6,0,09:00-09:30,50,0,1,23
7,2025-01-07,6,0,09:00-09:30,50,1,0,24
7,2025-01-07,6,0,09:00-09:30,50,1,0,25
7,2025-01-07,6,0,09:00-09:30,50,0,1,26
7,2025-01-07,6,0,09:00-09:30,50,1,0,27
7,2025-01-07,6,0,09:00-09:30,50,0,1,28
7,2025-01-07,6,0,09:00-09:30,50,1,0,29
7,2025-01-07,6,0,09:00-09:30,50,0,1,30
7,2025-01-07,6,0,09:00-09:30,50,1,0,31
7,2025-01-07,6,0,09:00-09:30,50,1,0,32
7,2025-01-07,6,0,09:00-09:30,50,0,1,33
7,2025-01-07,6,0,09:00-09:30,50,0,1,34
7,2025-01-07,6,0,09:00-09:30,50,0,1,35
7,2025-01-07,6,0,09:00-09:30,50,1,0,36
7,2025-01-07,6,0,09:00-09:30,50,0,1,37
7,2025-01-07,6,0,09:00-09:30,50,0,1,38
7,2025-01-07,6,0,09:00-09:30,50,0,1,39
7,2025-01-07,6,0,09:00-09:30,50,1,0,40
7,2025-01-07,6,0,09:00-09:30,50,1,0,41
7,2025-01-07,6,0,09:00-09:30,50,0,1,42
7,2025-01-07,6,0,09:00-09:30,50,0,1,43
7,2025-01-07,6,0,09:00-09:30,50,1,0,44
7,2025-01-07,6,0,09:00-09:30,50,1,0,45
7,2025-01-07,6,0,09:00-09:30,50,0,1,46
7,2025-01-07,6,0,09:00-09:30,50,0,1,47
7,2025-01-07,6,0,09:00-09:30,50,1,0,48
7,2025-01-07,6,0,09:00-09:30,50,0,1,49
7,2025-01-07,6,0,09:00-09:30,50,1,0,50
7,2025-01-07,6,0,09:30-10:00,50,1,0,1
7,2025-01-07,6,0,09:30-10:00,50,1,0,2
7,2025-01-07,6,0,09:30-10:00,50,0,1,3
7,2025-01-07,6,0,09:30-10:00,50,1,0,4
7,2025-01-07,6,0,09:30-10:00,50,1,0,5
7,2025-01-07,6,0,09:30-10:00,50,0,1,6
7,2025-01-07,6,0,09:30-10:00,50,1,0,7
7,2025-01-07,6,0,09:30-10:00,50,1,0,8
7,2025-01-07,6,0,09:30-10:00,50,1,0,9
7,2025-01-07,6,0,09:30-10:00,50,1,0,10
7,2025-01-07,6,0,09:30-10:00,50,0,1,11
7,2025-01-07,6,0,09:30-10:00,50,0,1,12
7,2025-01-07,6,0,09:30-10:00,50,0,1,13
7,2025-01-07,6,0,09:30-10:00,50,0,1,14
7,2025-01-07,6,0,09:30-10:00,50,1,0,15
7,2025-01-07,6,0,09:30-10:00,50,0,1,16
7,2025-01-07,6,0,09:30-10:00,50,1,0,17
7,2025-01-07,6,0,09:30-10:00,50,0,1,18
7,2025-01-07,6,0,09:30-10:00,50,0,1,19
7,2025-01-07,6,0,09:30-10:00,50,1,0,20
7,2025-01-07,6,0,09:30-10:00,50,0,1,21
7,2025-01-07,6,0,09:30-10:00,50,0,1,22
7,2025-01-07,6,0,09:30-10:00,50,1,0,23
7,2025-01-07,6,0,09:30-10:00,50,0,1,24
7,2025-01-07,6,0,09:30-10:00,50,1,0,25
7,2025-01-07,6,0,09:30-10:00,50,1,0,26
7,2025-01-07,6,0,09:30-10:00,50,1,0,27
7,2025-01-07,6,0,09:30-10:00,50,0,1,28
7,2025-01-07,6,0,09:30-10:00,50,1,0,29
7,2025-01-07,6,0,09:30-10:00,50,0,1,30
7,2025-01-07,6,0,09:30-10:00,50,1,0,31
7,2025-01-07,6,0,09:30-10:00,50,0,1,32
7,2025-01-07,6,0,09:30-10:00,50,0,1,33
7,2025-01-07,6,0,09:30-10:00,50,1,0,34
7,2025-01-07,6,0,09:30-10:00,50,1,0,35
7,2025-01-07,6,0,09:30-10:00,50,1,0,36
7,2025-01-07,6,0,09:30-10:00,50,1,0,37
7,2025-01-07,6,0,09:30-10:00,50,1,0,38
7,2025-01-07,6,0,09:30-10:00,50,1,0,39
7,2025-01-07,6,0,09:30-10:00,50,0,1,40
7,2025-01-07,6,0,09:30-10:00,50,1,0,41
7,2025-01-07,6,0,09:30-10:00,50,0,1,42
7,2025-01-07,6,0,09:30-10:00,50,1,0,43
7,2025-01-07,6,0,09:30-10:00,50,1,0,44
7,2025-01-07,6,0,09:30-10:00,50,0,1,45
7,2025-01-07,6,0,09:30-10:00,50,0,1,46
7,2025-01-07,6,0,09:30-10:00,50,1,0,47
7,2025-01-07,6,0,09:30-10:00,50,0,1,48
7,2025-01-07,6,0,09:30-10:00,50,0,1,49
7,2025-01-07,6,0,09:30-10:00,50,0,1,50
7,2025-01-07,6,0,16:00-16:30,50,1,0,1
7,2025-01-07,6,0,16:00-16:30,50,0,1,2
7,2025-01-07,6,0,16:00-16:30,50,1,0,3
7,2025-01-07,6,0,16:00-16:30,50,1,0,4
7,2025-01-07,6,0,16:00-16:30,50,1,0,5
7,2025-01-07,6,0,16:00-16:30,50,1,0,6
7,2025-01-07,6,0,16:00-16:30,50,1,0,7
7,2025-01-07,6,0,16:00-16:30,50,0,1,8
7,2025-01-07,6,0,16:00-16:30,50,1,0,9
7,2025-01-07,6,0,16:00-16:30,50,0,1,10
7,2025-01-07,6,0,16:00-16:30,50,0,1,11
7,2025-01-07,6,0,16:00-16:30,50,1,0,12
7,2025-01-07,6,0,16:00-16:30,50,1,0,13
7,2025-01-07,6,0,16:00-16:30,50,1,0,14
7,2025-01-07,6,0,16:00-16:30,50,1,0,15
7,2025-01-07,6,0,16:00-16:30,50,0,1,16
7,2025-01-07,6,0,16:00-16:30,50,0,1,17
7,2025-01-07,6,0,16:00-16:30,50,1,0,18
7,2025-01-07,6,0,16:00-16:30,50,1,0,19
7,2025-01-07,6,0,16:00-16:30,50,1,0,20
7,2025-01-07,6,0,16:00-16:30,50,0,1,21
7,2025-01-07,6,0,16:00-16:30,50,1,0,22
7,2025-01-07,6,0,16:00-16:30,50,0,1,23
7,2025-01-07,6,0,16:00-16:30,50,1,0,24
7,2025-01-07,6,0,16:00-16:30,50,1,0,25
7,2025-01-07,6,0,16:00-16:30,50,0,1,26
7,2025-01-07,6,0,16:00-16:30,50,1,0,27
7,2025-01-07,6,0,16:00-16:30,50,1,0,28
7,2025-01-07,6,0,16:00-16:30,50,1,0,29
7,2025-01-07,6,0,16:00-16:30,50,0,1,30
7,2025-01-07,6,0,16:00-16:30,50,1,0,31
7,2025-01-07,6,0,16:00-16:30,50,1,0,32
7,2025-01-07,6,0,16:00-16:30,50,1,0,33
7,2025-01-07,6,0,16:00-16:30,50,0,1,34
7,2025-01-07,6,0,16:00-16:30,50,1,0,35
7,2025-01-07,6,0,16:00-16:30,50,1,0,36
7,2025-01-07,6,0,16:00-16:30,50,1,0,37
7,2025-01-07,6,0,16:00-16:30,50,1,0,38
7,2025-01-07,6,0,16:00-16:30,50,1,0,39
7,2025-01-07,6,0,16:00-16:30,50,1,0,40
7,2025-01-07,6,0,16:00-16:30,50,1,0,41
7,2025-01-07,6,0,16:00-16:30,50,1,0,42
7,2025-01-07,6,0,16:00-16:30,50,0,1,43
7,2025-01-07,6,0,16:00-16:30,50,0,1,44
7,2025-01-07,6,0,16:00-16:30,50,1,0,45
7,2025-01-07,6,0,16:00-16:30,50,0,1,46
7,2025-01-07,6,0,16:00-16:30,50,1,0,47
7,2025-01-07,6,0,16:00-16:30,50,1,0,48
7,2025-01-07,6,0,16:00-16:30,50,1,0,49
7,2025-01-07,6,0,16:00-16:30,50,0,1,50
7,2025-01-07,6,0,16:30-17:00,50,0,1,1
7,2025-01-07,6,0,16:30-17:00,50,0,1,2
7,2025-01-07,6,0,16:30-17:00,50,1,0,3
7,2025-01-07,6,0,16:30-17:00,50,1,0,4
7,2025-01-07,6,0,16:30-17:00,50,0,1,5
7,2025-01-07,6,0,16:30-17:00,50,0,1,6
7,2025-01-07,6,0,16:30-17:00,50,1,0,7
7,2025-01-07,6,0,16:30-17:00,50,1,0,8
7,2025-01-07,6,0,16:30-17:00,50,1,0,9
7,2025-01-07,6,0,16:30-17:00,50,0,1,10
7,2025-01-07,6,0,16:30-17:00,50,0,1,11
7,2025-01-07,6,0,16:30-17:00,50,0,1,12
7,2025-01-07,6,0,16:30-17:00,50,0,1,13
7,2025-01-07,6,0,16:30-17:00,50,1,0,14
7,2025-01-07,6,0,16:30-17:00,50,1,0,15
7,2025-01-07,6,0,16:30-17:00,50,0,1,16
7,2025-01-07,6,0,16:30-17:00,50,1,0,17
7,2025-01-07,6,0,16:30-17:00,50,0,1,18
7,2025-01-07,6,0,16:30-17:00,50,0,1,19
7,2025-01-07,6,0,16:30-17:00,50,1,0,20
7,2025-01-07,6,0,16:30-17:00,50,0,1,21
7,2025-01-07,6,0,16:30-17:00,50,0,1,22
7,2025-01-07,6,0,16:30-17:00,50,1,0,23
7,2025-01-07,6,0,16:30-17:00,50,0,1,24
7,2025-01-07,6,0,16:30-17:00,50,1,0,25
7,2025-01-07,6,0,16:30-17:00,50,1,0,26
7,2025-01-07,6,0,16:30-17:00,50,1,0,27
7,2025-01-07,6,0,16:30-17:00,50,0,1,28
7,2025-01-07,6,0,16:30-17:00,50,1,0,29
7,2025-01-07,6,0,16:30-17:00,50,1,0,30
7,2025-01-07,6,0,16:30-17:00,50,1,0,31
7,2025-01-07,6,0,16:30-17:00,50,0,1,32
7,2025-01-07,6,0,16:30-17:00,50,1,0,33
7,2025-01-07,6,0,16:30-17:00,50,0,1,34
7,2025-01-07,6,0,16:30-17:00,50,1,0,35
7,2025-01-07,6,0,16:30-17:00,50,0,1,36
7,2025-01-07,6,0,16:30-17:00,50,1,0,37
7,2025-01-07,6,0,16:30-17:00,50,1,0,38
7,2025-01-07,6,0,16:30-17:00,50,0,1,39
7,2025-01-07,6,0,16:30-17:00,50,1,0,40
7,2025-01-07,6,0,16:30-17:00,50,0,1,41
7,2025-01-07,6,0,16:30-17:00,50,0,1,42
7,2025-01-07,6,0,16:30-17:00,50,1,0,43
7,2025-01-07,6,0,16:30-17:00,50,1,0,44
7,2025-01-07,6,0,16:30-17:00,50,1,0,45
7,2025-01-07,6,0,16:30-17:00,50,0,1,46
7,2025-01-07,6,0,16:30-17:00,50,0,1,47
7,2025-01-07,6,0,16:30-17:00,50,1,0,48
7,2025-01-07,6,0,16:30-17:00,50,1,0,49
7,2025-01-07,6,0,16:30-17:00,50,1,0,50
7,2025-01-07,6,0,17:00-17:30,50,1,0,1
7,2025-01-07,6,0,17:00-17:30,50,1,0,2
7,2025-01-07,6,0,17:00-17:30,50,1,0,3
7,2025-01-07,6,0,17:00-17:30,50,0,1,4
7,2025-01-07,6,0,17:00-17:30,50,1,0,5
7,2025-01-07,6,0,17:00-17:30,50,0,1,6
7,2025-01-07,6,0,17:00-17:30,50,0,1,7
7,2025-01-07,6,0,17:00-17:30,50,1,0,8
7,2025-01-07,6,0,17:00-17:30,50,0,1,9
7,2025-01-07,6,0,17:00-17:30,50,1,0,10
7,2025-01-07,6,0,17:00-17:30,50,1,0,11
7,2025-01-07,6,0,17:00-17:30,50,0,1,12
7,2025-01-07,6,0,17:00-17:30,50,1,0,13
7,2025-01-07,6,0,17:00-17:30,50,0,1,14
7,2025-01-07,6,0,17:00-17:30,50,1,0,15
7,2025-01-07,6,0,17:00-17:30,50,1,0,16
7,2025-01-07,6,0,17:00-17:30,50,1,0,17
7,2025-01-07,6,0,17:00-17:30,50,0,1,18
7,2025-01-07,6,0,17:00-17:30,50,0,1,19
7,2025-01-07,6,0,17:00-17:30,50,1,0,20
7,2025-01-07,6,0,17:00-17:30,50,0,1,21
7,2025-01-07,6,0,17:00-17:30,50,0,1,22
7,2025-01-07,6,0,17:00-17:30,50,1,0,23
7,2025-01-07,6,0,17:00-17:30,50,1,0,24
7,2025-01-07,6,0,17:00-17:30,50,0,1,25
7,2025-01-07,6,0,17:00-17:30,50,1,0,26
7,2025-01-07,6,0,17:00-17:30,50,1,0,27
7,2025-01-07,6,0,17:00-17:30,50,1,0,28
7,2025-01-07,6,0,17:00-17:30,50,1,0,29
7,2025-01-07,6,0,17:00-17:30,50,1,0,30
7,2025-01-07,6,0,17:00-17:30,50,0,1,31
7,2025-01-07,6,0,17:00-17:30,50,0,1,32
7,2025-01-07,6,0,17:00-17:30,50,1,0,33
7,2025-01-07,6,0,17:00-17:30,50,1,0,34
7,2025-01-07,6,0,17:00-17:30,50,1,0,35
7,2025-01-07,6,0,17:00-17:30,50,1,0,36
7,2025-01-07,6,0,17:00-17:30,50,1,0,37
7,2025-01-07,6,0,17:00-17:30,50,0,1,38
7,2025-01-07,6,0,17:00-17:30,50,0,1,39
7,2025-01-07,6,0,17:00-17:30,50,0,1,40
7,2025-01-07,6,0,17:00-17:30,50,1,0,41
7,2025-01-07,6,0,17:00-17:30,50,1,0,42
7,2025-01-07,6,0,17:00-17:30,50,0,1,43
7,2025-01-07,6,0,17:00-17:30,50,0,1,44
7,2025-01-07,6,0,17:00-17:30,50,1,0,45
7,2025-01-07,6,0,17:00-17:30,50,1,0,46
7,2025-01-07,6,0,17:00-17:30,50,1,0,47
7,2025-01-07,6,0,17:00-17:30,50,0,1,48
7,2025-01-07,6,0,17:00-17:30,50,0,1,49
7,2025-01-07,6,0,17:00-17:30,50,1,0,50
7,2025-01-07,6,0,17:30-18:00,50,0,1,1
7,2025-01-07,6,0,17:30-18:00,50,0,1,2
7,2025-01-07,6,0,17:30-18:00,50,0,1,3
7,2025-01-07,6,0,17:30-18:00,50,0,1,4
7,2025-01-07,6,0,17:30-18:00,50,1,0,5
7,2025-01-07,6,0,17:30-18:00,50,0,1,6
7,2025-01-07,6,0,17:30-18:00,50,1,0,7
7,2025-01-07,6,0,17:30-18:00,50,0,1,8
7,2025-01-07,6,0,17:30-18:00,50,0,1,9
7,2025-01-07,6,0,17:30-18:00,50,0,1,10
7,2025-01-07,6,0,17:30-18:00,50,0,1,11
7,2025-01-07,6,0,17:30-18:00,50,0,1,12
7,2025-01-07,6,0,17:30-18:00,50,0,1,13
7,2025-01-07,6,0,17:30-18:00,50,0,1,14
7,2025-01-07,6,0,17:30-18:00,50,1,0,15
7,2025-01-07,6,0,17:30-18:00,50,1,0,16
7,2025-01-07,6,0,17:30-18:00,50,1,0,17
7,2025-01-07,6,0,17:30-18:00,50,0,1,18
7,2025-01-07,6,0,17:30-18:00,50,1,0,19
7,2025-01-07,6,0,17:30-18:00,50,1,0,20
7,2025-01-07,6,0,17:30-18:00,50,0,1,21
7,2025-01-07,6,0,17:30-18:00,50,1,0,22
7,2025-01-07,6,0,17:30-18:00,50,0,1,23
7,2025-01-07,6,0,17:30-18:00,50,1,0,24
7,2025-01-07,6,0,17:30-18:00,50,1,0,25
7,2025-01-07,6,0,17:30-18:00,50,1,0,26
7,2025-01-07,6,0,17:30-18:00,50,1,0,27
7,2025-01-07,6,0,17:30-18:00,50,1,0,28
7,2025-01-07,6,0,17:30-18:00,50,1,0,29
7,2025-01-07,6,0,17:30-18:00,50,0,1,30
7,2025-01-07,6,0,17:30-18:00,50,1,0,31
7,2025-01-07,6,0,17:30-18:00,50,1,0,32
7,2025-01-07,6,0,17:30-18:00,50,0,1,33
7,2025-01-07,6,0,17:30-18:00,50,0,1,34
7,2025-01-07,6,0,17:30-18:00,50,0,1,35
7,2025-01-07,6,0,17:30-18:00,50,1,0,36
7,2025-01-07,6,0,17:30-18:00,50,0,1,37
7,2025-01-07,6,0,17:30-18:00,50,1,0,38
7,2025-01-07,6,0,17:30-18:00,50,0,1,39
7,2025-01-07,6,0,17:30-18:00,50,0,1,40
7,2025-01-07,6,0,17:30-18:00,50,1,0,41
7,2025-01-07,6,0,17:30-18:00,50,1,0,42
7,2025-01-07,6,0,17:30-18:00,50,0,1,43
7,2025-01-07,6,0,17:30-18:00,50,1,0,44
7,2025-01-07,6,0,17:30-18:00,50,0,1,45
7,2025-01-07,6,0,17:30-18:00,50,1,0,46
7,2025-01-07,6,0,17:30-18:00,50,1,0,47
7,2025-01-07,6,0,17:30-18:00,50,0,1,48
7,2025-01-07,6,0,17:30-18:00,50,0,1,49
7,2025-01-07,6,0,17:30-18:00,50,0,1,50
7,2025-01-07,6,0,18:00-18:30,50,1,0,1
7,2025-01-07,6,0,18:00-18:30,50,1,0,2
7,2025-01-07,6,0,18:00-18:30,50,1,0,3
7,2025-01-07,6,0,18:00-18:30,50,0,1,4
7,2025-01-07,6,0,18:00-18:30,50,1,0,5
7,2025-01-07,6,0,18:00-18:30,50,0,1,6
7,2025-01-07,6,0,18:00-18:30,50,0,1,7
7,2025-01-07,6,0,18:00-18:30,50,1,0,8
7,2025-01-07,6,0,18:00-18:30,50,1,0,9
7,2025-01-07,6,0,18:00-18:30,50,1,0,10
7,2025-01-07,6,0,18:00-18:30,50,1,0,11
7,2025-01-07,6,0,18:00-18:30,50,1,0,12
7,2025-01-07,6,0,18:00-18:30,50,0,1,13
7,2025-01-07,6,0,18:00-18:30,50,0,1,14
7,2025-01-07,6,0,18:00-18:30,50,0,1,15
7,2025-01-07,6,0,18:00-18:30,50,1,0,16
7,2025-01-07,6,0,18:00-18:30,50,1,0,17
7,2025-01-07,6,0,18:00-18:30,50,1,0,18
7,2025-01-07,6,0,18:00-18:30,50,0,1,19
7,2025-01-07,6,0,18:00-18:30,50,0,1,20
7,2025-01-07,6,0,18:00-18:30,50,1,0,21
7,2025-01-07,6,0,18:00-18:30,50,0,1,22
7,2025-01-07,6,0,18:00-18:30,50,0,1,23
7,2025-01-07,6,0,18:00-18:30,50,1,0,24
7,2025-01-07,6,0,18:00-18:30,50,0,1,25
7,2025-01-07,6,0,18:00-18:30,50,0,1,26
7,2025-01-07,6,0,18:00-18:30,50,0,1,27
7,2025-01-07,6,0,18:00-18:30,50,0,1,28
7,2025-01-07,6,0,18:00-18:30,50,0,1,29
7,2025-01-07,6,0,18:00-18:30,50,0,1,30
7,2025-01-07,6,0,18:00-18:30,50,0,1,31
7,2025-01-07,6,0,18:00-18:30,50,1,0,32
7,2025-01-07,6,0,18:00-18:30,50,0,1,33
7,2025-01-07,6,0,18:00-18:30,50,0,1,34
7,2025-01-07,6,0,18:00-18:30,50,1,0,35
7,2025-01-07,6,0,18:00-18:30,50,0,1,36
7,2025-01-07,6,0,18:00-18:30,50,1,0,37
7,2025-01-07,6,0,18:00-18:30,50,0,1,38
7,2025-01-07,6,0,18:00-18:30,50,0,1,39
7,2025-01-07,6,0,18:00-18:30,50,1,0,40
7,2025-01-07,6,0,18:00-18:30,50,0,1,41
7,2025-01-07,6,0,18:00-18:30,50,0,1,42
7,2025-01-07,6,0,18:00-18:30,50,0,1,43
7,2025-01-07,6,0,18:00-18:30,50,0,1,44
7,2025-01-07,6,0,18:00-18:30,50,0,1,45
7,2025-01-07,6,0,18:00-18:30,50,0,1,46
7,2025-01-07,6,0,18:00-18:30,50,1,0,47
7,2025-01-07,6,0,18:00-18:30,50,0,1,48
7,2025-01-07,6,0,18:00-18:30,50,0,1,49
7,2025-01-07,6,0,18:00-18:30,50,0,1,50
7,2025-01-07,6,0,18:30-19:00,50,0,1,1
7,2025-01-07,6,0,18:30-19:00,50,0,1,2
7,2025-01-07,6,0,18:30-19:00,50,1,0,3
7,2025-01-07,6,0,18:30-19:00,50,0,1,4
7,2025-01-07,6,0,18:30-19:00,50,0,1,5
7,2025-01-07,6,0,18:30-19:00,50,0,1,6
7,2025-01-07,6,0,18:30-19:00,50,0,1,7
7,2025-01-07,6,0,18:30-19:00,50,1,0,8
7,2025-01-07,6,0,18:30-19:00,50,0,1,9
7,2025-01-07,6,0,18:30-19:00,50,0,1,10
7,2025-01-07,6,0,18:30-19:00,50,1,0,11
7,2025-01-07,6,0,18:30-19:00,50,1,0,12
7,2025-01-07,6,0,18:30-19:00,50,0,1,13
7,2025-01-07,6,0,18:30-19:00,50,0,1,14
7,2025-01-07,6,0,18:30-19:00,50,0,1,15
7,2025-01-07,6,0,18:30-19:00,50,1,0,16
7,2025-01-07,6,0,18:30-19:00,50,0,1,17
7,2025-01-07,6,0,18:30-19:00,50,0,1,18
7,2025-01-07,6,0,18:30-19:00,50,1,0,19
7,2025-01-07,6,0,18:30-19:00,50,1,0,20
7,2025-01-07,6,0,18:30-19:00,50,0,1,21
7,2025-01-07,6,0,18:30-19:00,50,0,1,22
7,2025-01-07,6,0,18:30-19:00,50,0,1,23
7,2025-01-07,6,0,18:30-19:00,50,0,1,24
7,2025-01-07,6,0,18:30-19:00,50,1,0,25
7,2025-01-07,6,0,18:30-19:00,50,1,0,26
7,2025-01-07,6,0,18:30-19:00,50,0,1,27
7,2025-01-07,6,0,18:30-19:00,50,1,0,28
7,2025-01-07,6,0,18:30-19:00,50,0,1,29
7,2025-01-07,6,0,18:30-19:00,50,1,0,30
7,2025-01-07,6,0,18:30-19:00,50,1,0,31
7,2025-01-07,6,0,18:30-19:00,50,0,1,32
7,2025-01-07,6,0,18:30-19:00,50,1,0,33
7,2025-01-07,6,0,18:30-19:00,50,0,1,34
7,2025-01-07,6,0,18:30-19:00,50,0,1,35
7,2025-01-07,6,0,18:30-19:00,50,1,0,36
7,2025-01-07,6,0,18:30-19:00,50,0,1,37
7,2025-01-07,6,0,18:30-19:00,50,0,1,38
7,2025-01-07,6,0,18:30-19:00,50,0,1,39
7,2025-01-07,6,0,18:30-19:00,50,1,0,40
7,2025-01-07,6,0,18:30-19:00,50,0,1,41
7,2025-01-07,6,0,18:30-19:00,50,0,1,42
7,2025-01-07,6,0,18:30-19:00,50,0,1,43
7,2025-01-07,6,0,18:30-19:00,50,1,0,44
7,2025-01-07,6,0,18:30-19:00,50,0,1,45
7,2025-01-07,6,0,18:30-19:00,50,1,0,46
7,2025-01-07,6,0,18:30-19:00,50,0,1,47
7,2025-01-07,6,0,18:30-19:00,50,1,0,48
7,2025-01-07,6,0,18:30-19:00,50,0,1,49
7,2025-01-07,6,0,18:30-19:00,50,0,1,50
8,2025-01-08,0,0,07:00-07:30,50,0,1,1
8,2025-01-08,0,0,07:00-07:30,50,1,0,2
8,2025-01-08,0,0,07:00-07:30,50,1,0,3
8,2025-01-08,0,0,07:00-07:30,50,1,0,4
8,2025-01-08,0,0,07:00-07:30,50,0,1,5
8,2025-01-08,0,0,07:00-07:30,50,0,1,6
8,2025-01-08,0,0,07:00-07:30,50,1,0,7
8,2025-01-08,0,0,07:00-07:30,50,1,0,8
8,2025-01-08,0,0,07:00-07:30,50,0,1,9
8,2025-01-08,0,0,07:00-07:30,50,0,1,10
8,2025-01-08,0,0,07:00-07:30,50,1,0,11
8,2025-01-08,0,0,07:00-07:30,50,1,0,12
8,2025-01-08,0,0,07:00-07:30,50,0,1,13
8,2025-01-08,0,0,07:00-07:30,50,1,0,14
8,2025-01-08,0,0,07:00-07:30,50,1,0,15
8,2025-01-08,0,0,07:00-07:30,50,1,0,16
8,2025-01-08,0,0,07:00-07:30,50,0,1,17
8,2025-01-08,0,0,07:00-07:30,50,1,0,18
8,2025-01-08,0,0,07:00-07:30,50,0,1,19
8,2025-01-08,0,0,07:00-07:30,50,1,0,20
8,2025-01-08,0,0,07:00-07:30,50,1,0,21
8,2025-01-08,0,0,07:00-07:30,50,0,1,22
8,2025-01-08,0,0,07:00-07:30,50,1,0,23
8,2025-01-08,0,0,07:00-07:30,50,0,1,24
8,2025-01-08,0,0,07:00-07:30,50,1,0,25
8,2025-01-08,0,0,07:00-07:30,50,1,0,26
8,2025-01-08,0,0,07:00-07:30,50,1,0,27
8,2025-01-08,0,0,07:00-07:30,50,1,0,28
8,2025-01-08,0,0,07:00-07:30,50,1,0,29
8,2025-01-08,0,0,07:00-07:30,50,1,0,30
8,2025-01-08,0,0,07:00-07:30,50,0,1,31
8,2025-01-08,0,0,07:00-07:30,50,0,1,32
8,2025-01-08,0,0,07:00-07:30,50,0,1,33
8,2025-01-08,0,0,07:00-07:30,50,1,0,34
8,2025-01-08,0,0,07:00-07:30,50,1,0,35
8,2025-01-08,0,0,07:00-07:30,50,1,0,36
8,2025-01-08,0,0,07:00-07:30,50,1,0,37
8,2025-01-08,0,0,07:00-07:30,50,1,0,38
8,2025-01-08,0,0,07:00-07:30,50,1,0,39
8,2025-01-08,0,0,07:00-07:30,50,1,0,40
8,2025-01-08,0,0,07:00-07:30,50,1,0,41
8,2025-01-08,0,0,07:00-07:30,50,1,0,42
8,2025-01-08,0,0,07:00-07:30,50,1,0,43
8,2025-01-08,0,0,07:00-07:30,50,0,1,44
8,2025-01-08,0,0,07:00-07:30,50,1,0,45
8,2025-01-08,0,0,07:00-07:30,50,1,0,46
8,2025-01-08,0,0,07:00-07:30,50,1,0,47
8,2025-01-08,0,0,07:00-07:30,50,1,0,48
8,2025-01-08,0,0,07:00-07:30,50,1,0,49
8,2025-01-08,0,0,07:00-07:30,50,1,0,50
8,2025-01-08,0,0,07:30-08:00,50,1,0,1
8,2025-01-08,0,0,07:30-08:00,50,0,1,2
8,2025-01-08,0,0,07:30-08:00,50,1,0,3
8,2025-01-08,0,0,07:30-08:00,50,1,0,4
8,2025-01-08,0,0,07:30-08:00,50,0,1,5
8,2025-01-08,0,0,07:30-08:00,50,0,1,6
8,2025-01-08,0,0,07:30-08:00,50,1,0,7
8,2025-01-08,0,0,07:30-08:00,50,1,0,8
8,2025-01-08,0,0,07:30-08:00,50,1,0,9
8,2025-01-08,0,0,07:30-08:00,50,0,1,10
8,2025-01-08,0,0,07:30-08:00,50,0,1,11
8,2025-01-08,0,0,07:30-08:00,50,1,0,12
8,2025-01-08,0,0,07:30-08:00,50,1,0,13
8,2025-01-08,0,0,07:30-08:00,50,1,0,14
8,2025-01-08,0,0,07:30-08:00,50,1,0,15
8,2025-01-08,0,0,07:30-08:00,50,0,1,16
8,2025-01-08,0,0,07:30-08:00,50,0,1,17
8,2025-01-08,0,0,07:30-08:00,50,1,0,18
8,2025-01-08,0,0,07:30-08:00,50,1,0,19
8,2025-01-08,0,0,07:30-08:00,50,1,0,20
8,2025-01-08,0,0,07:30-08:00,50,0,1,21
8,2025-01-08,0,0,07:30-08:00,50,1,0,22
8,2025-01-08,0,0,07:30-08:00,50,1,0,23
8,2025-01-08,0,0,07:30-08:00,50,0,1,24
8,2025-01-08,0,0,07:30-08:00,50,0,1,25
8,2025-01-08,0,0,07:30-08:00,50,0,1,26
8,2025-01-08,0,0,07:30-08:00,50,1,0,27
8,2025-01-08,0,0,07:30-08:00,50,0,1,28
8,2025-01-08,0,0,07:30-08:00,50,1,0,29
8,2025-01-08,0,0,07:30-08:00,50,1,0,30
8,2025-01-08,0,0,07:30-08:00,50,1,0,31
8,2025-01-08,0,0,07:30-08:00,50,1,0,32
8,2025-01-08,0,0,07:30-08:00,50,1,0,33
8,2025-01-08,0,0,07:30-08:00,50,0,1,34
8,2025-01-08,0,0,07:30-08:00,50,1,0,35
8,2025-01-08,0,0,07:30-08:00,50,1,0,36
8,2025-01-08,0,0,07:30-08:00,50,1,0,37
8,2025-01-08,0,0,07:30-08:00,50,1,0,38
8,2025-01-08,0,0,07:30-08:00,50,0,1,39
8,2025-01-08,0,0,07:30-08:00,50,1,0,40
8,2025-01-08,0,0,07:30-08:00,50,1,0,41
8,2025-01-08,0,0,07:30-08:00,50,1,0,42
8,2025-01-08,0,0,07:30-08:00,50,1,0,43
8,2025-01-08,0,0,07:30-08:00,50,1,0,44
8,2025-01-08,0,0,07:30-08:00,50,1,0,45
8,2025-01-08,0,0,07:30-08:00,50,1,0,46
8,2025-01-08,0,0,07:30-08:00,50,1,0,47
8,2025-01-08,0,0,07:30-08:00,50,1,0,48
8,2025-01-08,0,0,07:30-08:00,50,0,1,49
8,2025-01-08,0,0,07:30-08:00,50,1,0,50
8,2025-01-08,0,0,08:00-08:30,50,1,0,1
8,2025-01-08,0,0,08:00-08:30,50,1,0,2
8,2025-01-08,0,0,08:00-08:30,50,1,0,3
8,2025-01-08,0,0,08:00-08:30,50,0,1,4
8,2025-01-08,0,0,08:00-08:30,50,1,0,5
8,2025-01-08,0,0,08:00-08:30,50,0,1,6
8,2025-01-08,0,0,08:00-08:30,50,1,0,7
8,2025-01-08,0,0,08:00-08:30,50,0,1,8
8,2025-01-08,0,0,08:00-08:30,50,0,1,9
8,2025-01-08,0,0,08:00-08:30,50,1,0,10
8,2025-01-08,0,0,08:00-08:30,50,1,0,11
8,2025-01-08,0,0,08:00-08:30,50,1,0,12
8,2025-01-08,0,0,08:00-08:30,50,1,0,13
8,2025-01-08,0,0,08:00-08:30,50,1,0,14
8,2025-01-08,0,0,08:00-08:30,50,1,0,15
8,2025-01-08,0,0,08:00-08:30,50,1,0,16
8,2025-01-08,0,0,08:00-08:30,50,1,0,17
8,2025-01-08,0,0,08:00-08:30,50,0,1,18
8,2025-01-08,0,0,08:00-08:30,50,0,1,19
8,2025-01-08,0,0,08:00-08:30,50,1,0,20
8,2025-01-08,0,0,08:00-08:30,50,1,0,21
8,2025-01-08,0,0,08:00-08:30,50,0,1,22
8,2025-01-08,0,0,08:00-08:30,50,1,0,23
8,2025-01-08,0,0,08:00-08:30,50,1,0,24
8,2025-01-08,0,0,08:00-08:30,50,1,0,25
8,2025-01-08,0,0,08:00-08:30,50,0,1,26
8,2025-01-08,0,0,08:00-08:30,50,0,1,27
8,2025-01-08,0,0,08:00-08:30,50,1,0,28
8,2025-01-08,0,0,08:00-08:30,50,1,0,29
8,2025-01-08,0,0,08:00-08:30,50,1,0,30
8,2025-01-08,0,0,08:00-08:30,50,1,0,31
8,2025-01-08,0,0,08:00-08:30,50,0,1,32
8,2025-01-08,0,0,08:00-08:30,50,1,0,33
8,2025-01-08,0,0,08:00-08:30,50,0,1,34
8,2025-01-08,0,0,08:00-08:30,50,1,0,35
8,2025-01-08,0,0,08:00-08:30,50,0,1,36
8,2025-01-08,0,0,08:00-08:30,50,1,0,37
8,2025-01-08,0,0,08:00-08:30,50,0,1,38
8,2025-01-08,0,0,08:00-08:30,50,0,1,39
8,2025-01-08,0,0,08:00-08:30,50,1,0,40
8,2025-01-08,0,0,08:00-08:30,50,0,1,41
8,2025-01-08,0,0,08:00-08:30,50,0,1,42
8,2025-01-08,0,0,08:00-08:30,50,1,0,43
8,2025-01-08,0,0,08:00-08:30,50,1,0,44
8,2025-01-08,0,0,08:00-08:30,50,1,0,45
8,2025-01-08,0,0,08:00-08:30,50,0,1,46
8,2025-01-08,0,0,08:00-08:30,50,1,0,47
8,2025-01-08,0,0,08:00-08:30,50,1,0,48
8,2025-01-08,0,0,08:00-08:30,50,1,0,49
8,2025-01-08,0,0,08:00-08:30,50,0,1,50
8,2025-01-08,0,0,08:30-09:00,50,1,0,1
8,2025-01-08,0,0,08:30-09:00,50,1,0,2
8,2025-01-08,0,0,08:30-09:00,50,0,1,3
8,2025-01-08,0,0,08:30-09:00,50,0,1,4
8,2025-01-08,0,0,08:30-09:00,50,0,1,5
8,2025-01-08,0,0,08:30-09:00,50,1,0,6
8,2025-01-08,0,0,08:30-09:00,50,1,0,7
8,2025-01-08,0,0,08:30-09:00,50,0,1,8
8,2025-01-08,0,0,08:30-09:00,50,0,1,9
8,2025-01-08,0,0,08:30-09:00,50,1,0,10
8,2025-01-08,0,0,08:30-09:00,50,0,1,11
8,2025-01-08,0,0,08:30-09:00,50,0,1,12
8,2025-01-08,0,0,08:30-09:00,50,1,0,13
8,2025-01-08,0,0,08:30-09:00,50,1,0,14
8,2025-01-08,0,0,08:30-09:00,50,1,0,15
8,2025-01-08,0,0,08:30-09:00,50,1,0,16
8,2025-01-08,0,0,08:30-09:00,50,1,0,17
8,2025-01-08,0,0,08:30-09:00,50,1,0,18
8,2025-01-08,0,0,08:30-09:00,50,1,0,19
8,2025-01-08,0,0,08:30-09:00,50,0,1,20
8,2025-01-08,0,0,08:30-09:00,50,0,1,21
8,2025-01-08,0,0,08:30-09:00,50,0,1,22
8,2025-01-08,0,0,08:30-09:00,50,1,0,23
8,2025-01-08,0,0,08:30-09:00,50,1,0,24
8,2025-01-08,0,0,08:30-09:00,50,0,1,25
8,2025-01-08,0,0,08:30-09:00,50,1,0,26
8,2025-01-08,0,0,08:30-09:00,50,1,0,27
8,2025-01-08,0,0,08:30-09:00,50,0,1,28
8,2025-01-08,0,0,08:30-09:00,50,1,0,29
8,2025-01-08,0,0,08:30-09:00,50,1,0,30
8,2025-01-08,0,0,08:30-09:00,50,0,1,31
8,2025-01-08,0,0,08:30-09:00,50,0,1,32
8,2025-01-08,0,0,08:30-09:00,50,0,1,33
8,2025-01-08,0,0,08:30-09:00,50,1,0,34
8,2025-01-08,0,0,08:30-09:00,50,1,0,35
8,2025-01-08,0,0,08:30-09:00,50,1,0,36
8,2025-01-08,0,0,08:30-09:00,50,1,0,37
8,2025-01-08,0,0,08:30-09:00,50,1,0,38
8,2025-01-08,0,0,08:30-09:00,50,1,0,39
8,2025-01-08,0,0,08:30-09:00,50,1,0,40
8,2025-01-08,0,0,08:30-09:00,50,1,0,41
8,2025-01-08,0,0,08:30-09:00,50,0,1,42
8,2025-01-08,0,0,08:30-09:00,50,1,0,43
8,2025-01-08,0,0,08:30-09:00,50,1,0,44
8,2025-01-08,0,0,08:30-09:00,50,0,1,45
8,2025-01-08,0,0,08:30-09:00,50,0,1,46
8,2025-01-08,0,0,08:30-09:00,50,0,1,47
8,2025-01-08,0,0,08:30-09:00,50,0,1,48
8,2025-01-08,0,0,08:30-09:00,50,1,0,49
8,2025-01-08,0,0,08:30-09:00,50,0,1,50
8,2025-01-08,0,0,09:00-09:30,50,0,1,1
8,2025-01-08,0,0,09:00-09:30,50,1,0,2
8,2025-01-08,0,0,09:00-09:30,50,1,0,3
8,2025-01-08,0,0,09:00-09:30,50,0,1,4
8,2025-01-08,0,0,09:00-09:30,50,1,0,5
8,2025-01-08,0,0,09:00-09:30,50,1,0,6
8,2025-01-08,0,0,09:00-09:30,50,1,0,7
8,2025-01-08,0,0,09:00-09:30,50,0,1,8
8,2025-01-08,0,0,09:00-09:30,50,1,0,9
8,2025-01-08,0,0,09:00-09:30,50,1,0,10
8,2025-01-08,0,0,09:00-09:30,50,0,1,11
8,2025-01-08,0,0,09:00-09:30,50,0,1,12
8,2025-01-08,0,0,09:00-09:30,50,0,1,13
8,2025-01-08,0,0,09:00-09:30,50,1,0,14
8,2025-01-08,0,0,09:00-09:30,50,1,0,15
8,2025-01-08,0,0,09:00-09:30,50,1,0,16
8,2025-01-08,0,0,09:00-09:30,50,0,1,17
8,2025-01-08,0,0,09:00-09:30,50,0,1,18
8,2025-01-08,0,0,09:00-09:30,50,1,0,19
8,2025-01-08,0,0,09:00-09:30,50,1,0,20
8,2025-01-08,0,0,09:00-09:30,50,0,1,21
8,2025-01-08,0,0,09:00-09:30,50,1,0,22
8,2025-01-08,0,0,09:00-09:30,50,1,0,23
8,2025-01-08,0,0,09:00-09:30,50,1,0,24
8,2025-01-08,0,0,09:00-09:30,50,1,0,25
8,2025-01-08,0,0,09:00-09:30,50,1,0,26
8,2025-01-08,0,0,09:00-09:30,50,1,0,27
8,2025-01-08,0,0,09:00-09:30,50,0,1,28
8,2025-01-08,0,0,09:00-09:30,50,0,1,29
8,2025-01-08,0,0,09:00-09:30,50,0,1,30
8,2025-01-08,0,0,09:00-09:30,50,1,0,31
8,2025-01-08,0,0,09:00-09:30,50,0,1,32
8,2025-01-08,0,0,09:00-09:30,50,0,1,33
8,2025-01-08,0,0,09:00-09:30,50,0,1,34
8,2025-01-08,0,0,09:00-09:30,50,1,0,35
8,2025-01-08,0,0,09:00-09:30,50,0,1,36
8,2025-01-08,0,0,09:00-09:30,50,0,1,37
8,2025-01-08,0,0,09:00-09:30,50,0,1,38
8,2025-01-08,0,0,09:00-09:30,50,0,1,39
8,2025-01-08,0,0,09:00-09:30,50,1,0,40
8,2025-01-08,0,0,09:00-09:30,50,1,0,41
8,2025-01-08,0,0,09:00-09:30,50,0,1,42
8,2025-01-08,0,0,09:00-09:30,50,0,1,43
8,2025-01-08,0,0,09:00-09:30,50,0,1,44
8,2025-01-08,0,0,09:00-09:30,50,0,1,45
8,2025-01-08,0,0,09:00-09:30,50,1,0,46
8,2025-01-08,0,0,09:00-09:30,50,1,0,47
8,2025-01-08,0,0,09:00-09:30,50,1,0,48
8,2025-01-08,0,0,09:00-09:30,50,1,0,49
8,2025-01-08,0,0,09:00-09:30,50,1,0,50
8,2025-01-08,0,0,09:30-10:00,50,0,1,1
8,2025-01-08,0,0,09:30-10:00,50,0,1,2
8,2025-01-08,0,0,09:30-10:00,50,1,0,3
8,2025-01-08,0,0,09:30-10:00,50,0,1,4
8,2025-01-08,0,0,09:30-10:00,50,0,1,5
8,2025-01-08,0,0,09:30-10:00,50,1,0,6
8,2025-01-08,0,0,09:30-10:00,50,0,1,7
8,2025-01-08,0,0,09:30-10:00,50,1,0,8
8,2025-01-08,0,0,09:30-10:00,50,0,1,9
8,2025-01-08,0,0,09:30-10:00,50,0,1,10
8,2025-01-08,0,0,09:30-10:00,50,0,1,11
8,2025-01-08,0,0,09:30-10:00,50,1,0,12
8,2025-01-08,0,0,09:30-10:00,50,0,1,13
8,2025-01-08,0,0,09:30-10:00,50,0,1,14
8,2025-01-08,0,0,09:30-10:00,50,0,1,15
8,2025-01-08,0,0,09:30-10:00,50,1,0,16
8,2025-01-08,0,0,09:30-10:00,50,1,0,17
8,2025-01-08,0,0,09:30-10:00,50,0,1,18
8,2025-01-08,0,0,09:30-10:00,50,1,0,19
8,2025-01-08,0,0,09:30-10:00,50,0,1,20
8,2025-01-08,0,0,09:30-10:00,50,0,1,21
8,2025-01-08,0,0,09:30-10:00,50,1,0,22
8,2025-01-08,0,0,09:30-10:00,50,1,0,23
8,2025-01-08,0,0,09:30-10:00,50,0,1,24
8,2025-01-08,0,0,09:30-10:00,50,0,1,25
8,2025-01-08,0,0,09:30-10:00,50,1,0,26
8,2025-01-08,0,0,09:30-10:00,50,0,1,27
8,2025-01-08,0,0,09:30-10:00,50,0,1,28
8,2025-01-08,0,0,09:30-10:00,50,1,0,29
8,2025-01-08,0,0,09:30-10:00,50,1,0,30
8,2025-01-08,0,0,09:30-10:00,50,0,1,31
8,2025-01-08,0,0,09:30-10:00,50,1,0,32
8,2025-01-08,0,0,09:30-10:00,50,1,0,33
8,2025-01-08,0,0,09:30-10:00,50,1,0,34
8,2025-01-08,0,0,09:30-10:00,50,0,1,35
8,2025-01-08,0,0,09:30-10:00,50,1,0,36
8,2025-01-08,0,0,09:30-10:00,50,1,0,37
8,2025-01-08,0,0,09:30-10:00,50,1,0,38
8,2025-01-08,0,0,09:30-10:00,50,1,0,39
8,2025-01-08,0,0,09:30-10:00,50,1,0,40
8,2025-01-08,0,0,09:30-10:00,50,1,0,41
8,2025-01-08,0,0,09:30-10:00,50,1,0,42
8,2025-01-08,0,0,09:30-10:00,50,1,0,43
8,2025-01-08,0,0,09:30-10:00,50,0,1,44
8,2025-01-08,0,0,09:30-10:00,50,1,0,45
8,2025-01-08,0,0,09:30-10:00,50,0,1,46
8,2025-01-08,0,0,09:30-10:00,50,0,1,47
8,2025-01-08,0,0,09:30-10:00,50,0,1,48
8,2025-01-08,0,0,09:30-10:00,50,1,0,49
8,2025-01-08,0,0,09:30-10:00,50,1,0,50
8,2025-01-08,0,0,16:00-16:30,50,1,0,1
8,2025-01-08,0,0,16:00-16:30,50,0,1,2
8,2025-01-08,0,0,16:00-16:30,50,0,1,3
8,2025-01-08,0,0,16:00-16:30,50,1,0,4
8,2025-01-08,0,0,16:00-16:30,50,0,1,5
8,2025-01-08,0,0,16:00-16:30,50,1,0,6
8,2025-01-08,0,0,16:00-16:30,50,0,1,7
8,2025-01-08,0,0,16:00-16:30,50,1,0,8
8,2025-01-08,0,0,16:00-16:30,50,0,1,9
8,2025-01-08,0,0,16:00-16:30,50,1,0,10
8,2025-01-08,0,0,16:00-16:30,50,0,1,11
8,2025-01-08,0,0,16:00-16:30,50,0,1,12
8,2025-01-08,0,0,16:00-16:30,50,1,0,13
8,2025-01-08,0,0,16:00-16:30,50,1,0,14
8,2025-01-08,0,0,16:00-16:30,50,0,1,15
8,2025-01-08,0,0,16:00-16:30,50,1,0,16
8,2025-01-08,0,0,16:00-16:30,50,0,1,17
8,2025-01-08,0,0,16:00-16:30,50,1,0,18
8,2025-01-08,0,0,16:00-16:30,50,0,1,19
8,2025-01-08,0,0,16:00-16:30,50,1,0,20
8,2025-01-08,0,0,16:00-16:30,50,1,0,21
8,2025-01-08,0,0,16:00-16:30,50,1,0,22
8,2025-01-08,0,0,16:00-16:30,50,0,1,23
8,2025-01-08,0,0,16:00-16:30,50,0,1,24
8,2025-01-08,0,0,16:00-16:30,50,0,1,25
8,2025-01-08,0,0,16:00-16:30,50,1,0,26
8,2025-01-08,0,0,16:00-16:30,50,1,0,27
8,2025-01-08,0,0,16:00-16:30,50,1,0,28
8,2025-01-08,0,0,16:00-16:30,50,1,0,29
8,2025-01-08,0,0,16:00-16:30,50,1,0,30
8,2025-01-08,0,0,16:00-16:30,50,0,1,31
8,2025-01-08,0,0,16:00-16:30,50,1,0,32
8,2025-01-08,0,0,16:00-16:30,50,0,1,33
8,2025-01-08,0,0,16:00-16:30,50,1,0,34
8,2025-01-08,0,0,16:00-16:30,50,0,1,35
8,2025-01-08,0,0,16:00-16:30,50,0,1,36
8,2025-01-08,0,0,16:00-16:30,50,0,1,37
8,2025-01-08,0,0,16:00-16:30,50,1,0,38
8,2025-01-08,0,0,16:00-16:30,50,0,1,39
8,2025-01-08,0,0,16:00-16:30,50,1,0,40
8,2025-01-08,0,0,16:00-16:30,50,0,1,41
8,2025-01-08,0,0,16:00-16:30,50,0,1,42
8,2025-01-08,0,0,16:00-16:30,50,1,0,43
8,2025-01-08,0,0,16:00-16:30,50,1,0,44
8,2025-01-08,0,0,16:00-16:30,50,0,1,45
8,2025-01-08,0,0,16:00-16:30,50,1,0,46
8,2025-01-08,0,0,16:00-16:30,50,0,1,47
8,2025-01-08,0,0,16:00-16:30,50,1,0,48
8,2025-01-08,0,0,16:00-16:30,50,0,1,49
8,2025-01-08,0,0,16:00-16:30,50,1,0,50
8,2025-01-08,0,0,16:30-17:00,50,0,1,1
8,2025-01-08,0,0,16:30-17:00,50,1,0,2
8,2025-01-08,0,0,16:30-17:00,50,1,0,3
8,2025-01-08,0,0,16:30-17:00,50,1,0,4
8,2025-01-08,0,0,16:30-17:00,50,0,1,5
8,2025-01-08,0,0,16:30-17:00,50,1,0,6
8,2025-01-08,0,0,16:30-17:00,50,0,1,7
8,2025-01-08,0,0,16:30-17:00,50,0,1,8
8,2025-01-08,0,0,16:30-17:00,50,1,0,9
8,2025-01-08,0,0,16:30-17:00,50,1,0,10
8,2025-01-08,0,0,16:30-17:00,50,0,1,11
8,2025-01-08,0,0,16:30-17:00,50,1,0,12
8,2025-01-08,0,0,16:30-17:00,50,0,1,13
8,2025-01-08,0,0,16:30-17:00,50,0,1,14
8,2025-01-08,0,0,16:30-17:00,50,1,0,15
8,2025-01-08,0,0,16:30-17:00,50,0,1,16
8,2025-01-08,0,0,16:30-17:00,50,0,1,17
8,2025-01-08,0,0,16:30-17:00,50,1,0,18
8,2025-01-08,0,0,16:30-17:00,50,1,0,19
8,2025-01-08,0,0,16:30-17:00,50,0,1,20
8,2025-01-08,0,0,16:30-17:00,50,0,1,21
8,2025-01-08,0,0,16:30-17:00,50,1,0,22
8,2025-01-08,0,0,16:30-17:00,50,0,1,23
8,2025-01-08,0,0,16:30-17:00,50,1,0,24
8,2025-01-08,0,0,16:30-17:00,50,0,1,25
8,2025-01-08,0,0,16:30-17:00,50,1,0,26
8,2025-01-08,0,0,16:30-17:00,50,1,0,27
8,2025-01-08,0,0,16:30-17:00,50,1,0,28
8,2025-01-08,0,0,16:30-17:00,50,0,1,29
8,2025-01-08,0,0,16:30-17:00,50,1,0,30
8,2025-01-08,0,0,16:30-17:00,50,1,0,31
8,2025-01-08,0,0,16:30-17:00,50,1,0,32
8,2025-01-08,0,0,16:30-17:00,50,0,1,33
8,2025-01-08,0,0,16:30-17:00,50,0,1,34
8,2025-01-08,0,0,16:30-17:00,50,1,0,35
8,2025-01-08,0,0,16:30-17:00,50,0,1,36
8,2025-01-08,0,0,16:30-17:00,50,1,0,37
8,2025-01-08,0,0,16:30-17:00,50,0,1,38
8,2025-01-08,0,0,16:30-17:00,50,1,0,39
8,2025-01-08,0,0,16:30-17:00,50,0,1,40
8,2025-01-08,0,0,16:30-17:00,50,1,0,41
8,2025-01-08,0,0,16:30-17:00,50,0,1,42
8,2025-01-08,0,0,16:30-17:00,50,0,1,43
8,2025-01-08,0,0,16:30-17:00,50,1,0,44
8,2025-01-08,0,0,16:30-17:00,50,0,1,45
8,2025-01-08,0,0,16:30-17:00,50,1,0,46
8,2025-01-08,0,0,16:30-17:00,50,0,1,47
8,2025-01-08,0,0,16:30-17:00,50,0,1,48
8,2025-01-08,0,0,16:30-17:00,50,0,1,49
8,2025-01-08,0,0,16:30-17:00,50,1,0,50
8,2025-01-08,0,0,17:00-17:30,50,1,0,1
8,2025-01-08,0,0,17:00-17:30,50,1,0,2
8,2025-01-08,0,0,17:00-17:30,50,1,0,3
8,2025-01-08,0,0,17:00-17:30,50,1,0,4
8,2025-01-08,0,0,17:00-17:30,50,0,1,5
8,2025-01-08,0,0,17:00-17:30,50,0,1,6
8,2025-01-08,0,0,17:00-17:30,50,0,1,7
8,2025-01-08,0,0,17:00-17:30,50,1,0,8
8,2025-01-08,0,0,17:00-17:30,50,0,1,9
8,2025-01-08,0,0,17:00-17:30,50,1,0,10
8,2025-01-08,0,0,17:00-17:30,50,1,0,11
8,2025-01-08,0,0,17:00-17:30,50,1,0,12
8,2025-01-08,0,0,17:00-17:30,50,1,0,13
8,2025-01-08,0,0,17:00-17:30,50,1,0,14
8,2025-01-08,0,0,17:00-17:30,50,0,1,15
8,2025-01-08,0,0,17:00-17:30,50,1,0,16
8,2025-01-08,0,0,17:00-17:30,50,1,0,17
8,2025-01-08,0,0,17:00-17:30,50,1,0,18
8,2025-01-08,0,0,17:00-17:30,50,1,0,19
8,2025-01-08,0,0,17:00-17:30,50,0,1,20
8,2025-01-08,0,0,17:00-17:30,50,0,1,21
8,2025-01-08,0,0,17:00-17:30,50,1,0,22
8,2025-01-08,0,0,17:00-17:30,50,1,0,23
8,2025-01-08,0,0,17:00-17:30,50,0,1,24
8,2025-01-08,0,0,17:00-17:30,50,0,1,25
8,2025-01-08,0,0,17:00-17:30,50,1,0,26
8,2025-01-08,0,0,17:00-17:30,50,1,0,27
8,2025-01-08,0,0,17:00-17:30,50,0,1,28
8,2025-01-08,0,0,17:00-17:30,50,0,1,29
8,2025-01-08,0,0,17:00-17:30,50,0,1,30
8,2025-01-08,0,0,17:00-17:30,50,1,0,31
8,2025-01-08,0,0,17:00-17:30,50,0,1,32
8,2025-01-08,0,0,17:00-17:30,50,0,1,33
8,2025-01-08,0,0,17:00-17:30,50,0,1,34
8,2025-01-08,0,0,17:00-17:30,50,1,0,35
8,2025-01-08,0,0,17:00-17:30,50,1,0,36
8,2025-01-08,0,0,17:00-17:30,50,0,1,37
8,2025-01-08,0,0,17:00-17:30,50,0,1,38
8,2025-01-08,0,0,17:00-17:30,50,1,0,39
8,2025-01-08,0,0,17:00-17:30,50,1,0,40
8,2025-01-08,0,0,17:00-17:30,50,0,1,41
8,2025-01-08,0,0,17:00-17:30,50,0,1,42
8,2025-01-08,0,0,17:00-17:30,50,0,1,43
8,2025-01-08,0,0,17:00-17:30,50,1,0,44
8,2025-01-08,0,0,17:00-17:30,50,0,1,45
8,2025-01-08,0,0,17:00-17:30,50,1,0,46
8,2025-01-08,0,0,17:00-17:30,50,0,1,47
8,2025-01-08,0,0,17:00-17:30,50,1,0,48
8,2025-01-08,0,0,17:00-17:30,50,1,0,49
8,2025-01-08,0,0,17:00-17:30,50,1,0,50
8,2025-01-08,0,0,17:30-18:00,50,0,1,1
8,2025-01-08,0,0,17:30-18:00,50,1,0,2
8,2025-01-08,0,0,17:30-18:00,50,1,0,3
8,2025-01-08,0,0,17:30-18:00,50,1,0,4
8,2025-01-08,0,0,17:30-18:00,50,0,1,5
8,2025-01-08,0,0,17:30-18:00,50,1,0,6
8,2025-01-08,0,0,17:30-18:00,50,0,1,7
8,2025-01-08,0,0,17:30-18:00,50,0,1,8
8,2025-01-08,0,0,17:30-18:00,50,1,0,9
8,2025-01-08,0,0,17:30-18:00,50,0,1,10
8,2025-01-08,0,0,17:30-18:00,50,0,1,11
8,2025-01-08,0,0,17:30-18:00,50,1,0,12
8,2025-01-08,0,0,17:30-18:00,50,1,0,13
8,2025-01-08,0,0,17:30-18:00,50,0,1,14
8,2025-01-08,0,0,17:30-18:00,50,1,0,15
8,2025-01-08,0,0,17:30-18:00,50,0,1,16
8,2025-01-08,0,0,17:30-18:00,50,0,1,17
8,2025-01-08,0,0,17:30-18:00,50,1,0,18
8,2025-01-08,0,0,17:30-18:00,50,0,1,19
8,2025-01-08,0,0,17:30-18:00,50,1,0,20
8,2025-01-08,0,0,17:30-18:00,50,0,1,21
8,2025-01-08,0,0,17:30-18:00,50,1,0,22
8,2025-01-08,0,0,17:30-18:00,50,1,0,23
8,2025-01-08,0,0,17:30-18:00,50,1,0,24
8,2025-01-08,0,0,17:30-18:00,50,0,1,25
8,2025-01-08,0,0,17:30-18:00,50,1,0,26
8,2025-01-08,0,0,17:30-18:00,50,0,1,27
8,2025-01-08,0,0,17:30-18:00,50,0,1,28
8,2025-01-08,0,0,17:30-18:00,50,0,1,29
8,2025-01-08,0,0,17:30-18:00,50,1,0,30
8,2025-01-08,0,0,17:30-18:00,50,1,0,31
8,2025-01-08,0,0,17:30-18:00,50,0,1,32
8,2025-01-08,0,0,17:30-18:00,50,0,1,33
8,2025-01-08,0,0,17:30-18:00,50,0,1,34
8,2025-01-08,0,0,17:30-18:00,50,1,0,35
8,2025-01-08,0,0,17:30-18:00,50,1,0,36
8,2025-01-08,0,0,17:30-18:00,50,1,0,37
8,2025-01-08,0,0,17:30-18:00,50,0,1,38
8,2025-01-08,0,0,17:30-18:00,50,1,0,39
8,2025-01-08,0,0,17:30-18:00,50,0,1,40
8,2025-01-08,0,0,17:30-18:00,50,0,1,41
8,2025-01-08,0,0,17:30-18:00,50,0,1,42
8,2025-01-08,0,0,17:30-18:00,50,0,1,43
8,2025-01-08,0,0,17:30-18:00,50,0,1,44
8,2025-01-08,0,0,17:30-18:00,50,1,0,45
8,2025-01-08,0,0,17:30-18:00,50,1,0,46
8,2025-01-08,0,0,17:30-18:00,50,0,1,47
8,2025-01-08,0,0,17:30-18:00,50,0,1,48
8,2025-01-08,0,0,17:30-18:00,50,0,1,49
8,2025-01-08,0,0,17:30-18:00,50,0,1,50
8,2025-01-08,0,0,18:00-18:30,50,0,1,1
8,2025-01-08,0,0,18:00-18:30,50,0,1,2
8,2025-01-08,0,0,18:00-18:30,50,0,1,3
8,2025-01-08,0,0,18:00-18:30,50,0,1,4
8,2025-01-08,0,0,18:00-18:30,50,1,0,5
8,2025-01-08,0,0,18:00-18:30,50,1,0,6
8,2025-01-08,0,0,18:00-18:30,50,0,1,7
8,2025-01-08,0,0,18:00-18:30,50,0,1,8
8,2025-01-08,0,0,18:00-18:30,50,1,0,9
8,2025-01-08,0,0,18:00-18:30,50,0,1,10
8,2025-01-08,0,0,18:00-18:30,50,1,0,11
8,2025-01-08,0,0,18:00-18:30,50,1,0,12
8,2025-01-08,0,0,18:00-18:30,50,0,1,13
8,2025-01-08,0,0,18:00-18:30,50,0,1,14
8,2025-01-08,0,0,18:00-18:30,50,0,1,15
8,2025-01-08,0,0,18:00-18:30,50,0,1,16
8,2025-01-08,0,0,18:00-18:30,50,1,0,17
8,2025-01-08,0,0,18:00-18:30,50,1,0,18
8,2025-01-08,0,0,18:00-18:30,50,1,0,19
8,2025-01-08,0,0,18:00-18:30,50,0,1,20
8,2025-01-08,0,0,18:00-18:30,50,1,0,21
8,2025-01-08,0,0,18:00-18:30,50,0,1,22
8,2025-01-08,0,0,18:00-18:30,50,0,1,23
8,2025-01-08,0,0,18:00-18:30,50,0,1,24
8,2025-01-08,0,0,18:00-18:30,50,1,0,25
8,2025-01-08,0,0,18:00-18:30,50,1,0,26
8,2025-01-08,0,0,18:00-18:30,50,0,1,27
8,2025-01-08,0,0,18:00-18:30,50,1,0,28
8,2025-01-08,0,0,18:00-18:30,50,1,0,29
8,2025-01-08,0,0,18:00-18:30,50,0,1,30
8,2025-01-08,0,0,18:00-18:30,50,1,0,31
8,2025-01-08,0,0,18:00-18:30,50,1,0,32
8,2025-01-08,0,0,18:00-18:30,50,1,0,33
8,2025-01-08,0,0,18:00-18:30,50,0,1,34
8,2025-01-08,0,0,18:00-18:30,50,0,1,35
8,2025-01-08,0,0,18:00-18:30,50,1,0,36
8,2025-01-08,0,0,18:00-18:30,50,0,1,37
8,2025-01-08,0,0,18:00-18:30,50,1,0,38
8,2025-01-08,0,0,18:00-18:30,50,0,1,39
8,2025-01-08,0,0,18:00-18:30,50,0,1,40
8,2025-01-08,0,0,18:00-18:30,50,1,0,41
8,2025-01-08,0,0,18:00-18:30,50,1,0,42
8,2025-01-08,0,0,18:00-18:30,50,0,1,43
8,2025-01-08,0,0,18:00-18:30,50,0,1,44
8,2025-01-08,0,0,18:00-18:30,50,0,1,45
8,2025-01-08,0,0,18:00-18:30,50,1,0,46
8,2025-01-08,0,0,18:00-18:30,50,1,0,47
8,2025-01-08,0,0,18:00-18:30,50,1,0,48
8,2025-01-08,0,0,18:00-18:30,50,0,1,49
8,2025-01-08,0,0,18:00-18:30,50,0,1,50
8,2025-01-08,0,0,18:30-19:00,50,0,1,1
8,2025-01-08,0,0,18:30-19:00,50,1,0,2
8,2025-01-08,0,0,18:30-19:00,50,1,0,3
8,2025-01-08,0,0,18:30-19:00,50,0,1,4
8,2025-01-08,0,0,18:30-19:00,50,1,0,5
8,2025-01-08,0,0,18:30-19:00,50,1,0,6
8,2025-01-08,0,0,18:30-19:00,50,1,0,7
8,2025-01-08,0,0,18:30-19:00,50,1,0,8
8,2025-01-08,0,0,18:30-19:00,50,1,0,9
8,2025-01-08,0,0,18:30-19:00,50,0,1,10
8,2025-01-08,0,0,18:30-19:00,50,0,1,11
8,2025-01-08,0,0,18:30-19:00,50,0,1,12
8,2025-01-08,0,0,18:30-19:00,50,0,1,13
8,2025-01-08,0,0,18:30-19:00,50,0,1,14
8,2025-01-08,0,0,18:30-19:00,50,1,0,15
8,2025-01-08,0,0,18:30-19:00,50,0,1,16
8,2025-01-08,0,0,18:30-19:00,50,1,0,17
8,2025-01-08,0,0,18:30-19:00,50,0,1,18
8,2025-01-08,0,0,18:30-19:00,50,0,1,19
8,2025-01-08,0,0,18:30-19:00,50,1,0,20
8,2025-01-08,0,0,18:30-19:00,50,0,1,21
8,2025-01-08,0,0,18:30-19:00,50,1,0,22
8,2025-01-08,0,0,18:30-19:00,50,1,0,23
8,2025-01-08,0,0,18:30-19:00,50,0,1,24
8,2025-01-08,0,0,18:30-19:00,50,0,1,25
8,2025-01-08,0,0,18:30-19:00,50,1,0,26
8,2025-01-08,0,0,18:30-19:00,50,0,1,27
8,2025-01-08,0,0,18:30-19:00,50,1,0,28
8,2025-01-08,0,0,18:30-19:00,50,0,1,29
8,2025-01-08,0,0,18:30-19:00,50,0,1,30
8,2025-01-08,0,0,18:30-19:00,50,1,0,31
8,2025-01-08,0,0,18:30-19:00,50,1,0,32
8,2025-01-08,0,0,18:30-19:00,50,0,1,33
8,2025-01-08,0,0,18:30-19:00,50,1,0,34
8,2025-01-08,0,0,18:30-19:00,50,1,0,35
8,2025-01-08,0,0,18:30-19:00,50,1,0,36
8,2025-01-08,0,0,18:30-19:00,50,0,1,37
8,2025-01-08,0,0,18:30-19:00,50,1,0,38
8,2025-01-08,0,0,18:30-19:00,50,1,0,39
8,2025-01-08,0,0,18:30-19:00,50,0,1,40
8,2025-01-08,0,0,18:30-19:00,50,0,1,41
8,2025-01-08,0,0,18:30-19:00,50,0,1,42
8,2025-01-08,0,0,18:30-19:00,50,1,0,43
8,2025-01-08,0,0,18:30-19:00,50,0,1,44
8,2025-01-08,0,0,18:30-19:00,50,0,1,45
8,2025-01-08,0,0,18:30-19:00,50,0,1,46
8,2025-01-08,0,0,18:30-19:00,50,0,1,47
8,2025-01-08,0,0,18:30-19:00,50,1,0,48
8,2025-01-08,0,0,18:30-19:00,50,1,0,49
8,2025-01-08,0,0,18:30-19:00,50,0,1,50
9,2025-01-09,1,0,07:00-07:30,50,1,0,1
9,2025-01-09,1,0,07:00-07:30,50,1,0,2
9,2025-01-09,1,0,07:00-07:30,50,1,0,3
9,2025-01-09,1,0,07:00-07:30,50,0,1,4
9,2025-01-09,1,0,07:00-07:30,50,1,0,5
9,2025-01-09,1,0,07:00-07:30,50,1,0,6
9,2025-01-09,1,0,07:00-07:30,50,0,1,7
9,2025-01-09,1,0,07:00-07:30,50,1,0,8
9,2025-01-09,1,0,07:00-07:30,50,0,1,9
9,2025-01-09,1,0,07:00-07:30,50,1,0,10
9,2025-01-09,1,0,07:00-07:30,50,0,1,11
9,2025-01-09,1,0,07:00-07:30,50,0,1,12
9,2025-01-09,1,0,07:00-07:30,50,1,0,13
9,2025-01-09,1,0,07:00-07:30,50,1,0,14
9,2025-01-09,1,0,07:00-07:30,50,0,1,15
9,2025-01-09,1,0,07:00-07:30,50,1,0,16
9,2025-01-09,1,0,07:00-07:30,50,1,0,17
9,2025-01-09,1,0,07:00-07:30,50,0,1,18
9,2025-01-09,1,0,07:00-07:30,50,1,0,19
9,2025-01-09,1,0,07:00-07:30,50,1,0,20
9,2025-01-09,1,0,07:00-07:30,50,0,1,21
9,2025-01-09,1,0,07:00-07:30,50,1,0,22
9,2025-01-09,1,0,07:00-07:30,50,1,0,23
9,2025-01-09,1,0,07:00-07:30,50,0,1,24
9,2025-01-09,1,0,07:00-07:30,50,1,0,25
9,2025-01-09,1,0,07:00-07:30,50,1,0,26
9,2025-01-09,1,0,07:00-07:30,50,1,0,27
9,2025-01-09,1,0,07:00-07:30,50,1,0,28
9,2025-01-09,1,0,07:00-07:30,50,1,0,29
9,2025-01-09,1,0,07:00-07:30,50,1,0,30
9,2025-01-09,1,0,07:00-07:30,50,1,0,31
9,2025-01-09,1,0,07:00-07:30,50,1,0,32
9,2025-01-09,1,0,07:00-07:30,50,1,0,33
9,2025-01-09,1,0,07:00-07:30,50,1,0,34
9,2025-01-09,1,0,07:00-07:30,50,0,1,35
9,2025-01-09,1,0,07:00-07:30,50,1,0,36
9,2025-01-09,1,0,07:00-07:30,50,0,1,37
9,2025-01-09,1,0,07:00-07:30,50,1,0,38
9,2025-01-09,1,0,07:00-07:30,50,1,0,39
9,2025-01-09,1,0,07:00-07:30,50,1,0,40
9,2025-01-09,1,0,07:00-07:30,50,1,0,41
9,2025-01-09,1,0,07:00-07:30,50,1,0,42
9,2025-01-09,1,0,07:00-07:30,50,0,1,43
9,2025-01-09,1,0,07:00-07:30,50,1,0,44
9,2025-01-09,1,0,07:00-07:30,50,0,1,45
9,2025-01-09,1,0,07:00-07:30,50,1,0,46
9,2025-01-09,1,0,07:00-07:30,50,1,0,47
9,2025-01-09,1,0,07:00-07:30,50,1,0,48
9,2025-01-09,1,0,07:00-07:30,50,1,0,49
9,2025-01-09,1,0,07:00-07:30,50,1,0,50
9,2025-01-09,1,0,07:30-08:00,50,1,0,1
9,2025-01-09,1,0,07:30-08:00,50,0,1,2
9,2025-01-09,1,0,07:30-08:00,50,1,0,3
9,2025-01-09,1,0,07:30-08:00,50,1,0,4
9,2025-01-09,1,0,07:30-08:00,50,1,0,5
9,2025-01-09,1,0,07:30-08:00,50,0,1,6
9,2025-01-09,1,0,07:30-08:00,50,1,0,7
9,2025-01-09,1,0,07:30-08:00,50,1,0,8
9,2025-01-09,1,0,07:30-08:00,50,1,0,9
9,2025-01-09,1,0,07:30-08:00,50,1,0,10
9,2025-01-09,1,0,07:30-08:00,50,1,0,11
9,2025-01-09,1,0,07:30-08:00,50,0,1,12
9,2025-01-09,1,0,07:30-08:00,50,0,1,13
9,2025-01-09,1,0,07:30-08:00,50,1,0,14
9,2025-01-09,1,0,07:30-08:00,50,1,0,15
9,2025-01-09,1,0,07:30-08:00,50,0,1,16
9,2025-01-09,1,0,07:30-08:00,50,1,0,17
9,2025-01-09,1,0,07:30-08:00,50,1,0,18
9,2025-01-09,1,0,07:30-08:00,50,1,0,19
9,2025-01-09,1,0,07:30-08:00,50,1,0,20
9,2025-01-09,1,0,07:30-08:00,50,0,1,21
9,2025-01-09,1,0,07:30-08:00,50,1,0,22
9,2025-01-09,1,0,07:30-08:00,50,1,0,23
9,2025-01-09,1,0,07:30-08:00,50,1,0,24
9,2025-01-09,1,0,07:30-08:00,50,0,1,25
9,2025-01-09,1,0,07:30-08:00,50,1,0,26
9,2025-01-09,1,0,07:30-08:00,50,1,0,27
9,2025-01-09,1,0,07:30-08:00,50,1,0,28
9,2025-01-09,1,0,07:30-08:00,50,0,1,29
9,2025-01-09,1,0,07:30-08:00,50,1,0,30
9,2025-01-09,1,0,07:30-08:00,50,1,0,31
9,2025-01-09,1,0,07:30-08:00,50,0,1,32
9,2025-01-09,1,0,07:30-08:00,50,1,0,33
9,2025-01-09,1,0,07:30-08:00,50,1,0,34
9,2025-01-09,1,0,07:30-08:00,50,0,1,35
9,2025-01-09,1,0,07:30-08:00,50,1,0,36
9,2025-01-09,1,0,07:30-08:00,50,1,0,37
9,2025-01-09,1,0,07:30-08:00,50,0,1,38
9,2025-01-09,1,0,07:30-08:00,50,0,1,39
9,2025-01-09,1,0,07:30-08:00,50,0,1,40
9,2025-01-09,1,0,07:30-08:00,50,0,1,41
9,2025-01-09,1,0,07:30-08:00,50,1,0,42
9,2025-01-09,1,0,07:30-08:00,50,1,0,43
9,2025-01-09,1,0,07:30-08:00,50,1,0,44
9,2025-01-09,1,0,07:30-08:00,50,1,0,45
9,2025-01-09,1,0,07:30-08:00,50,1,0,46
9,2025-01-09,1,0,07:30-08:00,50,0,1,47
9,2025-01-09,1,0,07:30-08:00,50,1,0,48
9,2025-01-09,1,0,07:30-08:00,50,1,0,49
9,2025-01-09,1,0,07:30-08:00,50,0,1,50
9,2025-01-09,1,0,08:00-08:30,50,0,1,1
9,2025-01-09,1,0,08:00-08:30,50,0,1,2
9,2025-01-09,1,0,08:00-08:30,50,1,0,3
9,2025-01-09,1,0,08:00-08:30,50,1,0,4
9,2025-01-09,1,0,08:00-08:30,50,1,0,5
9,2025-01-09,1,0,08:00-08:30,50,1,0,6
9,2025-01-09,1,0,08:00-08:30,50,1,0,7
9,2025-01-09,1,0,08:00-08:30,50,1,0,8
9,2025-01-09,1,0,08:00-08:30,50,0,1,9
9,2025-01-09,1,0,08:00-08:30,50,1,0,10
9,2025-01-09,1,0,08:00-08:30,50,1,0,11
9,2025-01-09,1,0,08:00-08:30,50,1,0,12
9,2025-01-09,1,0,08:00-08:30,50,1,0,13
9,2025-01-09,1,0,08:00-08:30,50,1,0,14
9,2025-01-09,1,0,08:00-08:30,50,1,0,15
9,2025-01-09,1,0,08:00-08:30,50,1,0,16
9,2025-01-09,1,0,08:00-08:30,50,0,1,17
9,2025-01-09,1,0,08:00-08:30,50,0,1,18
9,2025-01-09,1,0,08:00-08:30,50,0,1,19
9,2025-01-09,1,0,08:00-08:30,50,1,0,20
9,2025-01-09,1,0,08:00-08:30,50,0,1,21
9,2025-01-09,1,0,08:00-08:30,50,1,0,22
9,2025-01-09,1,0,08:00-08:30,50,1,0,23
9,2025-01-09,1,0,08:00-08:30,50,1,0,24
9,2025-01-09,1,0,08:00-08:30,50,1,0,25
9,2025-01-09,1,0,08:00-08:30,50,0,1,26
9,2025-01-09,1,0,08:00-08:30,50,0,1,27
9,2025-01-09,1,0,08:00-08:30,50,1,0,28
9,2025-01-09,1,0,08:00-08:30,50,1,0,29
9,2025-01-09,1,0,08:00-08:30,50,1,0,30
9,2025-01-09,1,0,08:00-08:30,50,1,0,31
9,2025-01-09,1,0,08:00-08:30,50,0,1,32
9,2025-01-09,1,0,08:00-08:30,50,1,0,33
9,2025-01-09,1,0,08:00-08:30,50,1,0,34
9,2025-01-09,1,0,08:00-08:30,50,1,0,35
9,2025-01-09,1,0,08:00-08:30,50,0,1,36
9,2025-01-09,1,0,08:00-08:30,50,1,0,37
9,2025-01-09,1,0,08:00-08:30,50,0,1,38
9,2025-01-09,1,0,08:00-08:30,50,0,1,39
9,2025-01-09,1,0,08:00-08:30,50,0,1,40
9,2025-01-09,1,0,08:00-08:30,50,1,0,41
9,2025-01-09,1,0,08:00-08:30,50,1,0,42
9,2025-01-09,1,0,08:00-08:30,50,0,1,43
9,2025-01-09,1,0,08:00-08:30,50,1,0,44
9,2025-01-09,1,0,08:00-08:30,50,1,0,45
9,2025-01-09,1,0,08:00-08:30,50,1,0,46
9,2025-01-09,1,0,08:00-08:30,50,1,0,47
9,2025-01-09,1,0,08:00-08:30,50,1,0,48
9,2025-01-09,1,0,08:00-08:30,50,0,1,49
9,2025-01-09,1,0,08:00-08:30,50,0,1,50
9,2025-01-09,1,0,08:30-09:00,50,0,1,1
9,2025-01-09,1,0,08:30-09:00,50,1,0,2
9,2025-01-09,1,0,08:30-09:00,50,0,1,3
9,2025-01-09,1,0,08:30-09:00,50,1,0,4
9,2025-01-09,1,0,08:30-09:00,50,0,1,5
9,2025-01-09,1,0,08:30-09:00,50,0,1,6
9,2025-01-09,1,0,08:30-09:00,50,1,0,7
9,2025-01-09,1,0,08:30-09:00,50,0,1,8
9,2025-01-09,1,0,08:30-09:00,50,1,0,9
9,2025-01-09,1,0,08:30-09:00,50,0,1,10
9,2025-01-09,1,0,08:30-09:00,50,0,1,11
9,2025-01-09,1,0,08:30-09:00,50,1,0,12
9,2025-01-09,1,0,08:30-09:00,50,1,0,13
9,2025-01-09,1,0,08:30-09:00,50,1,0,14
9,2025-01-09,1,0,08:30-09:00,50,0,1,15
9,2025-01-09,1,0,08:30-09:00,50,0,1,16
9,2025-01-09,1,0,08:30-09:00,50,1,0,17
9,2025-01-09,1,0,08:30-09:00,50,1,0,18
9,2025-01-09,1,0,08:30-09:00,50,0,1,19
9,2025-01-09,1,0,08:30-09:00,50,1,0,20
9,2025-01-09,1,0,08:30-09:00,50,1,0,21
9,2025-01-09,1,0,08:30-09:00,50,0,1,22
9,2025-01-09,1,0,08:30-09:00,50,1,0,23
9,2025-01-09,1,0,08:30-09:00,50,0,1,24
9,2025-01-09,1,0,08:30-09:00,50,1,0,25
9,2025-01-09,1,0,08:30-09:00,50,1,0,26
9,2025-01-09,1,0,08:30-09:00,50,1,0,27
9,2025-01-09,1,0,08:30-09:00,50,1,0,28
9,2025-01-09,1,0,08:30-09:00,50,1,0,29
9,2025-01-09,1,0,08:30-09:00,50,1,0,30
9,2025-01-09,1,0,08:30-09:00,50,1,0,31
9,2025-01-09,1,0,08:30-09:00,50,0,1,32
9,2025-01-09,1,0,08:30-09:00,50,1,0,33
9,2025-01-09,1,0,08:30-09:00,50,0,1,34
9,2025-01-09,1,0,08:30-09:00,50,1,0,35
9,2025-01-09,1,0,08:30-09:00,50,0,1,36
9,2025-01-09,1,0,08:30-09:00,50,0,1,37
9,2025-01-09,1,0,08:30-09:00,50,0,1,38
9,2025-01-09,1,0,08:30-09:00,50,0,1,39
9,2025-01-09,1,0,08:30-09:00,50,0,1,40
9,2025-01-09,1,0,08:30-09:00,50,1,0,41
9,2025-01-09,1,0,08:30-09:00,50,1,0,42
9,2025-01-09,1,0,08:30-09:00,50,1,0,43
9,2025-01-09,1,0,08:30-09:00,50,1,0,44
9,2025-01-09,1,0,08:30-09:00,50,0,1,45
9,2025-01-09,1,0,08:30-09:00,50,0,1,46
9,2025-01-09,1,0,08:30-09:00,50,0,1,47
9,2025-01-09,1,0,08:30-09:00,50,1,0,48
9,2025-01-09,1,0,08:30-09:00,50,1,0,49
9,2025-01-09,1,0,08:30-09:00,50,1,0,50
9,2025-01-09,1,0,09:00-09:30,50,0,1,1
9,2025-01-09,1,0,09:00-09:30,50,0,1,2
9,2025-01-09,1,0,09:00-09:30,50,0,1,3
9,2025-01-09,1,0,09:00-09:30,50,1,0,4
9,2025-01-09,1,0,09:00-09:30,50,0,1,5
9,2025-01-09,1,0,09:00-09:30,50,1,0,6
9,2025-01-09,1,0,09:00-09:30,50,1,0,7
9,2025-01-09,1,0,09:00-09:30,50,1,0,8
9,2025-01-09,1,0,09:00-09:30,50,1,0,9
9,2025-01-09,1,0,09:00-09:30,50,1,0,10
9,2025-01-09,1,0,09:00-09:30,50,0,1,11
9,2025-01-09,1,0,09:00-09:30,50,1,0,12
9,2025-01-09,1,0,09:00-09:30,50,0,1,13
9,2025-01-09,1,0,09:00-09:30,50,1,0,14
9,2025-01-09,1,0,09:00-09:30,50,1,0,15
9,2025-01-09,1,0,09:00-09:30,50,1,0,16
9,2025-01-09,1,0,09:00-09:30,50,0,1,17
9,2025-01-09,1,0,09:00-09:30,50,0,1,18
9,2025-01-09,1,0,09:00-09:30,50,1,0,19
9,2025-01-09,1,0,09:00-09:30,50,0,1,20
9,2025-01-09,1,0,09:00-09:30,50,1,0,21
9,2025-01-09,1,0,09:00-09:30,50,1,0,22
9,2025-01-09,1,0,09:00-09:30,50,1,0,23
9,2025-01-09,1,0,09:00-09:30,50,1,0,24
9,2025-01-09,1,0,09:00-09:30,50,0,1,25
9,2025-01-09,1,0,09:00-09:30,50,0,1,26
9,2025-01-09,1,0,09:00-09:30,50,1,0,27
9,2025-01-09,1,0,09:00-09:30,50,1,0,28
9,2025-01-09,1,0,09:00-09:30,50,1,0,29
9,2025-01-09,1,0,09:00-09:30,50,1,0,30
9,2025-01-09,1,0,09:00-09:30,50,1,0,31
9,2025-01-09,1,0,09:00-09:30,50,0,1,32
9,2025-01-09,1,0,09:00-09:30,50,1,0,33
9,2025-01-09,1,0,09:00-09:30,50,1,0,34
9,2025-01-09,1,0,09:00-09:30,50,0,1,35
9,2025-01-09,1,0,09:00-09:30,50,1,0,36
9,2025-01-09,1,0,09:00-09:30,50,0,1,37
9,2025-01-09,1,0,09:00-09:30,50,1,0,38
9,2025-01-09,1,0,09:00-09:30,50,1,0,39
9,2025-01-09,1,0,09:00-09:30,50,0,1,40
9,2025-01-09,1,0,09:00-09:30,50,1,0,41
9,2025-01-09,1,0,09:00-09:30,50,0,1,42
9,2025-01-09,1,0,09:00-09:30,50,0,1,43
9,2025-01-09,1,0,09:00-09:30,50,1,0,44
9,2025-01-09,1,0,09:00-09:30,50,1,0,45
9,2025-01-09,1,0,09:00-09:30,50,1,0,46
9,2025-01-09,1,0,09:00-09:30,50,1,0,47
9,2025-01-09,1,0,09:00-09:30,50,0,1,48
9,2025-01-09,1,0,09:00-09:30,50,1,0,49
9,2025-01-09,1,0,09:00-09:30,50,0,1,50
9,2025-01-09,1,0,09:30-10:00,50,1,0,1
9,2025-01-09,1,0,09:30-10:00,50,1,0,2
9,2025-01-09,1,0,09:30-10:00,50,0,1,3
9,2025-01-09,1,0,09:30-10:00,50,1,0,4
9,2025-01-09,1,0,09:30-10:00,50,1,0,5
9,2025-01-09,1,0,09:30-10:00,50,1,0,6
9,2025-01-09,1,0,09:30-10:00,50,0,1,7
9,2025-01-09,1,0,09:30-10:00,50,0,1,8
9,2025-01-09,1,0,09:30-10:00,50,1,0,9
9,2025-01-09,1,0,09:30-10:00,50,0,1,10
9,2025-01-09,1,0,09:30-10:00,50,1,0,11
9,2025-01-09,1,0,09:30-10:00,50,1,0,12
9,2025-01-09,1,0,09:30-10:00,50,0,1,13
9,2025-01-09,1,0,09:30-10:00,50,1,0,14
9,2025-01-09,1,0,09:30-10:00,50,0,1,15
9,2025-01-09,1,0,09:30-10:00,50,1,0,16
9,2025-01-09,1,0,09:30-10:00,50,0,1,17
9,2025-01-09,1,0,09:30-10:00,50,1,0,18
9,2025-01-09,1,0,09:30-10:00,50,1,0,19
9,2025-01-09,1,0,09:30-10:00,50,0,1,20
9,2025-01-09,1,0,09:30-10:00,50,0,1,21
9,2025-01-09,1,0,09:30-10:00,50,0,1,22
9,2025-01-09,1,0,09:30-10:00,50,0,1,23
9,2025-01-09,1,0,09:30-10:00,50,0,1,24
9,2025-01-09,1,0,09:30-10:00,50,1,0,25
9,2025-01-09,1,0,09:30-10:00,50,0,1,26
9,2025-01-09,1,0,09:30-10:00,50,0,1,27
9,2025-01-09,1,0,09:30-10:00,50,0,1,28
9,2025-01-09,1,0,09:30-10:00,50,1,0,29
9,2025-01-09,1,0,09:30-10:00,50,0,1,30
9,2025-01-09,1,0,09:30-10:00,50,1,0,31
9,2025-01-09,1,0,09:30-10:00,50,0,1,32
9,2025-01-09,1,0,09:30-10:00,50,0,1,33
9,2025-01-09,1,0,09:30-10:00,50,0,1,34
9,2025-01-09,1,0,09:30-10:00,50,0,1,35
9,2025-01-09,1,0,09:30-10:00,50,1,0,36
9,2025-01-09,1,0,09:30-10:00,50,1,0,37
9,2025-01-09,1,0,09:30-10:00,50,0,1,38
9,2025-01-09,1,0,09:30-10:00,50,1,0,39
9,2025-01-09,1,0,09:30-10:00,50,1,0,40
9,2025-01-09,1,0,09:30-10:00,50,0,1,41
9,2025-01-09,1,0,09:30-10:00,50,0,1,42
9,2025-01-09,1,0,09:30-10:00,50,0,1,43
9,2025-01-09,1,0,09:30-10:00,50,1,0,44
9,2025-01-09,1,0,09:30-10:00,50,1,0,45
9,2025-01-09,1,0,09:30-10:00,50,1,0,46
9,2025-01-09,1,0,09:30-10:00,50,0,1,47
9,2025-01-09,1,0,09:30-10:00,50,0,1,48
9,2025-01-09,1,0,09:30-10:00,50,1,0,49
9,2025-01-09,1,0,09:30-10:00,50,0,1,50
9,2025-01-09,1,0,16:00-16:30,50,1,0,1
9,2025-01-09,1,0,16:00-16:30,50,1,0,2
9,2025-01-09,1,0,16:00-16:30,50,0,1,3
9,2025-01-09,1,0,16:00-16:30,50,1,0,4
9,2025-01-09,1,0,16:00-16:30,50,0,1,5
9,2025-01-09,1,0,16:00-16:30,50,1,0,6
9,2025-01-09,1,0,16:00-16:30,50,1,0,7
9,2025-01-09,1,0,16:00-16:30,50,0,1,8
9,2025-01-09,1,0,16:00-16:30,50,0,1,9
9,2025-01-09,1,0,16:00-16:30,50,1,0,10
9,2025-01-09,1,0,16:00-16:30,50,0,1,11
9,2025-01-09,1,0,16:00-16:30,50,0,1,12
9,2025-01-09,1,0,16:00-16:30,50,1,0,13
9,2025-01-09,1,0,16:00-16:30,50,0,1,14
9,2025-01-09,1,0,16:00-16:30,50,0,1,15
9,2025-01-09,1,0,16:00-16:30,50,1,0,16
9,2025-01-09,1,0,16:00-16:30,50,0,1,17
9,2025-01-09,1,0,16:00-16:30,50,1,0,18
9,2025-01-09,1,0,16:00-16:30,50,0,1,19
9,2025-01-09,1,0,16:00-16:30,50,1,0,20
9,2025-01-09,1,0,16:00-16:30,50,1,0,21
9,2025-01-09,1,0,16:00-16:30,50,1,0,22
9,2025-01-09,1,0,16:00-16:30,50,1,0,23
9,2025-01-09,1,0,16:00-16:30,50,0,1,24
9,2025-01-09,1,0,16:00-16:30,50,0,1,25
9,2025-01-09,1,0,16:00-16:30,50,0,1,26
9,2025-01-09,1,0,16:00-16:30,50,0,1,27
9,2025-01-09,1,0,16:00-16:30,50,0,1,28
9,2025-01-09,1,0,16:00-16:30,50,0,1,29
9,2025-01-09,1,0,16:00-16:30,50,1,0,30
9,2025-01-09,1,0,16:00-16:30,50,1,0,31
9,2025-01-09,1,0,16:00-16:30,50,1,0,32
9,2025-01-09,1,0,16:00-16:30,50,1,0,33
9,2025-01-09,1,0,16:00-16:30,50,1,0,34
9,2025-01-09,1,0,16:00-16:30,50,0,1,35
9,2025-01-09,1,0,16:00-16:30,50,1,0,36
9,2025-01-09,1,0,16:00-16:30,50,0,1,37
9,2025-01-09,1,0,16:00-16:30,50,0,1,38
9,2025-01-09,1,0,16:00-16:30,50,0,1,39
9,2025-01-09,1,0,16:00-16:30,50,0,1,40
9,2025-01-09,1,0,16:00-16:30,50,1,0,41
9,2025-01-09,1,0,16:00-16:30,50,1,0,42
9,2025-01-09,1,0,16:00-16:30,50,1,0,43
9,2025-01-09,1,0,16:00-16:30,50,0,1,44
9,2025-01-09,1,0,16:00-16:30,50,0,1,45
9,2025-01-09,1,0,16:00-16:30,50,0,1,46
9,2025-01-09,1,0,16:00-16:30,50,1,0,47
9,2025-01-09,1,0,16:00-16:30,50,0,1,48
9,2025-01-09,1,0,16:00-16:30,50,0,1,49
9,2025-01-09,1,0,16:00-16:30,50,0,1,50
9,2025-01-09,1,0,16:30-17:00,50,1,0,1
9,2025-01-09,1,0,16:30-17:00,50,1,0,2
9,2025-01-09,1,0,16:30-17:00,50,0,1,3
9,2025-01-09,1,0,16:30-17:00,50,1,0,4
9,2025-01-09,1,0,16:30-17:00,50,0,1,5
9,2025-01-09,1,0,16:30-17:00,50,1,0,6
9,2025-01-09,1,0,16:30-17:00,50,1,0,7
9,2025-01-09,1,0,16:30-17:00,50,1,0,8
9,2025-01-09,1,0,16:30-17:00,50,1,0,9
9,2025-01-09,1,0,16:30-17:00,50,1,0,10
9,2025-01-09,1,0,16:30-17:00,50,1,0,11
9,2025-01-09,1,0,16:30-17:00,50,1,0,12
9,2025-01-09,1,0,16:30-17:00,50,1,0,13
9,2025-01-09,1,0,16:30-17:00,50,1,0,14
9,2025-01-09,1,0,16:30-17:00,50,1,0,15
9,2025-01-09,1,0,16:30-17:00,50,1,0,16
9,2025-01-09,1,0,16:30-17:00,50,1,0,17
9,2025-01-09,1,0,16:30-17:00,50,0,1,18
9,2025-01-09,1,0,16:30-17:00,50,1,0,19
9,2025-01-09,1,0,16:30-17:00,50,1,0,20
9,2025-01-09,1,0,16:30-17:00,50,0,1,21
9,2025-01-09,1,0,16:30-17:00,50,0,1,22
9,2025-01-09,1,0,16:30-17:00,50,0,1,23
9,2025-01-09,1,0,16:30-17:00,50,0,1,24
9,2025-01-09,1,0,16:30-17:00,50,0,1,25
9,2025-01-09,1,0,16:30-17:00,50,1,0,26
9,2025-01-09,1,0,16:30-17:00,50,0,1,27
9,2025-01-09,1,0,16:30-17:00,50,1,0,28
9,2025-01-09,1,0,16:30-17:00,50,1,0,29
9,2025-01-09,1,0,16:30-17:00,50,0,1,30
9,2025-01-09,1,0,16:30-17:00,50,1,0,31
9,2025-01-09,1,0,16:30-17:00,50,1,0,32
9,2025-01-09,1,0,16:30-17:00,50,0,1,33
9,2025-01-09,1,0,16:30-17:00,50,1,0,34
9,2025-01-09,1,0,16:30-17:00,50,1,0,35
9,2025-01-09,1,0,16:30-17:00,50,0,1,36
9,2025-01-09,1,0,16:30-17:00,50,1,0,37
9,2025-01-09,1,0,16:30-17:00,50,0,1,38
9,2025-01-09,1,0,16:30-17:00,50,1,0,39
9,2025-01-09,1,0,16:30-17:00,50,0,1,40
9,2025-01-09,1,0,16:30-17:00,50,1,0,41
9,2025-01-09,1,0,16:30-17:00,50,1,0,42
9,2025-01-09,1,0,16:30-17:00,50,0,1,43
9,2025-01-09,1,0,16:30-17:00,50,0,1,44
9,2025-01-09,1,0,16:30-17:00,50,0,1,45
9,2025-01-09,1,0,16:30-17:00,50,1,0,46
9,2025-01-09,1,0,16:30-17:00,50,1,0,47
9,2025-01-09,1,0,16:30-17:00,50,1,0,48
9,2025-01-09,1,0,16:30-17:00,50,1,0,49
9,2025-01-09,1,0,16:30-17:00,50,1,0,50
9,2025-01-09,1,0,17:00-17:30,50,1,0,1
9,2025-01-09,1,0,17:00-17:30,50,1,0,2
9,2025-01-09,1,0,17:00-17:30,50,1,0,3
9,2025-01-09,1,0,17:00-17:30,50,1,0,4
9,2025-01-09,1,0,17:00-17:30,50,1,0,5
9,2025-01-09,1,0,17:00-17:30,50,1,0,6
9,2025-01-09,1,0,17:00-17:30,50,1,0,7
9,2025-01-09,1,0,17:00-17:30,50,0,1,8
9,2025-01-09,1,0,17:00-17:30,50,1,0,9
9,2025-01-09,1,0,17:00-17:30,50,1,0,10
9,2025-01-09,1,0,17:00-17:30,50,1,0,11
9,2025-01-09,1,0,17:00-17:30,50,1,0,12
9,2025-01-09,1,0,17:00-17:30,50,0,1,13
9,2025-01-09,1,0,17:00-17:30,50,0,1,14
9,2025-01-09,1,0,17:00-17:30,50,1,0,15
9,2025-01-09,1,0,17:00-17:30,50,1,0,16
9,2025-01-09,1,0,17:00-17:30,50,0,1,17
9,2025-01-09,1,0,17:00-17:30,50,1,0,18
9,2025-01-09,1,0,17:00-17:30,50,0,1,19
9,2025-01-09,1,0,17:00-17:30,50,1,0,20
9,2025-01-09,1,0,17:00-17:30,50,1,0,21
9,2025-01-09,1,0,17:00-17:30,50,1,0,22
9,2025-01-09,1,0,17:00-17:30,50,0,1,23
9,2025-01-09,1,0,17:00-17:30,50,1,0,24
9,2025-01-09,1,0,17:00-17:30,50,0,1,25
9,2025-01-09,1,0,17:00-17:30,50,0,1,26
9,2025-01-09,1,0,17:00-17:30,50,0,1,27
9,2025-01-09,1,0,17:00-17:30,50,0,1,28
9,2025-01-09,1,0,17:00-17:30,50,0,1,29
9,2025-01-09,1,0,17:00-17:30,50,0,1,30
9,2025-01-09,1,0,17:00-17:30,50,0,1,31
9,2025-01-09,1,0,17:00-17:30,50,1,0,32
9,2025-01-09,1,0,17:00-17:30,50,1,0,33
9,2025-01-09,1,0,17:00-17:30,50,1,0,34
9,2025-01-09,1,0,17:00-17:30,50,1,0,35
9,2025-01-09,1,0,17:00-17:30,50,1,0,36
9,2025-01-09,1,0,17:00-17:30,50,1,0,37
9,2025-01-09,1,0,17:00-17:30,50,0,1,38
9,2025-01-09,1,0,17:00-17:30,50,0,1,39
9,2025-01-09,1,0,17:00-17:30,50,1,0,40
9,2025-01-09,1,0,17:00-17:30,50,1,0,41
9,2025-01-09,1,0,17:00-17:30,50,0,1,42
9,2025-01-09,1,0,17:00-17:30,50,1,0,43
9,2025-01-09,1,0,17:00-17:30,50,0,1,44
9,2025-01-09,1,0,17:00-17:30,50,0,1,45
9,2025-01-09,1,0,17:00-17:30,50,0,1,46
9,2025-01-09,1,0,17:00-17:30,50,0,1,47
9,2025-01-09,1,0,17:00-17:30,50,0,1,48
9,2025-01-09,1,0,17:00-17:30,50,0,1,49
9,2025-01-09,1,0,17:00-17:30,50,0,1,50
9,2025-01-09,1,0,17:30-18:00,50,0,1,1
9,2025-01-09,1,0,17:30-18:00,50,0,1,2
9,2025-01-09,1,0,17:30-18:00,50,0,1,3
9,2025-01-09,1,0,17:30-18:00,50,1,0,4
9,2025-01-09,1,0,17:30-18:00,50,0,1,5
9,2025-01-09,1,0,17:30-18:00,50,1,0,6
9,2025-01-09,1,0,17:30-18:00,50,1,0,7
9,2025-01-09,1,0,17:30-18:00,50,1,0,8
9,2025-01-09,1,0,17:30-18:00,50,0,1,9
9,2025-01-09,1,0,17:30-18:00,50,1,0,10
9,2025-01-09,1,0,17:30-18:00,50,0,1,11
9,2025-01-09,1,0,17:30-18:00,50,0,1,12
9,2025-01-09,1,0,17:30-18:00,50,0,1,13
9,2025-01-09,1,0,17:30-18:00,50,0,1,14
9,2025-01-09,1,0,17:30-18:00,50,1,0,15
9,2025-01-09,1,0,17:30-18:00,50,1,0,16
9,2025-01-09,1,0,17:30-18:00,50,1,0,17
9,2025-01-09,1,0,17:30-18:00,50,1,0,18
9,2025-01-09,1,0,17:30-18:00,50,0,1,19
9,2025-01-09,1,0,17:30-18:00,50,1,0,20
9,2025-01-09,1,0,17:30-18:00,50,1,0,21
9,2025-01-09,1,0,17:30-18:00,50,1,0,22
9,2025-01-09,1,0,17:30-18:00,50,1,0,23
9,2025-01-09,1,0,17:30-18:00,50,0,1,24
9,2025-01-09,1,0,17:30-18:00,50,0,1,25
9,2025-01-09,1,0,17:30-18:00,50,0,1,26
9,2025-01-09,1,0,17:30-18:00,50,1,0,27
9,2025-01-09,1,0,17:30-18:00,50,1,0,28
9,2025-01-09,1,0,17:30-18:00,50,1,0,29
9,2025-01-09,1,0,17:30-18:00,50,0,1,30
9,2025-01-09,1,0,17:30-18:00,50,0,1,31
9,2025-01-09,1,0,17:30-18:00,50,1,0,32
9,2025-01-09,1,0,17:30-18:00,50,1,0,33
9,2025-01-09,1,0,17:30-18:00,50,1,0,34
9,2025-01-09,1,0,17:30-18:00,50,0,1,35
9,2025-01-09,1,0,17:30-18:00,50,0,1,36
9,2025-01-09,1,0,17:30-18:00,50,0,1,37
9,2025-01-09,1,0,17:30-18:00,50,0,1,38
9,2025-01-09,1,0,17:30-18:00,50,1,0,39
9,2025-01-09,1,0,17:30-18:00,50,1,0,40
9,2025-01-09,1,0,17:30-18:00,50,0,1,41
9,2025-01-09,1,0,17:30-18:00,50,0,1,42
9,2025-01-09,1,0,17:30-18:00,50,0,1,43
9,2025-01-09,1,0,17:30-18:00,50,0,1,44
9,2025-01-09,1,0,17:30-18:00,50,0,1,45
9,2025-01-09,1,0,17:30-18:00,50,0,1,46
9,2025-01-09,1,0,17:30-18:00,50,0,1,47
9,2025-01-09,1,0,17:30-18:00,50,0,1,48
9,2025-01-09,1,0,17:30-18:00,50,0,1,49
9,2025-01-09,1,0,17:30-18:00,50,0,1,50
9,2025-01-09,1,0,18:00-18:30,50,1,0,1
9,2025-01-09,1,0,18:00-18:30,50,0,1,2
9,2025-01-09,1,0,18:00-18:30,50,1,0,3
9,2025-01-09,1,0,18:00-18:30,50,0,1,4
9,2025-01-09,1,0,18:00-18:30,50,1,0,5
9,2025-01-09,1,0,18:00-18:30,50,1,0,6
9,2025-01-09,1,0,18:00-18:30,50,0,1,7
9,2025-01-09,1,0,18:00-18:30,50,0,1,8
9,2025-01-09,1,0,18:00-18:30,50,0,1,9
9,2025-01-09,1,0,18:00-18:30,50,0,1,10
9,2025-01-09,1,0,18:00-18:30,50,0,1,11
9,2025-01-09,1,0,18:00-18:30,50,1,0,12
9,2025-01-09,1,0,18:00-18:30,50,1,0,13
9,2025-01-09,1,0,18:00-18:30,50,0,1,14
9,2025-01-09,1,0,18:00-18:30,50,1,0,15
9,2025-01-09,1,0,18:00-18:30,50,0,1,16
9,2025-01-09,1,0,18:00-18:30,50,0,1,17
9,2025-01-09,1,0,18:00-18:30,50,1,0,18
9,2025-01-09,1,0,18:00-18:30,50,1,0,19
9,2025-01-09,1,0,18:00-18:30,50,0,1,20
9,2025-01-09,1,0,18:00-18:30,50,0,1,21
9,2025-01-09,1,0,18:00-18:30,50,0,1,22
9,2025-01-09,1,0,18:00-18:30,50,0,1,23
9,2025-01-09,1,0,18:00-18:30,50,0,1,24
9,2025-01-09,1,0,18:00-18:30,50,0,1,25
9,2025-01-09,1,0,18:00-18:30,50,1,0,26
9,2025-01-09,1,0,18:00-18:30,50,0,1,27
9,2025-01-09,1,0,18:00-18:30,50,1,0,28
9,2025-01-09,1,0,18:00-18:30,50,0,1,29
9,2025-01-09,1,0,18:00-18:30,50,1,0,30
9,2025-01-09,1,0,18:00-18:30,50,0,1,31
9,2025-01-09,1,0,18:00-18:30,50,1,0,32
9,2025-01-09,1,0,18:00-18:30,50,0,1,33
9,2025-01-09,1,0,18:00-18:30,50,0,1,34
9,2025-01-09,1,0,18:00-18:30,50,1,0,35
9,2025-01-09,1,0,18:00-18:30,50,1,0,36
9,2025-01-09,1,0,18:00-18:30,50,0,1,37
9,2025-01-09,1,0,18:00-18:30,50,0,1,38
9,2025-01-09,1,0,18:00-18:30,50,1,0,39
9,2025-01-09,1,0,18:00-18:30,50,0,1,40
9,2025-01-09,1,0,18:00-18:30,50,0,1,41
9,2025-01-09,1,0,18:00-18:30,50,1,0,42
9,2025-01-09,1,0,18:00-18:30,50,0,1,43
9,2025-01-09,1,0,18:00-18:30,50,1,0,44
9,2025-01-09,1,0,18:00-18:30,50,1,0,45
9,2025-01-09,1,0,18:00-18:30,50,0,1,46
9,2025-01-09,1,0,18:00-18:30,50,1,0,47
9,2025-01-09,1,0,18:00-18:30,50,1,0,48
9,2025-01-09,1,0,18:00-18:30,50,0,1,49
9,2025-01-09,1,0,18:00-18:30,50,0,1,50
9,2025-01-09,1,0,18:30-19:00,50,1,0,1
9,2025-01-09,1,0,18:30-19:00,50,1,0,2
9,2025-01-09,1,0,18:30-19:00,50,1,0,3
9,2025-01-09,1,0,18:30-19:00,50,0,1,4
9,2025-01-09,1,0,18:30-19:00,50,1,0,5
9,2025-01-09,1,0,18:30-19:00,50,1,0,6
9,2025-01-09,1,0,18:30-19:00,50,0,1,7
9,2025-01-09,1,0,18:30-19:00,50,1,0,8
9,2025-01-09,1,0,18:30-19:00,50,1,0,9
9,2025-01-09,1,0,18:30-19:00,50,0,1,10
9,2025-01-09,1,0,18:30-19:00,50,0,1,11
9,2025-01-09,1,0,18:30-19:00,50,1,0,12
9,2025-01-09,1,0,18:30-19:00,50,0,1,13
9,2025-01-09,1,0,18:30-19:00,50,0,1,14
9,2025-01-09,1,0,18:30-19:00,50,0,1,15
9,2025-01-09,1,0,18:30-19:00,50,0,1,16
9,2025-01-09,1,0,18:30-19:00,50,1,0,17
9,2025-01-09,1,0,18:30-19:00,50,0,1,18
9,2025-01-09,1,0,18:30-19:00,50,0,1,19
9,2025-01-09,1,0,18:30-19:00,50,1,0,20
9,2025-01-09,1,0,18:30-19:00,50,1,0,21
9,2025-01-09,1,0,18:30-19:00,50,0,1,22
9,2025-01-09,1,0,18:30-19:00,50,1,0,23
9,2025-01-09,1,0,18:30-19:00,50,0,1,24
9,2025-01-09,1,0,18:30-19:00,50,0,1,25
9,2025-01-09,1,0,18:30-19:00,50,1,0,26
9,2025-01-09,1,0,18:30-19:00,50,1,0,27
9,2025-01-09,1,0,18:30-19:00,50,1,0,28
9,2025-01-09,1,0,18:30-19:00,50,0,1,29
9,2025-01-09,1,0,18:30-19:00,50,0,1,30
9,2025-01-09,1,0,18:30-19:00,50,0,1,31
9,2025-01-09,1,0,18:30-19:00,50,0,1,32
9,2025-01-09,1,0,18:30-19:00,50,0,1,33
9,2025-01-09,1,0,18:30-19:00,50,0,1,34
9,2025-01-09,1,0,18:30-19:00,50,0,1,35
9,2025-01-09,1,0,18:30-19:00,50,0,1,36
9,2025-01-09,1,0,18:30-19:00,50,0,1,37
9,2025-01-09,1,0,18:30-19:00,50,1,0,38
9,2025-01-09,1,0,18:30-19:00,50,1,0,39
9,2025-01-09,1,0,18:30-19:00,50,0,1,40
9,2025-01-09,1,0,18:30-19:00,50,1,0,41
9,2025-01-09,1,0,18:30-19:00,50,0,1,42
9,2025-01-09,1,0,18:30-19:00,50,0,1,43
9,2025-01-09,1,0,18:30-19:00,50,0,1,44
9,2025-01-09,1,0,18:30-19:00,50,1,0,45
9,2025-01-09,1,0,18:30-19:00,50,0,1,46
9,2025-01-09,1,0,18:30-19:00,50,0,1,47
9,2025-01-09,1,0,18:30-19:00,50,1,0,48
9,2025-01-09,1,0,18:30-19:00,50,0,1,49
9,2025-01-09,1,0,18:30-19:00,50,0,1,50
10,2025-01-10,2,0,07:00-07:30,50,0,1,1
10,2025-01-10,2,0,07:00-07:30,50,1,0,2
10,2025-01-10,2,0,07:00-07:30,50,1,0,3
10,2025-01-10,2,0,07:00-07:30,50,0,1,4
10,2025-01-10,2,0,07:00-07:30,50,1,0,5
10,2025-01-10,2,0,07:00-07:30,50,1,0,6
10,2025-01-10,2,0,07:00-07:30,50,1,0,7
10,2025-01-10,2,0,07:00-07:30,50,1,0,8
10,2025-01-10,2,0,07:00-07:30,50,0,1,9
10,2025-01-10,2,0,07:00-07:30,50,0,1,10
10,2025-01-10,2,0,07:00-07:30,50,1,0,11
10,2025-01-10,2,0,07:00-07:30,50,1,0,12
10,2025-01-10,2,0,07:00-07:30,50,1,0,13
10,2025-01-10,2,0,07:00-07:30,50,1,0,14
10,2025-01-10,2,0,07:00-07:30,50,0,1,15
10,2025-01-10,2,0,07:00-07:30,50,1,0,16
10,2025-01-10,2,0,07:00-07:30,50,1,0,17
10,2025-01-10,2,0,07:00-07:30,50,1,0,18
10,2025-01-10,2,0,07:00-07:30,50,1,0,19
10,2025-01-10,2,0,07:00-07:30,50,1,0,20
10,2025-01-10,2,0,07:00-07:30,50,0,1,21
10,2025-01-10,2,0,07:00-07:30,50,0,1,22
10,2025-01-10,2,0,07:00-07:30,50,1,0,23
10,2025-01-10,2,0,07:00-07:30,50,1,0,24
10,2025-01-10,2,0,07:00-07:30,50,1,0,25
10,2025-01-10,2,0,07:00-07:30,50,1,0,26
10,2025-01-10,2,0,07:00-07:30,50,0,1,27
10,2025-01-10,2,0,07:00-07:30,50,1,0,28
10,2025-01-10,2,0,07:00-07:30,50,0,1,29
10,2025-01-10,2,0,07:00-07:30,50,1,0,30
10,2025-01-10,2,0,07:00-07:30,50,1,0,31
10,2025-01-10,2,0,07:00-07:30,50,1,0,32
10,2025-01-10,2,0,07:00-07:30,50,1,0,33
10,2025-01-10,2,0,07:00-07:30,50,1,0,34
10,2025-01-10,2,0,07:00-07:30,50,1,0,35
10,2025-01-10,2,0,07:00-07:30,50,1,0,36
10,2025-01-10,2,0,07:00-07:30,50,1,0,37
10,2025-01-10,2,0,07:00-07:30,50,1,0,38
10,2025-01-10,2,0,07:00-07:30,50,1,0,39
10,2025-01-10,2,0,07:00-07:30,50,1,0,40
10,2025-01-10,2,0,07:00-07:30,50,0,1,41
10,2025-01-10,2,0,07:00-07:30,50,1,0,42
10,2025-01-10,2,0,07:00-07:30,50,1,0,43
10,2025-01-10,2,0,07:00-07:30,50,1,0,44
10,2025-01-10,2,0,07:00-07:30,50,0,1,45
10,2025-01-10,2,0,07:00-07:30,50,1,0,46
10,2025-01-10,2,0,07:00-07:30,50,0,1,47
10,2025-01-10,2,0,07:00-07:30,50,1,0,48
10,2025-01-10,2,0,07:00-07:30,50,1,0,49
10,2025-01-10,2,0,07:00-07:30,50,0,1,50
10,2025-01-10,2,0,07:30-08:00,50,1,0,1
10,2025-01-10,2,0,07:30-08:00,50,1,0,2
10,2025-01-10,2,0,07:30-08:00,50,1,0,3
10,2025-01-10,2,0,07:30-08:00,50,1,0,4
10,2025-01-10,2,0,07:30-08:00,50,1,0,5
10,2025-01-10,2,0,07:30-08:00,50,1,0,6
10,2025-01-10,2,0,07:30-08:00,50,0,1,7
10,2025-01-10,2,0,07:30-08:00,50,1,0,8
10,2025-01-10,2,0,07:30-08:00,50,0,1,9
10,2025-01-10,2,0,07:30-08:00,50,0,1,10
10,2025-01-10,2,0,07:30-08:00,50,1,0,11
10,2025-01-10,2,0,07:30-08:00,50,1,0,12
10,2025-01-10,2,0,07:30-08:00,50,0,1,13
10,2025-01-10,2,0,07:30-08:00,50,1,0,14
10,2025-01-10,2,0,07:30-08:00,50,1,0,15
10,2025-01-10,2,0,07:30-08:00,50,0,1,16
10,2025-01-10,2,0,07:30-08:00,50,1,0,17
10,2025-01-10,2,0,07:30-08:00,50,1,0,18
10,2025-01-10,2,0,07:30-08:00,50,1,0,19
10,2025-01-10,2,0,07:30-08:00,50,1,0,20
10,2025-01-10,2,0,07:30-08:00,50,0,1,21
10,2025-01-10,2,0,07:30-08:00,50,0,1,22
10,2025-01-10,2,0,07:30-08:00,50,0,1,23
10,2025-01-10,2,0,07:30-08:00,50,1,0,24
10,2025-01-10,2,0,07:30-08:00,50,0,1,25
10,2025-01-10,2,0,07:30-08:00,50,1,0,26
10,2025-01-10,2,0,07:30-08:00,50,1,0,27
10,2025-01-10,2,0,07:30-08:00,50,0,1,28
10,2025-01-10,2,0,07:30-08:00,50,1,0,29
10,2025-01-10,2,0,07:30-08:00,50,1,0,30
10,2025-01-10,2,0,07:30-08:00,50,1,0,31
10,2025-01-10,2,0,07:30-08:00,50,0,1,32
10,2025-01-10,2,0,07:30-08:00,50,1,0,33
10,2025-01-10,2,0,07:30-08:00,50,1,0,34
10,2025-01-10,2,0,07:30-08:00,50,0,1,35
10,2025-01-10,2,0,07:30-08:00,50,1,0,36
10,2025-01-10,2,0,07:30-08:00,50,0,1,37
10,2025-01-10,2,0,07:30-08:00,50,1,0,38
10,2025-01-10,2,0,07:30-08:00,50,1,0,39
10,2025-01-10,2,0,07:30-08:00,50,0,1,40
10,2025-01-10,2,0,07:30-08:00,50,1,0,41
10,2025-01-10,2,0,07:30-08:00,50,1,0,42
10,2025-01-10,2,0,07:30-08:00,50,0,1,43
10,2025-01-10,2,0,07:30-08:00,50,1,0,44
10,2025-01-10,2,0,07:30-08:00,50,0,1,45
10,2025-01-10,2,0,07:30-08:00,50,1,0,46
10,2025-01-10,2,0,07:30-08:00,50,1,0,47
10,2025-01-10,2,0,07:30-08:00,50,0,1,48
10,2025-01-10,2,0,07:30-08:00,50,0,1,49
10,2025-01-10,2,0,07:30-08:00,50,1,0,50
10,2025-01-10,2,0,08:00-08:30,50,1,0,1
10,2025-01-10,2,0,08:00-08:30,50,1,0,2
10,2025-01-10,2,0,08:00-08:30,50,1,0,3
10,2025-01-10,2,0,08:00-08:30,50,1,0,4
10,2025-01-10,2,0,08:00-08:30,50,0,1,5
10,2025-01-10,2,0,08:00-08:30,50,1,0,6
10,2025-01-10,2,0,08:00-08:30,50,1,0,7
10,2025-01-10,2,0,08:00-08:30,50,0,1,8
10,2025-01-10,2,0,08:00-08:30,50,1,0,9
10,2025-01-10,2,0,08:00-08:30,50,1,0,10
10,2025-01-10,2,0,08:00-08:30,50,0,1,11
10,2025-01-10,2,0,08:00-08:30,50,1,0,12
10,2025-01-10,2,0,08:00-08:30,50,0,1,13
10,2025-01-10,2,0,08:00-08:30,50,1,0,14
10,2025-01-10,2,0,08:00-08:30,50,1,0,15
10,2025-01-10,2,0,08:00-08:30,50,0,1,16
10,2025-01-10,2,0,08:00-08:30,50,1,0,17
10,2025-01-10,2,0,08:00-08:30,50,1,0,18
10,2025-01-10,2,0,08:00-08:30,50,1,0,19
10,2025-01-10,2,0,08:00-08:30,50,0,1,20
10,2025-01-10,2,0,08:00-08:30,50,1,0,21
10,2025-01-10,2,0,08:00-08:30,50,1,0,22
10,2025-01-10,2,0,08:00-08:30,50,1,0,23
10,2025-01-10,2,0,08:00-08:30,50,1,0,24
10,2025-01-10,2,0,08:00-08:30,50,0,1,25
10,2025-01-10,2,0,08:00-08:30,50,1,0,26
10,2025-01-10,2,0,08:00-08:30,50,1,0,27
10,2025-01-10,2,0,08:00-08:30,50,1,0,28
10,2025-01-10,2,0,08:00-08:30,50,1,0,29
10,2025-01-10,2,0,08:00-08:30,50,1,0,30
10,2025-01-10,2,0,08:00-08:30,50,1,0,31
10,2025-01-10,2,0,08:00-08:30,50,1,0,32
10,2025-01-10,2,0,08:00-08:30,50,0,1,33
10,2025-01-10,2,0,08:00-08:30,50,1,0,34
10,2025-01-10,2,0,08:00-08:30,50,1,0,35
10,2025-01-10,2,0,08:00-08:30,50,0,1,36
10,2025-01-10,2,0,08:00-08:30,50,0,1,37
10,2025-01-10,2,0,08:00-08:30,50,0,1,38
10,2025-01-10,2,0,08:00-08:30,50,1,0,39
10,2025-01-10,2,0,08:00-08:30,50,0,1,40
10,2025-01-10,2,0,08:00-08:30,50,1,0,41
10,2025-01-10,2,0,08:00-08:30,50,0,1,42
10,2025-01-10,2,0,08:00-08:30,50,0,1,43
10,2025-01-10,2,0,08:00-08:30,50,1,0,44
10,2025-01-10,2,0,08:00-08:30,50,1,0,45
10,2025-01-10,2,0,08:00-08:30,50,0,1,46
10,2025-01-10,2,0,08:00-08:30,50,1,0,47
10,2025-01-10,2,0,08:00-08:30,50,1,0,48
10,2025-01-10,2,0,08:00-08:30,50,1,0,49
10,2025-01-10,2,0,08:00-08:30,50,0,1,50
10,2025-01-10,2,0,08:30-09:00,50,1,0,1
10,2025-01-10,2,0,08:30-09:00,50,0,1,2
10,2025-01-10,2,0,08:30-09:00,50,1,0,3
10,2025-01-10,2,0,08:30-09:00,50,1,0,4
10,2025-01-10,2,0,08:30-09:00,50,0,1,5
10,2025-01-10,2,0,08:30-09:00,50,1,0,6
10,2025-01-10,2,0,08:30-09:00,50,0,1,7
10,2025-01-10,2,0,08:30-09:00,50,0,1,8
10,2025-01-10,2,0,08:30-09:00,50,1,0,9
10,2025-01-10,2,0,08:30-09:00,50,1,0,10
10,2025-01-10,2,0,08:30-09:00,50,1,0,11
10,2025-01-10,2,0,08:30-09:00,50,0,1,12
10,2025-01-10,2,0,08:30-09:00,50,0,1,13
10,2025-01-10,2,0,08:30-09:00,50,1,0,14
10,2025-01-10,2,0,08:30-09:00,50,0,1,15
10,2025-01-10,2,0,08:30-09:00,50,0,1,16
10,2025-01-10,2,0,08:30-09:00,50,0,1,17
10,2025-01-10,2,0,08:30-09:00,50,1,0,18
10,2025-01-10,2,0,08:30-09:00,50,0,1,19
10,2025-01-10,2,0,08:30-09:00,50,0,1,20
10,2025-01-10,2,0,08:30-09:00,50,1,0,21
10,2025-01-10,2,0,08:30-09:00,50,1,0,22
10,2025-01-10,2,0,08:30-09:00,50,0,1,23
10,2025-01-10,2,0,08:30-09:00,50,0,1,24
10,2025-01-10,2,0,08:30-09:00,50,1,0,25
10,2025-01-10,2,0,08:30-09:00,50,1,0,26
10,2025-01-10,2,0,08:30-09:00,50,0,1,27
10,2025-01-10,2,0,08:30-09:00,50,0,1,28
10,2025-01-10,2,0,08:30-09:00,50,1,0,29
10,2025-01-10,2,0,08:30-09:00,50,1,0,30
10,2025-01-10,2,0,08:30-09:00,50,0,1,31
10,2025-01-10,2,0,08:30-09:00,50,1,0,32
10,2025-01-10,2,0,08:30-09:00,50,1,0,33
10,2025-01-10,2,0,08:30-09:00,50,0,1,34
10,2025-01-10,2,0,08:30-09:00,50,0,1,35
10,2025-01-10,2,0,08:30-09:00,50,0,1,36
10,2025-01-10,2,0,08:30-09:00,50,0,1,37
10,2025-01-10,2,0,08:30-09:00,50,0,1,38
10,2025-01-10,2,0,08:30-09:00,50,0,1,39
10,2025-01-10,2,0,08:30-09:00,50,0,1,40
10,2025-01-10,2,0,08:30-09:00,50,1,0,41
10,2025-01-10,2,0,08:30-09:00,50,0,1,42
10,2025-01-10,2,0,08:30-09:00,50,1,0,43
10,2025-01-10,2,0,08:30-09:00,50,1,0,44
10,2025-01-10,2,0,08:30-09:00,50,0,1,45
10,2025-01-10,2,0,08:30-09:00,50,1,0,46
10,2025-01-10,2,0,08:30-09:00,50,1,0,47
10,2025-01-10,2,0,08:30-09:00,50,0,1,48
10,2025-01-10,2,0,08:30-09:00,50,0,1,49
10,2025-01-10,2,0,08:30-09:00,50,0,1,50
10,2025-01-10,2,0,09:00-09:30,50,1,0,1
10,2025-01-10,2,0,09:00-09:30,50,1,0,2
10,2025-01-10,2,0,09:00-09:30,50,1,0,3
10,2025-01-10,2,0,09:00-09:30,50,1,0,4
10,2025-01-10,2,0,09:00-09:30,50,1,0,5
10,2025-01-10,2,0,09:00-09:30,50,1,0,6
10,2025-01-10,2,0,09:00-09:30,50,1,0,7
10,2025-01-10,2,0,09:00-09:30,50,0,1,8
10,2025-01-10,2,0,09:00-09:30,50,1,0,9
10,2025-01-10,2,0,09:00-09:30,50,1,0,10
10,2025-01-10,2,0,09:00-09:30,50,1,0,11
10,2025-01-10,2,0,09:00-09:30,50,1,0,12
10,2025-01-10,2,0,09:00-09:30,50,1,0,13
10,2025-01-10,2,0,09:00-09:30,50,0,1,14
10,2025-01-10,2,0,09:00-09:30,50,0,1,15
10,2025-01-10,2,0,09:00-09:30,50,1,0,16
10,2025-01-10,2,0,09:00-09:30,50,1,0,17
10,2025-01-10,2,0,09:00-09:30,50,1,0,18
10,2025-01-10,2,0,09:00-09:30,50,0,1,19
10,2025-01-10,2,0,09:00-09:30,50,1,0,20
10,2025-01-10,2,0,09:00-09:30,50,0,1,21
10,2025-01-10,2,0,09:00-09:30,50,0,1,22
10,2025-01-10,2,0,09:00-09:30,50,0,1,23
10,2025-01-10,2,0,09:00-09:30,50,0,1,24
10,2025-01-10,2,0,09:00-09:30,50,0,1,25
10,2025-01-10,2,0,09:00-09:30,50,1,0,26
10,2025-01-10,2,0,09:00-09:30,50,0,1,27
10,2025-01-10,2,0,09:00-09:30,50,0,1,28
10,2025-01-10,2,0,09:00-09:30,50,1,0,29
10,2025-01-10,2,0,09:00-09:30,50,1,0,30
10,2025-01-10,2,0,09:00-09:30,50,0,1,31
10,2025-01-10,2,0,09:00-09:30,50,0,1,32
10,2025-01-10,2,0,09:00-09:30,50,0,1,33
10,2025-01-10,2,0,09:00-09:30,50,1,0,34
10,2025-01-10,2,0,09:00-09:30,50,0,1,35
10,2025-01-10,2,0,09:00-09:30,50,0,1,36
10,2025-01-10,2,0,09:00-09:30,50,0,1,37
10,2025-01-10,2,0,09:00-09:30,50,0,1,38
10,2025-01-10,2,0,09:00-09:30,50,1,0,39
10,2025-01-10,2,0,09:00-09:30,50,1,0,40
10,2025-01-10,2,0,09:00-09:30,50,1,0,41
10,2025-01-10,2,0,09:00-09:30,50,1,0,42
10,2025-01-10,2,0,09:00-09:30,50,0,1,43
10,2025-01-10,2,0,09:00-09:30,50,0,1,44
10,2025-01-10,2,0,09:00-09:30,50,1,0,45
10,2025-01-10,2,0,09:00-09:30,50,1,0,46
10,2025-01-10,2,0,09:00-09:30,50,1,0,47
10,2025-01-10,2,0,09:00-09:30,50,0,1,48
10,2025-01-10,2,0,09:00-09:30,50,1,0,49
10,2025-01-10,2,0,09:00-09:30,50,1,0,50
10,2025-01-10,2,0,09:30-10:00,50,1,0,1
10,2025-01-10,2,0,09:30-10:00,50,0,1,2
10,2025-01-10,2,0,09:30-10:00,50,1,0,3
10,2025-01-10,2,0,09:30-10:00,50,0,1,4
10,2025-01-10,2,0,09:30-10:00,50,0,1,5
10,2025-01-10,2,0,09:30-10:00,50,0,1,6
10,2025-01-10,2,0,09:30-10:00,50,1,0,7
10,2025-01-10,2,0,09:30-10:00,50,1,0,8
10,2025-01-10,2,0,09:30-10:00,50,1,0,9
10,2025-01-10,2,0,09:30-10:00,50,1,0,10
10,2025-01-10,2,0,09:30-10:00,50,1,0,11
10,2025-01-10,2,0,09:30-10:00,50,0,1,12
10,2025-01-10,2,0,09:30-10:00,50,0,1,13
10,2025-01-10,2,0,09:30-10:00,50,0,1,14
10,2025-01-10,2,0,09:30-10:00,50,0,1,15
10,2025-01-10,2,0,09:30-10:00,50,0,1,16
10,2025-01-10,2,0,09:30-10:00,50,0,1,17
10,2025-01-10,2,0,09:30-10:00,50,1,0,18
10,2025-01-10,2,0,09:30-10:00,50,0,1,19
10,2025-01-10,2,0,09:30-10:00,50,0,1,20
10,2025-01-10,2,0,09:30-10:00,50,0,1,21
10,2025-01-10,2,0,09:30-10:00,50,1,0,22
10,2025-01-10,2,0,09:30-10:00,50,0,1,23
10,2025-01-10,2,0,09:30-10:00,50,0,1,24
10,2025-01-10,2,0,09:30-10:00,50,0,1,25
10,2025-01-10,2,0,09:30-10:00,50,0,1,26
10,2025-01-10,2,0,09:30-10:00,50,1,0,27
10,2025-01-10,2,0,09:30-10:00,50,1,0,28
10,2025-01-10,2,0,09:30-10:00,50,1,0,29
10,2025-01-10,2,0,09:30-10:00,50,0,1,30
10,2025-01-10,2,0,09:30-10:00,50,0,1,31
10,2025-01-10,2,0,09:30-10:00,50,1,0,32
10,2025-01-10,2,0,09:30-10:00,50,1,0,33
10,2025-01-10,2,0,09:30-10:00,50,1,0,34
10,2025-01-10,2,0,09:30-10:00,50,1,0,35
10,2025-01-10,2,0,09:30-10:00,50,0,1,36
10,2025-01-10,2,0,09:30-10:00,50,1,0,37
10,2025-01-10,2,0,09:30-10:00,50,1,0,38
10,2025-01-10,2,0,09:30-10:00,50,1,0,39
10,2025-01-10,2,0,09:30-10:00,50,1,0,40
10,2025-01-10,2,0,09:30-10:00,50,0,1,41
10,2025-01-10,2,0,09:30-10:00,50,0,1,42
10,2025-01-10,2,0,09:30-10:00,50,1,0,43
10,2025-01-10,2,0,09:30-10:00,50,0,1,44
10,2025-01-10,2,0,09:30-10:00,50,1,0,45
10,2025-01-10,2,0,09:30-10:00,50,1,0,46
10,2025-01-10,2,0,09:30-10:00,50,1,0,47
10,2025-01-10,2,0,09:30-10:00,50,1,0,48
10,2025-01-10,2,0,09:30-10:00,50,0,1,49
10,2025-01-10,2,0,09:30-10:00,50,1,0,50
10,2025-01-10,2,0,16:00-16:30,50,1,0,1
10,2025-01-10,2,0,16:00-16:30,50,1,0,2
10,2025-01-10,2,0,16:00-16:30,50,1,0,3
10,2025-01-10,2,0,16:00-16:30,50,0,1,4
10,2025-01-10,2,0,16:00-16:30,50,0,1,5
10,2025-01-10,2,0,16:00-16:30,50,1,0,6
10,2025-01-10,2,0,16:00-16:30,50,1,0,7
10,2025-01-10,2,0,16:00-16:30,50,1,0,8
10,2025-01-10,2,0,16:00-16:30,50,1,0,9
10,2025-01-10,2,0,16:00-16:30,50,1,0,10
10,2025-01-10,2,0,16:00-16:30,50,0,1,11
10,2025-01-10,2,0,16:00-16:30,50,0,1,12
10,2025-01-10,2,0,16:00-16:30,50,1,0,13
10,2025-01-10,2,0,16:00-16:30,50,0,1,14
10,2025-01-10,2,0,16:00-16:30,50,1,0,15
10,2025-01-10,2,0,16:00-16:30,50,0,1,16
10,2025-01-10,2,0,16:00-16:30,50,1,0,17
10,2025-01-10,2,0,16:00-16:30,50,0,1,18
10,2025-01-10,2,0,16:00-16:30,50,1,0,19
10,2025-01-10,2,0,16:00-16:30,50,0,1,20
10,2025-01-10,2,0,16:00-16:30,50,1,0,21
10,2025-01-10,2,0,16:00-16:30,50,0,1,22
10,2025-01-10,2,0,16:00-16:30,50,1,0,23
10,2025-01-10,2,0,16:00-16:30,50,1,0,24
10,2025-01-10,2,0,16:00-16:30,50,0,1,25
10,2025-01-10,2,0,16:00-16:30,50,1,0,26
10,2025-01-10,2,0,16:00-16:30,50,1,0,27
10,2025-01-10,2,0,16:00-16:30,50,1,0,28
10,2025-01-10,2,0,16:00-16:30,50,1,0,29
10,2025-01-10,2,0,16:00-16:30,50,0,1,30
10,2025-01-10,2,0,16:00-16:30,50,1,0,31
10,2025-01-10,2,0,16:00-16:30,50,1,0,32
10,2025-01-10,2,0,16:00-16:30,50,1,0,33
10,2025-01-10,2,0,16:00-16:30,50,1,0,34
10,2025-01-10,2,0,16:00-16:30,50,1,0,35
10,2025-01-10,2,0,16:00-16:30,50,0,1,36
10,2025-01-10,2,0,16:00-16:30,50,0,1,37
10,2025-01-10,2,0,16:00-16:30,50,1,0,38
10,2025-01-10,2,0,16:00-16:30,50,1,0,39
10,2025-01-10,2,0,16:00-16:30,50,1,0,40
10,2025-01-10,2,0,16:00-16:30,50,0,1,41
10,2025-01-10,2,0,16:00-16:30,50,0,1,42
10,2025-01-10,2,0,16:00-16:30,50,1,0,43
10,2025-01-10,2,0,16:00-16:30,50,1,0,44
10,2025-01-10,2,0,16:00-16:30,50,1,0,45
10,2025-01-10,2,0,16:00-16:30,50,1,0,46
10,2025-01-10,2,0,16:00-16:30,50,0,1,47
10,2025-01-10,2,0,16:00-16:30,50,1,0,48
10,2025-01-10,2,0,16:00-16:30,50,1,0,49
10,2025-01-10,2,0,16:00-16:30,50,1,0,50
10,2025-01-10,2,0,16:30-17:00,50,0,1,1
10,2025-01-10,2,0,16:30-17:00,50,1,0,2
10,2025-01-10,2,0,16:30-17:00,50,0,1,3
10,2025-01-10,2,0,16:30-17:00,50,1,0,4
10,2025-01-10,2,0,16:30-17:00,50,0,1,5
10,2025-01-10,2,0,16:30-17:00,50,0,1,6
10,2025-01-10,2,0,16:30-17:00,50,0,1,7
10,2025-01-10,2,0,16:30-17:00,50,1,0,8
10,2025-01-10,2,0,16:30-17:00,50,1,0,9
10,2025-01-10,2,0,16:30-17:00,50,0,1,10
10,2025-01-10,2,0,16:30-17:00,50,0,1,11
10,2025-01-10,2,0,16:30-17:00,50,0,1,12
10,2025-01-10,2,0,16:30-17:00,50,0,1,13
10,2025-01-10,2,0,16:30-17:00,50,0,1,14
10,2025-01-10,2,0,16:30-17:00,50,1,0,15
10,2025-01-10,2,0,16:30-17:00,50,0,1,16
10,2025-01-10,2,0,16:30-17:00,50,0,1,17
10,2025-01-10,2,0,16:30-17:00,50,0,1,18
10,2025-01-10,2,0,16:30-17:00,50,1,0,19
10,2025-01-10,2,0,16:30-17:00,50,1,0,20
10,2025-01-10,2,0,16:30-17:00,50,1,0,21
10,2025-01-10,2,0,16:30-17:00,50,1,0,22
10,2025-01-10,2,0,16:30-17:00,50,1,0,23
10,2025-01-10,2,0,16:30-17:00,50,0,1,24
10,2025-01-10,2,0,16:30-17:00,50,0,1,25
10,2025-01-10,2,0,16:30-17:00,50,0,1,26
10,2025-01-10,2,0,16:30-17:00,50,0,1,27
10,2025-01-10,2,0,16:30-17:00,50,0,1,28
10,2025-01-10,2,0,16:30-17:00,50,1,0,29
10,2025-01-10,2,0,16:30-17:00,50,0,1,30
10,2025-01-10,2,0,16:30-17:00,50,0,1,31
10,2025-01-10,2,0,16:30-17:00,50,1,0,32
10,2025-01-10,2,0,16:30-17:00,50,1,0,33
10,2025-01-10,2,0,16:30-17:00,50,1,0,34
10,2025-01-10,2,0,16:30-17:00,50,0,1,35
10,2025-01-10,2,0,16:30-17:00,50,1,0,36
10,2025-01-10,2,0,16:30-17:00,50,1,0,37
10,2025-01-10,2,0,16:30-17:00,50,0,1,38
10,2025-01-10,2,0,16:30-17:00,50,1,0,39
10,2025-01-10,2,0,16:30-17:00,50,0,1,40
10,2025-01-10,2,0,16:30-17:00,50,0,1,41
10,2025-01-10,2,0,16:30-17:00,50,0,1,42
10,2025-01-10,2,0,16:30-17:00,50,0,1,43
10,2025-01-10,2,0,16:30-17:00,50,0,1,44
10,2025-01-10,2,0,16:30-17:00,50,0,1,45
10,2025-01-10,2,0,16:30-17:00,50,0,1,46
10,2025-01-10,2,0,16:30-17:00,50,0,1,47
10,2025-01-10,2,0,16:30-17:00,50,1,0,48
10,2025-01-10,2,0,16:30-17:00,50,1,0,49
10,2025-01-10,2,0,16:30-17:00,50,1,0,50
10,2025-01-10,2,0,17:00-17:30,50,1,0,1
10,2025-01-10,2,0,17:00-17:30,50,0,1,2
10,2025-01-10,2,0,17:00-17:30,50,0,1,3
10,2025-01-10,2,0,17:00-17:30,50,0,1,4
10,2025-01-10,2,0,17:00-17:30,50,0,1,5
10,2025-01-10,2,0,17:00-17:30,50,1,0,6
10,2025-01-10,2,0,17:00-17:30,50,1,0,7
10,2025-01-10,2,0,17:00-17:30,50,0,1,8
10,2025-01-10,2,0,17:00-17:30,50,1,0,9
10,2025-01-10,2,0,17:00-17:30,50,1,0,10
10,2025-01-10,2,0,17:00-17:30,50,1,0,11
10,2025-01-10,2,0,17:00-17:30,50,0,1,12
10,2025-01-10,2,0,17:00-17:30,50,0,1,13
10,2025-01-10,2,0,17:00-17:30,50,1,0,14
10,2025-01-10,2,0,17:00-17:30,50,0,1,15
10,2025-01-10,2,0,17:00-17:30,50,1,0,16
10,2025-01-10,2,0,17:00-17:30,50,1,0,17
10,2025-01-10,2,0,17:00-17:30,50,0,1,18
10,2025-01-10,2,0,17:00-17:30,50,0,1,19
10,2025-01-10,2,0,17:00-17:30,50,0,1,20
10,2025-01-10,2,0,17:00-17:30,50,0,1,21
10,2025-01-10,2,0,17:00-17:30,50,1,0,22
10,2025-01-10,2,0,17:00-17:30,50,1,0,23
10,2025-01-10,2,0,17:00-17:30,50,1,0,24
10,2025-01-10,2,0,17:00-17:30,50,1,0,25
10,2025-01-10,2,0,17:00-17:30,50,1,0,26
10,2025-01-10,2,0,17:00-17:30,50,1,0,27
10,2025-01-10,2,0,17:00-17:30,50,1,0,28
10,2025-01-10,2,0,17:00-17:30,50,1,0,29
10,2025-01-10,2,0,17:00-17:30,50,0,1,30
10,2025-01-10,2,0,17:00-17:30,50,1,0,31
10,2025-01-10,2,0,17:00-17:30,50,1,0,32
10,2025-01-10,2,0,17:00-17:30,50,0,1,33
10,2025-01-10,2,0,17:00-17:30,50,0,1,34
10,2025-01-10,2,0,17:00-17:30,50,1,0,35
10,2025-01-10,2,0,17:00-17:30,50,1,0,36
10,2025-01-10,2,0,17:00-17:30,50,0,1,37
10,2025-01-10,2,0,17:00-17:30,50,1,0,38
10,2025-01-10,2,0,17:00-17:30,50,1,0,39
10,2025-01-10,2,0,17:00-17:30,50,0,1,40
10,2025-01-10,2,0,17:00-17:30,50,1,0,41
10,2025-01-10,2,0,17:00-17:30,50,0,1,42
10,2025-01-10,2,0,17:00-17:30,50,1,0,43
10,2025-01-10,2,0,17:00-17:30,50,0,1,44
10,2025-01-10,2,0,17:00-17:30,50,1,0,45
10,2025-01-10,2,0,17:00-17:30,50,0,1,46
10,2025-01-10,2,0,17:00-17:30,50,1,0,47
10,2025-01-10,2,0,17:00-17:30,50,0,1,48
10,2025-01-10,2,0,17:00-17:30,50,1,0,49
10,2025-01-10,2,0,17:00-17:30,50,0,1,50
10,2025-01-10,2,0,17:30-18:00,50,1,0,1
10,2025-01-10,2,0,17:30-18:00,50,1,0,2
10,2025-01-10,2,0,17:30-18:00,50,1,0,3
10,2025-01-10,2,0,17:30-18:00,50,1,0,4
10,2025-01-10,2,0,17:30-18:00,50,0,1,5
10,2025-01-10,2,0,17:30-18:00,50,1,0,6
10,2025-01-10,2,0,17:30-18:00,50,1,0,7
10,2025-01-10,2,0,17:30-18:00,50,0,1,8
10,2025-01-10,2,0,17:30-18:00,50,1,0,9
10,2025-01-10,2,0,17:30-18:00,50,0,1,10
10,2025-01-10,2,0,17:30-18:00,50,1,0,11
10,2025-01-10,2,0,17:30-18:00,50,1,0,12
10,2025-01-10,2,0,17:30-18:00,50,0,1,13
10,2025-01-10,2,0,17:30-18:00,50,1,0,14
10,2025-01-10,2,0,17:30-18:00,50,1,0,15
10,2025-01-10,2,0,17:30-18:00,50,1,0,16
10,2025-01-10,2,0,17:30-18:00,50,1,0,17
10,2025-01-10,2,0,17:30-18:00,50,1,0,18
10,2025-01-10,2,0,17:30-18:00,50,0,1,19
10,2025-01-10,2,0,17:30-18:00,50,0,1,20
10,2025-01-10,2,0,17:30-18:00,50,1,0,21
10,2025-01-10,2,0,17:30-18:00,50,0,1,22
10,2025-01-10,2,0,17:30-18:00,50,1,0,23
10,2025-01-10,2,0,17:30-18:00,50,0,1,24
10,2025-01-10,2,0,17:30-18:00,50,0,1,25
10,2025-01-10,2,0,17:30-18:00,50,0,1,26
10,2025-01-10,2,0,17:30-18:00,50,0,1,27
10,2025-01-10,2,0,17:30-18:00,50,1,0,28
10,2025-01-10,2,0,17:30-18:00,50,0,1,29
10,2025-01-10,2,0,17:30-18:00,50,0,1,30
10,2025-01-10,2,0,17:30-18:00,50,1,0,31
10,2025-01-10,2,0,17:30-18:00,50,1,0,32
10,2025-01-10,2,0,17:30-18:00,50,0,1,33
10,2025-01-10,2,0,17:30-18:00,50,1,0,34
10,2025-01-10,2,0,17:30-18:00,50,0,1,35
10,2025-01-10,2,0,17:30-18:00,50,0,1,36
10,2025-01-10,2,0,17:30-18:00,50,0,1,37
10,2025-01-10,2,0,17:30-18:00,50,1,0,38
10,2025-01-10,2,0,17:30-18:00,50,0,1,39
10,2025-01-10,2,0,17:30-18:00,50,0,1,40
10,2025-01-10,2,0,17:30-18:00,50,0,1,41
10,2025-01-10,2,0,17:30-18:00,50,0,1,42
10,2025-01-10,2,0,17:30-18:00,50,1,0,43
10,2025-01-10,2,0,17:30-18:00,50,0,1,44
10,2025-01-10,2,0,17:30-18:00,50,1,0,45
10,2025-01-10,2,0,17:30-18:00,50,0,1,46
10,2025-01-10,2,0,17:30-18:00,50,0,1,47
10,2025-01-10,2,0,17:30-18:00,50,1,0,48
10,2025-01-10,2,0,17:30-18:00,50,0,1,49
10,2025-01-10,2,0,17:30-18:00,50,1,0,50
10,2025-01-10,2,0,18:00-18:30,50,0,1,1
10,2025-01-10,2,0,18:00-18:30,50,0,1,2
10,2025-01-10,2,0,18:00-18:30,50,0,1,3
10,2025-01-10,2,0,18:00-18:30,50,0,1,4
10,2025-01-10,2,0,18:00-18:30,50,0,1,5
10,2025-01-10,2,0,18:00-18:30,50,1,0,6
10,2025-01-10,2,0,18:00-18:30,50,0,1,7
10,2025-01-10,2,0,18:00-18:30,50,1,0,8
10,2025-01-10,2,0,18:00-18:30,50,0,1,9
10,2025-01-10,2,0,18:00-18:30,50,0,1,10
10,2025-01-10,2,0,18:00-18:30,50,0,1,11
10,2025-01-10,2,0,18:00-18:30,50,0,1,12
10,2025-01-10,2,0,18:00-18:30,50,0,1,13
10,2025-01-10,2,0,18:00-18:30,50,0,1,14
10,2025-01-10,2,0,18:00-18:30,50,1,0,15
10,2025-01-10,2,0,18:00-18:30,50,1,0,16
10,2025-01-10,2,0,18:00-18:30,50,0,1,17
10,2025-01-10,2,0,18:00-18:30,50,0,1,18
10,2025-01-10,2,0,18:00-18:30,50,0,1,19
10,2025-01-10,2,0,18:00-18:30,50,0,1,20
10,2025-01-10,2,0,18:00-18:30,50,1,0,21
10,2025-01-10,2,0,18:00-18:30,50,0,1,22
10,2025-01-10,2,0,18:00-18:30,50,0,1,23
10,2025-01-10,2,0,18:00-18:30,50,0,1,24
10,2025-01-10,2,0,18:00-18:30,50,1,0,25
10,2025-01-10,2,0,18:00-18:30,50,1,0,26
10,2025-01-10,2,0,18:00-18:30,50,0,1,27
10,2025-01-10,2,0,18:00-18:30,50,1,0,28
10,2025-01-10,2,0,18:00-18:30,50,0,1,29
10,2025-01-10,2,0,18:00-18:30,50,1,0,30
10,2025-01-10,2,0,18:00-18:30,50,1,0,31
10,2025-01-10,2,0,18:00-18:30,50,0,1,32
10,2025-01-10,2,0,18:00-18:30,50,1,0,33
10,2025-01-10,2,0,18:00-18:30,50,1,0,34
10,2025-01-10,2,0,18:00-18:30,50,1,0,35
10,2025-01-10,2,0,18:00-18:30,50,0,1,36
10,2025-01-10,2,0,18:00-18:30,50,1,0,37
10,2025-01-10,2,0,18:00-18:30,50,0,1,38
10,2025-01-10,2,0,18:00-18:30,50,1,0,39
10,2025-01-10,2,0,18:00-18:30,50,1,0,40
10,2025-01-10,2,0,18:00-18:30,50,1,0,41
10,2025-01-10,2,0,18:00-18:30,50,0,1,42
10,2025-01-10,2,0,18:00-18:30,50,0,1,43
10,2025-01-10,2,0,18:00-18:30,50,1,0,44
10,2025-01-10,2,0,18:00-18:30,50,0,1,45
10,2025-01-10,2,0,18:00-18:30,50,0,1,46
10,2025-01-10,2,0,18:00-18:30,50,1,0,47
10,2025-01-10,2,0,18:00-18:30,50,1,0,48
10,2025-01-10,2,0,18:00-18:30,50,1,0,49
10,2025-01-10,2,0,18:00-18:30,50,0,1,50
10,2025-01-10,2,0,18:30-19:00,50,0,1,1
10,2025-01-10,2,0,18:30-19:00,50,0,1,2
10,2025-01-10,2,0,18:30-19:00,50,0,1,3
10,2025-01-10,2,0,18:30-19:00,50,0,1,4
10,2025-01-10,2,0,18:30-19:00,50,0,1,5
10,2025-01-10,2,0,18:30-19:00,50,0,1,6
10,2025-01-10,2,0,18:30-19:00,50,0,1,7
10,2025-01-10,2,0,18:30-19:00,50,0,1,8
10,2025-01-10,2,0,18:30-19:00,50,1,0,9
10,2025-01-10,2,0,18:30-19:00,50,1,0,10
10,2025-01-10,2,0,18:30-19:00,50,0,1,11
10,2025-01-10,2,0,18:30-19:00,50,0,1,12
10,2025-01-10,2,0,18:30-19:00,50,1,0,13
10,2025-01-10,2,0,18:30-19:00,50,0,1,14
10,2025-01-10,2,0,18:30-19:00,50,1,0,15
10,2025-01-10,2,0,18:30-19:00,50,0,1,16
10,2025-01-10,2,0,18:30-19:00,50,1,0,17
10,2025-01-10,2,0,18:30-19:00,50,0,1,18
10,2025-01-10,2,0,18:30-19:00,50,0,1,19
10,2025-01-10,2,0,18:30-19:00,50,1,0,20
10,2025-01-10,2,0,18:30-19:00,50,0,1,21
10,2025-01-10,2,0,18:30-19:00,50,0,1,22
10,2025-01-10,2,0,18:30-19:00,50,1,0,23
10,2025-01-10,2,0,18:30-19:00,50,0,1,24
10,2025-01-10,2,0,18:30-19:00,50,1,0,25
10,2025-01-10,2,0,18:30-19:00,50,0,1,26
10,2025-01-10,2,0,18:30-19:00,50,0,1,27
10,2025-01-10,2,0,18:30-19:00,50,1,0,28
10,2025-01-10,2,0,18:30-19:00,50,1,0,29
10,2025-01-10,2,0,18:30-19:00,50,0,1,30
10,2025-01-10,2,0,18:30-19:00,50,1,0,31
10,2025-01-10,2,0,18:30-19:00,50,0,1,32
10,2025-01-10,2,0,18:30-19:00,50,0,1,33
10,2025-01-10,2,0,18:30-19:00,50,0,1,34
10,2025-01-10,2,0,18:30-19:00,50,0,1,35
10,2025-01-10,2,0,18:30-19:00,50,0,1,36
10,2025-01-10,2,0,18:30-19:00,50,0,1,37
10,2025-01-10,2,0,18:30-19:00,50,1,0,38
10,2025-01-10,2,0,18:30-19:00,50,0,1,39
10,2025-01-10,2,0,18:30-19:00,50,1,0,40
10,2025-01-10,2,0,18:30-19:00,50,0,1,41
10,2025-01-10,2,0,18:30-19:00,50,0,1,42
10,2025-01-10,2,0,18:30-19:00,50,0,1,43
10,2025-01-10,2,0,18:30-19:00,50,1,0,44
10,2025-01-10,2,0,18:30-19:00,50,0,1,45
10,2025-01-10,2,0,18:30-19:00,50,0,1,46
10,2025-01-10,2,0,18:30-19:00,50,1,0,47
10,2025-01-10,2,0,18:30-19:00,50,0,1,48
10,2025-01-10,2,0,18:30-19:00,50,0,1,49
10,2025-01-10,2,0,18:30-19:00,50,0,1,50
11,2025-01-11,3,0,07:00-07:30,50,0,1,1
11,2025-01-11,3,0,07:00-07:30,50,1,0,2
11,2025-01-11,3,0,07:00-07:30,50,1,0,3
11,2025-01-11,3,0,07:00-07:30,50,1,0,4
11,2025-01-11,3,0,07:00-07:30,50,1,0,5
11,2025-01-11,3,0,07:00-07:30,50,1,0,6
11,2025-01-11,3,0,07:00-07:30,50,1,0,7
11,2025-01-11,3,0,07:00-07:30,50,1,0,8
11,2025-01-11,3,0,07:00-07:30,50,0,1,9
11,2025-01-11,3,0,07:00-07:30,50,0,1,10
11,2025-01-11,3,0,07:00-07:30,50,1,0,11
11,2025-01-11,3,0,07:00-07:30,50,0,1,12
11,2025-01-11,3,0,07:00-07:30,50,0,1,13
11,2025-01-11,3,0,07:00-07:30,50,0,1,14
11,2025-01-11,3,0,07:00-07:30,50,1,0,15
11,2025-01-11,3,0,07:00-07:30,50,1,0,16
11,2025-01-11,3,0,07:00-07:30,50,0,1,17
11,2025-01-11,3,0,07:00-07:30,50,0,1,18
11,2025-01-11,3,0,07:00-07:30,50,0,1,19
11,2025-01-11,3,0,07:00-07:30,50,1,0,20
11,2025-01-11,3,0,07:00-07:30,50,1,0,21
11,2025-01-11,3,0,07:00-07:30,50,1,0,22
11,2025-01-11,3,0,07:00-07:30,50,1,0,23
11,2025-01-11,3,0,07:00-07:30,50,1,0,24
11,2025-01-11,3,0,07:00-07:30,50,1,0,25
11,2025-01-11,3,0,07:00-07:30,50,1,0,26
11,2025-01-11,3,0,07:00-07:30,50,1,0,27
11,2025-01-11,3,0,07:00-07:30,50,1,0,28
11,2025-01-11,3,0,07:00-07:30,50,0,1,29
11,2025-01-11,3,0,07:00-07:30,50,1,0,30
11,2025-01-11,3,0,07:00-07:30,50,0,1,31
11,2025-01-11,3,0,07:00-07:30,50,1,0,32
11,2025-01-11,3,0,07:00-07:30,50,1,0,33
11,2025-01-11,3,0,07:00-07:30,50,1,0,34
11,2025-01-11,3,0,07:00-07:30,50,1,0,35
11,2025-01-11,3,0,07:00-07:30,50,1,0,36
11,2025-01-11,3,0,07:00-07:30,50,1,0,37
11,2025-01-11,3,0,07:00-07:30,50,1,0,38
11,2025-01-11,3,0,07:00-07:30,50,1,0,39
11,2025-01-11,3,0,07:00-07:30,50,1,0,40
11,2025-01-11,3,0,07:00-07:30,50,1,0,41
11,2025-01-11,3,0,07:00-07:30,50,1,0,42
11,2025-01-11,3,0,07:00-07:30,50,1,0,43
11,2025-01-11,3,0,07:00-07:30,50,1,0,44
11,2025-01-11,3,0,07:00-07:30,50,1,0,45
11,2025-01-11,3,0,07:00-07:30,50,1,0,46
11,2025-01-11,3,0,07:00-07:30,50,1,0,47
11,2025-01-11,3,0,07:00-07:30,50,1,0,48
11,2025-01-11,3,0,07:00-07:30,50,1,0,49
11,2025-01-11,3,0,07:00-07:30,50,1,0,50
11,2025-01-11,3,0,07:30-08:00,50,0,1,1
11,2025-01-11,3,0,07:30-08:00,50,1,0,2
11,2025-01-11,3,0,07:30-08:00,50,1,0,3
11,2025-01-11,3,0,07:30-08:00,50,1,0,4
11,2025-01-11,3,0,07:30-08:00,50,0,1,5
11,2025-01-11,3,0,07:30-08:00,50,1,0,6
11,2025-01-11,3,0,07:30-08:00,50,1,0,7
11,2025-01-11,3,0,07:30-08:00,50,0,1,8
11,2025-01-11,3,0,07:30-08:00,50,0,1,9
11,2025-01-11,3,0,07:30-08:00,50,1,0,10
11,2025-01-11,3,0,07:30-08:00,50,0,1,11
11,2025-01-11,3,0,07:30-08:00,50,1,0,12
11,2025-01-11,3,0,07:30-08:00,50,0,1,13
11,2025-01-11,3,0,07:30-08:00,50,0,1,14
11,2025-01-11,3,0,07:30-08:00,50,1,0,15
11,2025-01-11,3,0,07:30-08:00,50,1,0,16
11,2025-01-11,3,0,07:30-08:00,50,0,1,17
11,2025-01-11,3,0,07:30-08:00,50,0,1,18
11,2025-01-11,3,0,07:30-08:00,50,0,1,19
11,2025-01-11,3,0,07:30-08:00,50,1,0,20
11,2025-01-11,3,0,07:30-08:00,50,1,0,21
11,2025-01-11,3,0,07:30-08:00,50,0,1,22
11,2025-01-11,3,0,07:30-08:00,50,1,0,23
11,2025-01-11,3,0,07:30-08:00,50,0,1,24
11,2025-01-11,3,0,07:30-08:00,50,0,1,25
11,2025-01-11,3,0,07:30-08:00,50,0,1,26
11,2025-01-11,3,0,07:30-08:00,50,1,0,27
11,2025-01-11,3,0,07:30-08:00,50,1,0,28
11,2025-01-11,3,0,07:30-08:00,50,0,1,29
11,2025-01-11,3,0,07:30-08:00,50,0,1,30
11,2025-01-11,3,0,07:30-08:00,50,0,1,31
11,2025-01-11,3,0,07:30-08:00,50,0,1,32
11,2025-01-11,3,0,07:30-08:00,50,0,1,33
11,2025-01-11,3,0,07:30-08:00,50,0,1,34
11,2025-01-11,3,0,07:30-08:00,50,1,0,35
11,2025-01-11,3,0,07:30-08:00,50,1,0,36
11,2025-01-11,3,0,07:30-08:00,50,1,0,37
11,2025-01-11,3,0,07:30-08:00,50,0,1,38
11,2025-01-11,3,0,07:30-08:00,50,1,0,39
11,2025-01-11,3,0,07:30-08:00,50,1,0,40
11,2025-01-11,3,0,07:30-08:00,50,1,0,41
11,2025-01-11,3,0,07:30-08:00,50,0,1,42
11,2025-01-11,3,0,07:30-08:00,50,1,0,43
11,2025-01-11,3,0,07:30-08:00,50,1,0,44
11,2025-01-11,3,0,07:30-08:00,50,1,0,45
11,2025-01-11,3,0,07:30-08:00,50,0,1,46
11,2025-01-11,3,0,07:30-08:00,50,0,1,47
11,2025-01-11,3,0,07:30-08:00,50,0,1,48
11,2025-01-11,3,0,07:30-08:00,50,1,0,49
11,2025-01-11,3,0,07:30-08:00,50,0,1,50
11,2025-01-11,3,0,08:00-08:30,50,1,0,1
11,2025-01-11,3,0,08:00-08:30,50,1,0,2
11,2025-01-11,3,0,08:00-08:30,50,0,1,3
11,2025-01-11,3,0,08:00-08:30,50,0,1,4
11,2025-01-11,3,0,08:00-08:30,50,0,1,5
11,2025-01-11,3,0,08:00-08:30,50,0,1,6
11,2025-01-11,3,0,08:00-08:30,50,0,1,7
11,2025-01-11,3,0,08:00-08:30,50,0,1,8
11,2025-01-11,3,0,08:00-08:30,50,0,1,9
11,2025-01-11,3,0,08:00-08:30,50,1,0,10
11,2025-01-11,3,0,08:00-08:30,50,1,0,11
11,2025-01-11,3,0,08:00-08:30,50,1,0,12
11,2025-01-11,3,0,08:00-08:30,50,0,1,13
11,2025-01-11,3,0,08:00-08:30,50,1,0,14
11,2025-01-11,3,0,08:00-08:30,50,0,1,15
11,2025-01-11,3,0,08:00-08:30,50,1,0,16
11,2025-01-11,3,0,08:00-08:30,50,0,1,17
11,2025-01-11,3,0,08:00-08:30,50,1,0,18
11,2025-01-11,3,0,08:00-08:30,50,0,1,19
11,2025-01-11,3,0,08:00-08:30,50,1,0,20
11,2025-01-11,3,0,08:00-08:30,50,1,0,21
11,2025-01-11,3,0,08:00-08:30,50,1,0,22
11,2025-01-11,3,0,08:00-08:30,50,0,1,23
11,2025-01-11,3,0,08:00-08:30,50,0,1,24
11,2025-01-11,3,0,08:00-08:30,50,1,0,25
11,2025-01-11,3,0,08:00-08:30,50,1,0,26
11,2025-01-11,3,0,08:00-08:30,50,1,0,27
11,2025-01-11,3,0,08:00-08:30,50,1,0,28
11,2025-01-11,3,0,08:00-08:30,50,1,0,29
11,2025-01-11,3,0,08:00-08:30,50,1,0,30
11,2025-01-11,3,0,08:00-08:30,50,0,1,31
11,2025-01-11,3,0,08:00-08:30,50,1,0,32
11,2025-01-11,3,0,08:00-08:30,50,1,0,33
11,2025-01-11,3,0,08:00-08:30,50,0,1,34
11,2025-01-11,3,0,08:00-08:30,50,1,0,35
11,2025-01-11,3,0,08:00-08:30,50,1,0,36
11,2025-01-11,3,0,08:00-08:30,50,0,1,37
11,2025-01-11,3,0,08:00-08:30,50,0,1,38
11,2025-01-11,3,0,08:00-08:30,50,0,1,39
11,2025-01-11,3,0,08:00-08:30,50,1,0,40
11,2025-01-11,3,0,08:00-08:30,50,0,1,41
11,2025-01-11,3,0,08:00-08:30,50,0,1,42
11,2025-01-11,3,0,08:00-08:30,50,1,0,43
11,2025-01-11,3,0,08:00-08:30,50,1,0,44
11,2025-01-11,3,0,08:00-08:30,50,1,0,45
11,2025-01-11,3,0,08:00-08:30,50,1,0,46
11,2025-01-11,3,0,08:00-08:30,50,1,0,47
11,2025-01-11,3,0,08:00-08:30,50,0,1,48
11,2025-01-11,3,0,08:00-08:30,50,0,1,49
11,2025-01-11,3,0,08:00-08:30,50,0,1,50
11,2025-01-11,3,0,08:30-09:00,50,1,0,1
11,2025-01-11,3,0,08:30-09:00,50,0,1,2
11,2025-01-11,3,0,08:30-09:00,50,0,1,3
11,2025-01-11,3,0,08:30-09:00,50,1,0,4
11,2025-01-11,3,0,08:30-09:00,50,1,0,5
11,2025-01-11,3,0,08:30-09:00,50,0,1,6
11,2025-01-11,3,0,08:30-09:00,50,0,1,7
11,2025-01-11,3,0,08:30-09:00,50,1,0,8
11,2025-01-11,3,0,08:30-09:00,50,0,1,9
11,2025-01-11,3,0,08:30-09:00,50,1,0,10
11,2025-01-11,3,0,08:30-09:00,50,1,0,11
11,2025-01-11,3,0,08:30-09:00,50,0,1,12
11,2025-01-11,3,0,08:30-09:00,50,0,1,13
11,2025-01-11,3,0,08:30-09:00,50,1,0,14
11,2025-01-11,3,0,08:30-09:00,50,0,1,15
11,2025-01-11,3,0,08:30-09:00,50,1,0,16
11,2025-01-11,3,0,08:30-09:00,50,1,0,17
11,2025-01-11,3,0,08:30-09:00,50,0,1,18
11,2025-01-11,3,0,08:30-09:00,50,0,1,19
11,2025-01-11,3,0,08:30-09:00,50,0,1,20
11,2025-01-11,3,0,08:30-09:00,50,1,0,21
11,2025-01-11,3,0,08:30-09:00,50,1,0,22
11,2025-01-11,3,0,08:30-09:00,50,1,0,23
11,2025-01-11,3,0,08:30-09:00,50,0,1,24
11,2025-01-11,3,0,08:30-09:00,50,1,0,25
11,2025-01-11,3,0,08:30-09:00,50,0,1,26
11,2025-01-11,3,0,08:30-09:00,50,0,1,27
11,2025-01-11,3,0,08:30-09:00,50,1,0,28
11,2025-01-11,3,0,08:30-09:00,50,0,1,29
11,2025-01-11,3,0,08:30-09:00,50,1,0,30
11,2025-01-11,3,0,08:30-09:00,50,0,1,31
11,2025-01-11,3,0,08:30-09:00,50,0,1,32
11,2025-01-11,3,0,08:30-09:00,50,1,0,33
11,2025-01-11,3,0,08:30-09:00,50,1,0,34
11,2025-01-11,3,0,08:30-09:00,50,0,1,35
11,2025-01-11,3,0,08:30-09:00,50,1,0,36
11,2025-01-11,3,0,08:30-09:00,50,1,0,37
11,2025-01-11,3,0,08:30-09:00,50,1,0,38
11,2025-01-11,3,0,08:30-09:00,50,0,1,39
11,2025-01-11,3,0,08:30-09:00,50,1,0,40
11,2025-01-11,3,0,08:30-09:00,50,1,0,41
11,2025-01-11,3,0,08:30-09:00,50,1,0,42
11,2025-01-11,3,0,08:30-09:00,50,0,1,43
11,2025-01-11,3,0,08:30-09:00,50,1,0,44
11,2025-01-11,3,0,08:30-09:00,50,1,0,45
11,2025-01-11,3,0,08:30-09:00,50,1,0,46
11,2025-01-11,3,0,08:30-09:00,50,0,1,47
11,2025-01-11,3,0,08:30-09:00,50,0,1,48
11,2025-01-11,3,0,08:30-09:00,50,1,0,49
11,2025-01-11,3,0,08:30-09:00,50,0,1,50
11,2025-01-11,3,0,09:00-09:30,50,1,0,1
11,2025-01-11,3,0,09:00-09:30,50,1,0,2
11,2025-01-11,3,0,09:00-09:30,50,1,0,3
11,2025-01-11,3,0,09:00-09:30,50,1,0,4
11,2025-01-11,3,0,09:00-09:30,50,0,1,5
11,2025-01-11,3,0,09:00-09:30,50,1,0,6
11,2025-01-11,3,0,09:00-09:30,50,0,1,7
11,2025-01-11,3,0,09:00-09:30,50,1,0,8
11,2025-01-11,3,0,09:00-09:30,50,1,0,9
11,2025-01-11,3,0,09:00-09:30,50,1,0,10
11,2025-01-11,3,0,09:00-09:30,50,1,0,11
11,2025-01-11,3,0,09:00-09:30,50,1,0,12
11,2025-01-11,3,0,09:00-09:30,50,1,0,13
11,2025-01-11,3,0,09:00-09:30,50,1,0,14
11,2025-01-11,3,0,09:00-09:30,50,0,1,15
11,2025-01-11,3,0,09:00-09:30,50,1,0,16
11,2025-01-11,3,0,09:00-09:30,50,1,0,17
11,2025-01-11,3,0,09:00-09:30,50,0,1,18
11,2025-01-11,3,0,09:00-09:30,50,0,1,19
11,2025-01-11,3,0,09:00-09:30,50,0,1,20
11,2025-01-11,3,0,09:00-09:30,50,0,1,21
11,2025-01-11,3,0,09:00-09:30,50,0,1,22
11,2025-01-11,3,0,09:00-09:30,50,0,1,23
11,2025-01-11,3,0,09:00-09:30,50,1,0,24
11,2025-01-11,3,0,09:00-09:30,50,1,0,25
11,2025-01-11,3,0,09:00-09:30,50,0,1,26
11,2025-01-11,3,0,09:00-09:30,50,0,1,27
11,2025-01-11,3,0,09:00-09:30,50,1,0,28
11,2025-01-11,3,0,09:00-09:30,50,1,0,29
11,2025-01-11,3,0,09:00-09:30,50,0,1,30
11,2025-01-11,3,0,09:00-09:30,50,0,1,31
11,2025-01-11,3,0,09:00-09:30,50,1,0,32
11,2025-01-11,3,0,09:00-09:30,50,0,1,33
11,2025-01-11,3,0,09:00-09:30,50,1,0,34
11,2025-01-11,3,0,09:00-09:30,50,0,1,35
11,2025-01-11,3,0,09:00-09:30,50,0,1,36
11,2025-01-11,3,0,09:00-09:30,50,0,1,37
11,2025-01-11,3,0,09:00-09:30,50,0,1,38
11,2025-01-11,3,0,09:00-09:30,50,1,0,39
11,2025-01-11,3,0,09:00-09:30,50,1,0,40
11,2025-01-11,3,0,09:00-09:30,50,0,1,41
11,2025-01-11,3,0,09:00-09:30,50,1,0,42
11,2025-01-11,3,0,09:00-09:30,50,1,0,43
11,2025-01-11,3,0,09:00-09:30,50,1,0,44
11,2025-01-11,3,0,09:00-09:30,50,1,0,45
11,2025-01-11,3,0,09:00-09:30,50,1,0,46
11,2025-01-11,3,0,09:00-09:30,50,0,1,47
11,2025-01-11,3,0,09:00-09:30,50,1,0,48
11,2025-01-11,3,0,09:00-09:30,50,0,1,49
11,2025-01-11,3,0,09:00-09:30,50,1,0,50
11,2025-01-11,3,0,09:30-10:00,50,1,0,1
11,2025-01-11,3,0,09:30-10:00,50,1,0,2
11,2025-01-11,3,0,09:30-10:00,50,0,1,3
11,2025-01-11,3,0,09:30-10:00,50,0,1,4
11,2025-01-11,3,0,09:30-10:00,50,0,1,5
11,2025-01-11,3,0,09:30-10:00,50,0,1,6
11,2025-01-11,3,0,09:30-10:00,50,1,0,7
11,2025-01-11,3,0,09:30-10:00,50,0,1,8
11,2025-01-11,3,0,09:30-10:00,50,1,0,9
11,2025-01-11,3,0,09:30-10:00,50,1,0,10
11,2025-01-11,3,0,09:30-10:00,50,0,1,11
11,2025-01-11,3,0,09:30-10:00,50,0,1,12
11,2025-01-11,3,0,09:30-10:00,50,0,1,13
11,2025-01-11,3,0,09:30-10:00,50,0,1,14
11,2025-01-11,3,0,09:30-10:00,50,0,1,15
11,2025-01-11,3,0,09:30-10:00,50,1,0,16
11,2025-01-11,3,0,09:30-10:00,50,0,1,17
11,2025-01-11,3,0,09:30-10:00,50,0,1,18
11,2025-01-11,3,0,09:30-10:00,50,1,0,19
11,2025-01-11,3,0,09:30-10:00,50,1,0,20
11,2025-01-11,3,0,09:30-10:00,50,0,1,21
11,2025-01-11,3,0,09:30-10:00,50,0,1,22
11,2025-01-11,3,0,09:30-10:00,50,1,0,23
11,2025-01-11,3,0,09:30-10:00,50,1,0,24
11,2025-01-11,3,0,09:30-10:00,50,0,1,25
11,2025-01-11,3,0,09:30-10:00,50,1,0,26
11,2025-01-11,3,0,09:30-10:00,50,0,1,27
11,2025-01-11,3,0,09:30-10:00,50,0,1,28
11,2025-01-11,3,0,09:30-10:00,50,1,0,29
11,2025-01-11,3,0,09:30-10:00,50,1,0,30
11,2025-01-11,3,0,09:30-10:00,50,1,0,31
11,2025-01-11,3,0,09:30-10:00,50,1,0,32
11,2025-01-11,3,0,09:30-10:00,50,0,1,33
11,2025-01-11,3,0,09:30-10:00,50,0,1,34
11,2025-01-11,3,0,09:30-10:00,50,0,1,35
11,2025-01-11,3,0,09:30-10:00,50,0,1,36
11,2025-01-11,3,0,09:30-10:00,50,1,0,37
11,2025-01-11,3,0,09:30-10:00,50,0,1,38
11,2025-01-11,3,0,09:30-10:00,50,1,0,39
11,2025-01-11,3,0,09:30-10:00,50,1,0,40
11,2025-01-11,3,0,09:30-10:00,50,0,1,41
11,2025-01-11,3,0,09:30-10:00,50,0,1,42
11,2025-01-11,3,0,09:30-10:00,50,1,0,43
11,2025-01-11,3,0,09:30-10:00,50,0,1,44
11,2025-01-11,3,0,09:30-10:00,50,1,0,45
11,2025-01-11,3,0,09:30-10:00,50,1,0,46
11,2025-01-11,3,0,09:30-10:00,50,1,0,47
11,2025-01-11,3,0,09:30-10:00,50,0,1,48
11,2025-01-11,3,0,09:30-10:00,50,0,1,49
11,2025-01-11,3,0,09:30-10:00,50,1,0,50
11,2025-01-11,3,0,16:00-16:30,50,0,1,1
11,2025-01-11,3,0,16:00-16:30,50,1,0,2
11,2025-01-11,3,0,16:00-16:30,50,1,0,3
11,2025-01-11,3,0,16:00-16:30,50,0,1,4
11,2025-01-11,3,0,16:00-16:30,50,0,1,5
11,2025-01-11,3,0,16:00-16:30,50,0,1,6
11,2025-01-11,3,0,16:00-16:30,50,1,0,7
11,2025-01-11,3,0,16:00-16:30,50,1,0,8
11,2025-01-11,3,0,16:00-16:30,50,1,0,9
11,2025-01-11,3,0,16:00-16:30,50,0,1,10
11,2025-01-11,3,0,16:00-16:30,50,0,1,11
11,2025-01-11,3,0,16:00-16:30,50,1,0,12
11,2025-01-11,3,0,16:00-16:30,50,1,0,13
11,2025-01-11,3,0,16:00-16:30,50,1,0,14
11,2025-01-11,3,0,16:00-16:30,50,1,0,15
11,2025-01-11,3,0,16:00-16:30,50,1,0,16
11,2025-01-11,3,0,16:00-16:30,50,0,1,17
11,2025-01-11,3,0,16:00-16:30,50,0,1,18
11,2025-01-11,3,0,16:00-16:30,50,0,1,19
11,2025-01-11,3,0,16:00-16:30,50,1,0,20
11,2025-01-11,3,0,16:00-16:30,50,1,0,21
11,2025-01-11,3,0,16:00-16:30,50,0,1,22
11,2025-01-11,3,0,16:00-16:30,50,0,1,23
11,2025-01-11,3,0,16:00-16:30,50,1,0,24
11,2025-01-11,3,0,16:00-16:30,50,0,1,25
11,2025-01-11,3,0,16:00-16:30,50,1,0,26
11,2025-01-11,3,0,16:00-16:30,50,1,0,27
11,2025-01-11,3,0,16:00-16:30,50,0,1,28
11,2025-01-11,3,0,16:00-16:30,50,1,0,29
11,2025-01-11,3,0,16:00-16:30,50,1,0,30
11,2025-01-11,3,0,16:00-16:30,50,1,0,31
11,2025-01-11,3,0,16:00-16:30,50,1,0,32
11,2025-01-11,3,0,16:00-16:30,50,0,1,33
11,2025-01-11,3,0,16:00-16:30,50,1,0,34
11,2025-01-11,3,0,16:00-16:30,50,0,1,35
11,2025-01-11,3,0,16:00-16:30,50,0,1,36
11,2025-01-11,3,0,16:00-16:30,50,1,0,37
11,2025-01-11,3,0,16:00-16:30,50,1,0,38
11,2025-01-11,3,0,16:00-16:30,50,1,0,39
11,2025-01-11,3,0,16:00-16:30,50,0,1,40
11,2025-01-11,3,0,16:00-16:30,50,1,0,41
11,2025-01-11,3,0,16:00-16:30,50,1,0,42
11,2025-01-11,3,0,16:00-16:30,50,1,0,43
11,2025-01-11,3,0,16:00-16:30,50,0,1,44
11,2025-01-11,3,0,16:00-16:30,50,1,0,45
11,2025-01-11,3,0,16:00-16:30,50,1,0,46
11,2025-01-11,3,0,16:00-16:30,50,1,0,47
11,2025-01-11,3,0,16:00-16:30,50,1,0,48
11,2025-01-11,3,0,16:00-16:30,50,0,1,49
11,2025-01-11,3,0,16:00-16:30,50,1,0,50
11,2025-01-11,3,0,16:30-17:00,50,1,0,1
11,2025-01-11,3,0,16:30-17:00,50,1,0,2
11,2025-01-11,3,0,16:30-17:00,50,0,1,3
11,2025-01-11,3,0,16:30-17:00,50,1,0,4
11,2025-01-11,3,0,16:30-17:00,50,1,0,5
11,2025-01-11,3,0,16:30-17:00,50,1,0,6
11,2025-01-11,3,0,16:30-17:00,50,1,0,7
11,2025-01-11,3,0,16:30-17:00,50,1,0,8
11,2025-01-11,3,0,16:30-17:00,50,0,1,9
11,2025-01-11,3,0,16:30-17:00,50,0,1,10
11,2025-01-11,3,0,16:30-17:00,50,1,0,11
11,2025-01-11,3,0,16:30-17:00,50,0,1,12
11,2025-01-11,3,0,16:30-17:00,50,1,0,13
11,2025-01-11,3,0,16:30-17:00,50,0,1,14
11,2025-01-11,3,0,16:30-17:00,50,1,0,15
11,2025-01-11,3,0,16:30-17:00,50,0,1,16
11,2025-01-11,3,0,16:30-17:00,50,1,0,17
11,2025-01-11,3,0,16:30-17:00,50,0,1,18
11,2025-01-11,3,0,16:30-17:00,50,0,1,19
11,2025-01-11,3,0,16:30-17:00,50,0,1,20
11,2025-01-11,3,0,16:30-17:00,50,0,1,21
11,2025-01-11,3,0,16:30-17:00,50,0,1,22
11,2025-01-11,3,0,16:30-17:00,50,0,1,23
11,2025-01-11,3,0,16:30-17:00,50,1,0,24
11,2025-01-11,3,0,16:30-17:00,50,0,1,25
11,2025-01-11,3,0,16:30-17:00,50,1,0,26
11,2025-01-11,3,0,16:30-17:00,50,0,1,27
11,2025-01-11,3,0,16:30-17:00,50,1,0,28
11,2025-01-11,3,0,16:30-17:00,50,0,1,29
11,2025-01-11,3,0,16:30-17:00,50,0,1,30
11,2025-01-11,3,0,16:30-17:00,50,0,1,31
11,2025-01-11,3,0,16:30-17:00,50,1,0,32
11,2025-01-11,3,0,16:30-17:00,50,1,0,33
11,2025-01-11,3,0,16:30-17:00,50,1,0,34
11,2025-01-11,3,0,16:30-17:00,50,1,0,35
11,2025-01-11,3,0,16:30-17:00,50,1,0,36
11,2025-01-11,3,0,16:30-17:00,50,1,0,37
11,2025-01-11,3,0,16:30-17:00,50,0,1,38
11,2025-01-11,3,0,16:30-17:00,50,1,0,39
11,2025-01-11,3,0,16:30-17:00,50,1,0,40
11,2025-01-11,3,0,16:30-17:00,50,0,1,41
11,2025-01-11,3,0,16:30-17:00,50,0,1,42
11,2025-01-11,3,0,16:30-17:00,50,1,0,43
11,2025-01-11,3,0,16:30-17:00,50,1,0,44
11,2025-01-11,3,0,16:30-17:00,50,0,1,45
11,2025-01-11,3,0,16:30-17:00,50,0,1,46
11,2025-01-11,3,0,16:30-17:00,50,1,0,47
11,2025-01-11,3,0,16:30-17:00,50,0,1,48
11,2025-01-11,3,0,16:30-17:00,50,1,0,49
11,2025-01-11,3,0,16:30-17:00,50,1,0,50
11,2025-01-11,3,0,17:00-17:30,50,0,1,1
11,2025-01-11,3,0,17:00-17:30,50,0,1,2
11,2025-01-11,3,0,17:00-17:30,50,0,1,3
11,2025-01-11,3,0,17:00-17:30,50,1,0,4
11,2025-01-11,3,0,17:00-17:30,50,0,1,5
11,2025-01-11,3,0,17:00-17:30,50,0,1,6
11,2025-01-11,3,0,17:00-17:30,50,1,0,7
11,2025-01-11,3,0,17:00-17:30,50,0,1,8
11,2025-01-11,3,0,17:00-17:30,50,0,1,9
11,2025-01-11,3,0,17:00-17:30,50,0,1,10
11,2025-01-11,3,0,17:00-17:30,50,1,0,11
11,2025-01-11,3,0,17:00-17:30,50,1,0,12
11,2025-01-11,3,0,17:00-17:30,50,0,1,13
11,2025-01-11,3,0,17:00-17:30,50,1,0,14
11,2025-01-11,3,0,17:00-17:30,50,0,1,15
11,2025-01-11,3,0,17:00-17:30,50,1,0,16
11,2025-01-11,3,0,17:00-17:30,50,0,1,17
11,2025-01-11,3,0,17:00-17:30,50,0,1,18
11,2025-01-11,3,0,17:00-17:30,50,1,0,19
11,2025-01-11,3,0,17:00-17:30,50,1,0,20
11,2025-01-11,3,0,17:00-17:30,50,0,1,21
11,2025-01-11,3,0,17:00-17:30,50,1,0,22
11,2025-01-11,3,0,17:00-17:30,50,1,0,23
11,2025-01-11,3,0,17:00-17:30,50,0,1,24
11,2025-01-11,3,0,17:00-17:30,50,1,0,25
11,2025-01-11,3,0,17:00-17:30,50,1,0,26
11,2025-01-11,3,0,17:00-17:30,50,1,0,27
11,2025-01-11,3,0,17:00-17:30,50,0,1,28
11,2025-01-11,3,0,17:00-17:30,50,0,1,29
11,2025-01-11,3,0,17:00-17:30,50,0,1,30
11,2025-01-11,3,0,17:00-17:30,50,0,1,31
11,2025-01-11,3,0,17:00-17:30,50,0,1,32
11,2025-01-11,3,0,17:00-17:30,50,0,1,33
11,2025-01-11,3,0,17:00-17:30,50,1,0,34
11,2025-01-11,3,0,17:00-17:30,50,1,0,35
11,2025-01-11,3,0,17:00-17:30,50,1,0,36
11,2025-01-11,3,0,17:00-17:30,50,1,0,37
11,2025-01-11,3,0,17:00-17:30,50,0,1,38
11,2025-01-11,3,0,17:00-17:30,50,1,0,39
11,2025-01-11,3,0,17:00-17:30,50,1,0,40
11,2025-01-11,3,0,17:00-17:30,50,1,0,41
11,2025-01-11,3,0,17:00-17:30,50,1,0,42
11,2025-01-11,3,0,17:00-17:30,50,0,1,43
11,2025-01-11,3,0,17:00-17:30,50,1,0,44
11,2025-01-11,3,0,17:00-17:30,50,0,1,45
11,2025-01-11,3,0,17:00-17:30,50,1,0,46
11,2025-01-11,3,0,17:00-17:30,50,0,1,47
11,2025-01-11,3,0,17:00-17:30,50,0,1,48
11,2025-01-11,3,0,17:00-17:30,50,1,0,49
11,2025-01-11,3,0,17:00-17:30,50,0,1,50
11,2025-01-11,3,0,17:30-18:00,50,1,0,1
11,2025-01-11,3,0,17:30-18:00,50,1,0,2
11,2025-01-11,3,0,17:30-18:00,50,0,1,3
11,2025-01-11,3,0,17:30-18:00,50,0,1,4
11,2025-01-11,3,0,17:30-18:00,50,1,0,5
11,2025-01-11,3,0,17:30-18:00,50,0,1,6
11,2025-01-11,3,0,17:30-18:00,50,1,0,7
11,2025-01-11,3,0,17:30-18:00,50,0,1,8
11,2025-01-11,3,0,17:30-18:00,50,0,1,9
11,2025-01-11,3,0,17:30-18:00,50,0,1,10
11,2025-01-11,3,0,17:30-18:00,50,1,0,11
11,2025-01-11,3,0,17:30-18:00,50,0,1,12
11,2025-01-11,3,0,17:30-18:00,50,1,0,13
11,2025-01-11,3,0,17:30-18:00,50,0,1,14
11,2025-01-11,3,0,17:30-18:00,50,0,1,15
11,2025-01-11,3,0,17:30-18:00,50,0,1,16
11,2025-01-11,3,0,17:30-18:00,50,0,1,17
11,2025-01-11,3,0,17:30-18:00,50,1,0,18
11,2025-01-11,3,0,17:30-18:00,50,0,1,19
11,2025-01-11,3,0,17:30-18:00,50,0,1,20
11,2025-01-11,3,0,17:30-18:00,50,0,1,21
11,2025-01-11,3,0,17:30-18:00,50,0,1,22
11,2025-01-11,3,0,17:30-18:00,50,0,1,23
11,2025-01-11,3,0,17:30-18:00,50,0,1,24
11,2025-01-11,3,0,17:30-18:00,50,1,0,25
11,2025-01-11,3,0,17:30-18:00,50,1,0,26
11,2025-01-11,3,0,17:30-18:00,50,1,0,27
11,2025-01-11,3,0,17:30-18:00,50,0,1,28
11,2025-01-11,3,0,17:30-18:00,50,1,0,29
11,2025-01-11,3,0,17:30-18:00,50,0,1,30
11,2025-01-11,3,0,17:30-18:00,50,1,0,31
11,2025-01-11,3,0,17:30-18:00,50,0,1,32
11,2025-01-11,3,0,17:30-18:00,50,1,0,33
11,2025-01-11,3,0,17:30-18:00,50,0,1,34
11,2025-01-11,3,0,17:30-18:00,50,0,1,35
11,2025-01-11,3,0,17:30-18:00,50,0,1,36
11,2025-01-11,3,0,17:30-18:00,50,1,0,37
11,2025-01-11,3,0,17:30-18:00,50,1,0,38
11,2025-01-11,3,0,17:30-18:00,50,1,0,39
11,2025-01-11,3,0,17:30-18:00,50,0,1,40
11,2025-01-11,3,0,17:30-18:00,50,0,1,41
11,2025-01-11,3,0,17:30-18:00,50,1,0,42
11,2025-01-11,3,0,17:30-18:00,50,1,0,43
11,2025-01-11,3,0,17:30-18:00,50,0,1,44
11,2025-01-11,3,0,17:30-18:00,50,0,1,45
11,2025-01-11,3,0,17:30-18:00,50,1,0,46
11,2025-01-11,3,0,17:30-18:00,50,1,0,47
11,2025-01-11,3,0,17:30-18:00,50,1,0,48
11,2025-01-11,3,0,17:30-18:00,50,1,0,49
11,2025-01-11,3,0,17:30-18:00,50,0,1,50
11,2025-01-11,3,0,18:00-18:30,50,0,1,1
11,2025-01-11,3,0,18:00-18:30,50,1,0,2
11,2025-01-11,3,0,18:00-18:30,50,0,1,3
11,2025-01-11,3,0,18:00-18:30,50,1,0,4
11,2025-01-11,3,0,18:00-18:30,50,0,1,5
11,2025-01-11,3,0,18:00-18:30,50,1,0,6
11,2025-01-11,3,0,18:00-18:30,50,0,1,7
11,2025-01-11,3,0,18:00-18:30,50,0,1,8
11,2025-01-11,3,0,18:00-18:30,50,0,1,9
11,2025-01-11,3,0,18:00-18:30,50,1,0,10
11,2025-01-11,3,0,18:00-18:30,50,0,1,11
11,2025-01-11,3,0,18:00-18:30,50,0,1,12
11,2025-01-11,3,0,18:00-18:30,50,0,1,13
11,2025-01-11,3,0,18:00-18:30,50,0,1,14
11,2025-01-11,3,0,18:00-18:30,50,0,1,15
11,2025-01-11,3,0,18:00-18:30,50,1,0,16
11,2025-01-11,3,0,18:00-18:30,50,0,1,17
11,2025-01-11,3,0,18:00-18:30,50,0,1,18
11,2025-01-11,3,0,18:00-18:30,50,1,0,19
11,2025-01-11,3,0,18:00-18:30,50,1,0,20
11,2025-01-11,3,0,18:00-18:30,50,1,0,21
11,2025-01-11,3,0,18:00-18:30,50,0,1,22
11,2025-01-11,3,0,18:00-18:30,50,0,1,23
11,2025-01-11,3,0,18:00-18:30,50,0,1,24
11,2025-01-11,3,0,18:00-18:30,50,1,0,25
11,2025-01-11,3,0,18:00-18:30,50,0,1,26
11,2025-01-11,3,0,18:00-18:30,50,1,0,27
11,2025-01-11,3,0,18:00-18:30,50,1,0,28
11,2025-01-11,3,0,18:00-18:30,50,0,1,29
11,2025-01-11,3,0,18:00-18:30,50,0,1,30
11,2025-01-11,3,0,18:00-18:30,50,0,1,31
11,2025-01-11,3,0,18:00-18:30,50,0,1,32
11,2025-01-11,3,0,18:00-18:30,50,0,1,33
11,2025-01-11,3,0,18:00-18:30,50,0,1,34
11,2025-01-11,3,0,18:00-18:30,50,0,1,35
11,2025-01-11,3,0,18:00-18:30,50,0,1,36
11,2025-01-11,3,0,18:00-18:30,50,1,0,37
11,2025-01-11,3,0,18:00-18:30,50,0,1,38
11,2025-01-11,3,0,18:00-18:30,50,0,1,39
11,2025-01-11,3,0,18:00-18:30,50,0,1,40
11,2025-01-11,3,0,18:00-18:30,50,1,0,41
11,2025-01-11,3,0,18:00-18:30,50,1,0,42
11,2025-01-11,3,0,18:00-18:30,50,0,1,43
11,2025-01-11,3,0,18:00-18:30,50,0,1,44
11,2025-01-11,3,0,18:00-18:30,50,1,0,45
11,2025-01-11,3,0,18:00-18:30,50,0,1,46
11,2025-01-11,3,0,18:00-18:30,50,0,1,47
11,2025-01-11,3,0,18:00-18:30,50,0,1,48
11,2025-01-11,3,0,18:00-18:30,50,0,1,49
11,2025-01-11,3,0,18:00-18:30,50,1,0,50
11,2025-01-11,3,0,18:30-19:00,50,1,0,1
11,2025-01-11,3,0,18:30-19:00,50,1,0,2
11,2025-01-11,3,0,18:30-19:00,50,0,1,3
11,2025-01-11,3,0,18:30-19:00,50,1,0,4
11,2025-01-11,3,0,18:30-19:00,50,0,1,5
11,2025-01-11,3,0,18:30-19:00,50,0,1,6
11,2025-01-11,3,0,18:30-19:00,50,0,1,7
11,2025-01-11,3,0,18:30-19:00,50,0,1,8
11,2025-01-11,3,0,18:30-19:00,50,0,1,9
11,2025-01-11,3,0,18:30-19:00,50,0,1,10
11,2025-01-11,3,0,18:30-19:00,50,1,0,11
11,2025-01-11,3,0,18:30-19:00,50,0,1,12
11,2025-01-11,3,0,18:30-19:00,50,0,1,13
11,2025-01-11,3,0,18:30-19:00,50,0,1,14
11,2025-01-11,3,0,18:30-19:00,50,0,1,15
11,2025-01-11,3,0,18:30-19:00,50,0,1,16
11,2025-01-11,3,0,18:30-19:00,50,0,1,17
11,2025-01-11,3,0,18:30-19:00,50,0,1,18
11,2025-01-11,3,0,18:30-19:00,50,0,1,19
11,2025-01-11,3,0,18:30-19:00,50,0,1,20
11,2025-01-11,3,0,18:30-19:00,50,1,0,21
11,2025-01-11,3,0,18:30-19:00,50,0,1,22
11,2025-01-11,3,0,18:30-19:00,50,1,0,23
11,2025-01-11,3,0,18:30-19:00,50,1,0,24
11,2025-01-11,3,0,18:30-19:00,50,0,1,25
11,2025-01-11,3,0,18:30-19:00,50,0,1,26
11,2025-01-11,3,0,18:30-19:00,50,1,0,27
11,2025-01-11,3,0,18:30-19:00,50,0,1,28
11,2025-01-11,3,0,18:30-19:00,50,0,1,29
11,2025-01-11,3,0,18:30-19:00,50,0,1,30
11,2025-01-11,3,0,18:30-19:00,50,1,0,31
11,2025-01-11,3,0,18:30-19:00,50,1,0,32
11,2025-01-11,3,0,18:30-19:00,50,1,0,33
11,2025-01-11,3,0,18:30-19:00,50,0,1,34
11,2025-01-11,3,0,18:30-19:00,50,1,0,35
11,2025-01-11,3,0,18:30-19:00,50,0,1,36
11,2025-01-11,3,0,18:30-19:00,50,1,0,37
11,2025-01-11,3,0,18:30-19:00,50,1,0,38
11,2025-01-11,3,0,18:30-19:00,50,0,1,39
11,2025-01-11,3,0,18:30-19:00,50,0,1,40
11,2025-01-11,3,0,18:30-19:00,50,0,1,41
11,2025-01-11,3,0,18:30-19:00,50,0,1,42
11,2025-01-11,3,0,18:30-19:00,50,0,1,43
11,2025-01-11,3,0,18:30-19:00,50,0,1,44
11,2025-01-11,3,0,18:30-19:00,50,0,1,45
11,2025-01-11,3,0,18:30-19:00,50,0,1,46
11,2025-01-11,3,0,18:30-19:00,50,0,1,47
11,2025-01-11,3,0,18:30-19:00,50,1,0,48
11,2025-01-11,3,0,18:30-19:00,50,1,0,49
11,2025-01-11,3,0,18:30-19:00,50,0,1,50
12,2025-01-12,4,0,07:00-07:30,50,1,0,1
12,2025-01-12,4,0,07:00-07:30,50,1,0,2
12,2025-01-12,4,0,07:00-07:30,50,1,0,3
12,2025-01-12,4,0,07:00-07:30,50,0,1,4
12,2025-01-12,4,0,07:00-07:30,50,1,0,5
12,2025-01-12,4,0,07:00-07:30,50,1,0,6
12,2025-01-12,4,0,07:00-07:30,50,1,0,7
12,2025-01-12,4,0,07:00-07:30,50,1,0,8
12,2025-01-12,4,0,07:00-07:30,50,0,1,9
12,2025-01-12,4,0,07:00-07:30,50,1,0,10
12,2025-01-12,4,0,07:00-07:30,50,0,1,11
12,2025-01-12,4,0,07:00-07:30,50,0,1,12
12,2025-01-12,4,0,07:00-07:30,50,1,0,13
12,2025-01-12,4,0,07:00-07:30,50,1,0,14
12,2025-01-12,4,0,07:00-07:30,50,1,0,15
12,2025-01-12,4,0,07:00-07:30,50,1,0,16
12,2025-01-12,4,0,07:00-07:30,50,0,1,17
12,2025-01-12,4,0,07:00-07:30,50,1,0,18
12,2025-01-12,4,0,07:00-07:30,50,1,0,19
12,2025-01-12,4,0,07:00-07:30,50,1,0,20
12,2025-01-12,4,0,07:00-07:30,50,0,1,21
12,2025-01-12,4,0,07:00-07:30,50,0,1,22
12,2025-01-12,4,0,07:00-07:30,50,0,1,23
12,2025-01-12,4,0,07:00-07:30,50,1,0,24
12,2025-01-12,4,0,07:00-07:30,50,0,1,25
12,2025-01-12,4,0,07:00-07:30,50,1,0,26
12,2025-01-12,4,0,07:00-07:30,50,0,1,27
12,2025-01-12,4,0,07:00-07:30,50,1,0,28
12,2025-01-12,4,0,07:00-07:30,50,0,1,29
12,2025-01-12,4,0,07:00-07:30,50,0,1,30
12,2025-01-12,4,0,07:00-07:30,50,1,0,31
12,2025-01-12,4,0,07:00-07:30,50,1,0,32
12,2025-01-12,4,0,07:00-07:30,50,1,0,33
12,2025-01-12,4,0,07:00-07:30,50,1,0,34
12,2025-01-12,4,0,07:00-07:30,50,1,0,35
12,2025-01-12,4,0,07:00-07:30,50,1,0,36
12,2025-01-12,4,0,07:00-07:30,50,0,1,37
12,2025-01-12,4,0,07:00-07:30,50,0,1,38
12,2025-01-12,4,0,07:00-07:30,50,1,0,39
12,2025-01-12,4,0,07:00-07:30,50,1,0,40
12,2025-01-12,4,0,07:00-07:30,50,1,0,41
12,2025-01-12,4,0,07:00-07:30,50,0,1,42
12,2025-01-12,4,0,07:00-07:30,50,1,0,43
12,2025-01-12,4,0,07:00-07:30,50,1,0,44
12,2025-01-12,4,0,07:00-07:30,50,1,0,45
12,2025-01-12,4,0,07:00-07:30,50,0,1,46
12,2025-01-12,4,0,07:00-07:30,50,1,0,47
12,2025-01-12,4,0,07:00-07:30,50,1,0,48
12,2025-01-12,4,0,07:00-07:30,50,1,0,49
12,2025-01-12,4,0,07:00-07:30,50,1,0,50
12,2025-01-12,4,0,07:30-08:00,50,0,1,1
12,2025-01-12,4,0,07:30-08:00,50,0,1,2
12,2025-01-12,4,0,07:30-08:00,50,1,0,3
12,2025-01-12,4,0,07:30-08:00,50,1,0,4
12,2025-01-12,4,0,07:30-08:00,50,1,0,5
12,2025-01-12,4,0,07:30-08:00,50,0,1,6
12,2025-01-12,4,0,07:30-08:00,50,1,0,7
12,2025-01-12,4,0,07:30-08:00,50,0,1,8
12,2025-01-12,4,0,07:30-08:00,50,1,0,9
12,2025-01-12,4,0,07:30-08:00,50,1,0,10
12,2025-01-12,4,0,07:30-08:00,50,1,0,11
12,2025-01-12,4,0,07:30-08:00,50,0,1,12
12,2025-01-12,4,0,07:30-08:00,50,1,0,13
12,2025-01-12,4,0,07:30-08:00,50,0,1,14
12,2025-01-12,4,0,07:30-08:00,50,0,1,15
12,2025-01-12,4,0,07:30-08:00,50,1,0,16
12,2025-01-12,4,0,07:30-08:00,50,1,0,17
12,2025-01-12,4,0,07:30-08:00,50,1,0,18
12,2025-01-12,4,0,07:30-08:00,50,1,0,19
12,2025-01-12,4,0,07:30-08:00,50,1,0,20
12,2025-01-12,4,0,07:30-08:00,50,0,1,21
12,2025-01-12,4,0,07:30-08:00,50,1,0,22
12,2025-01-12,4,0,07:30-08:00,50,1,0,23
12,2025-01-12,4,0,07:30-08:00,50,1,0,24
12,2025-01-12,4,0,07:30-08:00,50,0,1,25
12,2025-01-12,4,0,07:30-08:00,50,1,0,26
12,2025-01-12,4,0,07:30-08:00,50,1,0,27
12,2025-01-12,4,0,07:30-08:00,50,1,0,28
12,2025-01-12,4,0,07:30-08:00,50,1,0,29
12,2025-01-12,4,0,07:30-08:00,50,1,0,30
12,2025-01-12,4,0,07:30-08:00,50,1,0,31
12,2025-01-12,4,0,07:30-08:00,50,1,0,32
12,2025-01-12,4,0,07:30-08:00,50,0,1,33
12,2025-01-12,4,0,07:30-08:00,50,1,0,34
12,2025-01-12,4,0,07:30-08:00,50,1,0,35
12,2025-01-12,4,0,07:30-08:00,50,0,1,36
12,2025-01-12,4,0,07:30-08:00,50,1,0,37
12,2025-01-12,4,0,07:30-08:00,50,1,0,38
12,2025-01-12,4,0,07:30-08:00,50,1,0,39
12,2025-01-12,4,0,07:30-08:00,50,1,0,40
12,2025-01-12,4,0,07:30-08:00,50,0,1,41
12,2025-01-12,4,0,07:30-08:00,50,1,0,42
12,2025-01-12,4,0,07:30-08:00,50,1,0,43
12,2025-01-12,4,0,07:30-08:00,50,1,0,44
12,2025-01-12,4,0,07:30-08:00,50,1,0,45
12,2025-01-12,4,0,07:30-08:00,50,0,1,46
12,2025-01-12,4,0,07:30-08:00,50,0,1,47
12,2025-01-12,4,0,07:30-08:00,50,0,1,48
12,2025-01-12,4,0,07:30-08:00,50,0,1,49
12,2025-01-12,4,0,07:30-08:00,50,1,0,50
12,2025-01-12,4,0,08:00-08:30,50,0,1,1
12,2025-01-12,4,0,08:00-08:30,50,1,0,2
12,2025-01-12,4,0,08:00-08:30,50,1,0,3
12,2025-01-12,4,0,08:00-08:30,50,1,0,4
12,2025-01-12,4,0,08:00-08:30,50,1,0,5
12,2025-01-12,4,0,08:00-08:30,50,0,1,6
12,2025-01-12,4,0,08:00-08:30,50,1,0,7
12,2025-01-12,4,0,08:00-08:30,50,1,0,8
12,2025-01-12,4,0,08:00-08:30,50,1,0,9
12,2025-01-12,4,0,08:00-08:30,50,1,0,10
12,2025-01-12,4,0,08:00-08:30,50,0,1,11
12,2025-01-12,4,0,08:00-08:30,50,0,1,12
12,2025-01-12,4,0,08:00-08:30,50,0,1,13
12,2025-01-12,4,0,08:00-08:30,50,1,0,14
12,2025-01-12,4,0,08:00-08:30,50,1,0,15
12,2025-01-12,4,0,08:00-08:30,50,1,0,16
12,2025-01-12,4,0,08:00-08:30,50,1,0,17
12,2025-01-12,4,0,08:00-08:30,50,0,1,18
12,2025-01-12,4,0,08:00-08:30,50,1,0,19
12,2025-01-12,4,0,08:00-08:30,50,1,0,20
12,2025-01-12,4,0,08:00-08:30,50,0,1,21
12,2025-01-12,4,0,08:00-08:30,50,0,1,22
12,2025-01-12,4,0,08:00-08:30,50,0,1,23
12,2025-01-12,4,0,08:00-08:30,50,1,0,24
12,2025-01-12,4,0,08:00-08:30,50,1,0,25
12,2025-01-12,4,0,08:00-08:30,50,1,0,26
12,2025-01-12,4,0,08:00-08:30,50,0,1,27
12,2025-01-12,4,0,08:00-08:30,50,1,0,28
12,2025-01-12,4,0,08:00-08:30,50,0,1,29
12,2025-01-12,4,0,08:00-08:30,50,1,0,30
12,2025-01-12,4,0,08:00-08:30,50,0,1,31
12,2025-01-12,4,0,08:00-08:30,50,0,1,32
12,2025-01-12,4,0,08:00-08:30,50,0,1,33
12,2025-01-12,4,0,08:00-08:30,50,0,1,34
12,2025-01-12,4,0,08:00-08:30,50,0,1,35
12,2025-01-12,4,0,08:00-08:30,50,1,0,36
12,2025-01-12,4,0,08:00-08:30,50,1,0,37
12,2025-01-12,4,0,08:00-08:30,50,0,1,38
12,2025-01-12,4,0,08:00-08:30,50,0,1,39
12,2025-01-12,4,0,08:00-08:30,50,1,0,40
12,2025-01-12,4,0,08:00-08:30,50,1,0,41
12,2025-01-12,4,0,08:00-08:30,50,1,0,42
12,2025-01-12,4,0,08:00-08:30,50,0,1,43
12,2025-01-12,4,0,08:00-08:30,50,1,0,44
12,2025-01-12,4,0,08:00-08:30,50,1,0,45
12,2025-01-12,4,0,08:00-08:30,50,0,1,46
12,2025-01-12,4,0,08:00-08:30,50,0,1,47
12,2025-01-12,4,0,08:00-08:30,50,1,0,48
12,2025-01-12,4,0,08:00-08:30,50,0,1,49
12,2025-01-12,4,0,08:00-08:30,50,0,1,50
12,2025-01-12,4,0,08:30-09:00,50,0,1,1
12,2025-01-12,4,0,08:30-09:00,50,1,0,2
12,2025-01-12,4,0,08:30-09:00,50,1,0,3
12,2025-01-12,4,0,08:30-09:00,50,1,0,4
12,2025-01-12,4,0,08:30-09:00,50,1,0,5
12,2025-01-12,4,0,08:30-09:00,50,0,1,6
12,2025-01-12,4,0,08:30-09:00,50,1,0,7
12,2025-01-12,4,0,08:30-09:00,50,0,1,8
12,2025-01-12,4,0,08:30-09:00,50,1,0,9
12,2025-01-12,4,0,08:30-09:00,50,0,1,10
12,2025-01-12,4,0,08:30-09:00,50,0,1,11
12,2025-01-12,4,0,08:30-09:00,50,0,1,12
12,2025-01-12,4,0,08:30-09:00,50,0,1,13
12,2025-01-12,4,0,08:30-09:00,50,0,1,14
12,2025-01-12,4,0,08:30-09:00,50,0,1,15
12,2025-01-12,4,0,08:30-09:00,50,1,0,16
12,2025-01-12,4,0,08:30-09:00,50,0,1,17
12,2025-01-12,4,0,08:30-09:00,50,1,0,18
12,2025-01-12,4,0,08:30-09:00,50,0,1,19
12,2025-01-12,4,0,08:30-09:00,50,1,0,20
12,2025-01-12,4,0,08:30-09:00,50,0,1,21
12,2025-01-12,4,0,08:30-09:00,50,1,0,22
12,2025-01-12,4,0,08:30-09:00,50,1,0,23
12,2025-01-12,4,0,08:30-09:00,50,1,0,24
12,2025-01-12,4,0,08:30-09:00,50,0,1,25
12,2025-01-12,4,0,08:30-09:00,50,0,1,26
12,2025-01-12,4,0,08:30-09:00,50,0,1,27
12,2025-01-12,4,0,08:30-09:00,50,1,0,28
12,2025-01-12,4,0,08:30-09:00,50,1,0,29
12,2025-01-12,4,0,08:30-09:00,50,0,1,30
12,2025-01-12,4,0,08:30-09:00,50,1,0,31
12,2025-01-12,4,0,08:30-09:00,50,0,1,32
12,2025-01-12,4,0,08:30-09:00,50,0,1,33
12,2025-01-12,4,0,08:30-09:00,50,1,0,34
12,2025-01-12,4,0,08:30-09:00,50,1,0,35
12,2025-01-12,4,0,08:30-09:00,50,1,0,36
12,2025-01-12,4,0,08:30-09:00,50,1,0,37
12,2025-01-12,4,0,08:30-09:00,50,0,1,38
12,2025-01-12,4,0,08:30-09:00,50,1,0,39
12,2025-01-12,4,0,08:30-09:00,50,0,1,40
12,2025-01-12,4,0,08:30-09:00,50,1,0,41
12,2025-01-12,4,0,08:30-09:00,50,1,0,42
12,2025-01-12,4,0,08:30-09:00,50,1,0,43
12,2025-01-12,4,0,08:30-09:00,50,1,0,44
12,2025-01-12,4,0,08:30-09:00,50,0,1,45
12,2025-01-12,4,0,08:30-09:00,50,0,1,46
12,2025-01-12,4,0,08:30-09:00,50,0,1,47
12,2025-01-12,4,0,08:30-09:00,50,0,1,48
12,2025-01-12,4,0,08:30-09:00,50,0,1,49
12,2025-01-12,4,0,08:30-09:00,50,1,0,50
12,2025-01-12,4,0,09:00-09:30,50,1,0,1
12,2025-01-12,4,0,09:00-09:30,50,1,0,2
12,2025-01-12,4,0,09:00-09:30,50,1,0,3
12,2025-01-12,4,0,09:00-09:30,50,0,1,4
12,2025-01-12,4,0,09:00-09:30,50,0,1,5
12,2025-01-12,4,0,09:00-09:30,50,1,0,6
12,2025-01-12,4,0,09:00-09:30,50,1,0,7
12,2025-01-12,4,0,09:00-09:30,50,0,1,8
12,2025-01-12,4,0,09:00-09:30,50,0,1,9
12,2025-01-12,4,0,09:00-09:30,50,1,0,10
12,2025-01-12,4,0,09:00-09:30,50,0,1,11
12,2025-01-12,4,0,09:00-09:30,50,1,0,12
12,2025-01-12,4,0,09:00-09:30,50,0,1,13
12,2025-01-12,4,0,09:00-09:30,50,0,1,14
12,2025-01-12,4,0,09:00-09:30,50,0,1,15
12,2025-01-12,4,0,09:00-09:30,50,0,1,16
12,2025-01-12,4,0,09:00-09:30,50,0,1,17
12,2025-01-12,4,0,09:00-09:30,50,1,0,18
12,2025-01-12,4,0,09:00-09:30,50,1,0,19
12,2025-01-12,4,0,09:00-09:30,50,0,1,20
12,2025-01-12,4,0,09:00-09:30,50,0,1,21
12,2025-01-12,4,0,09:00-09:30,50,1,0,22
12,2025-01-12,4,0,09:00-09:30,50,0,1,23
12,2025-01-12,4,0,09:00-09:30,50,0,1,24
12,2025-01-12,4,0,09:00-09:30,50,1,0,25
12,2025-01-12,4,0,09:00-09:30,50,1,0,26
12,2025-01-12,4,0,09:00-09:30,50,0,1,27
12,2025-01-12,4,0,09:00-09:30,50,0,1,28
12,2025-01-12,4,0,09:00-09:30,50,0,1,29
12,2025-01-12,4,0,09:00-09:30,50,1,0,30
12,2025-01-12,4,0,09:00-09:30,50,0,1,31
12,2025-01-12,4,0,09:00-09:30,50,1,0,32
12,2025-01-12,4,0,09:00-09:30,50,1,0,33
12,2025-01-12,4,0,09:00-09:30,50,1,0,34
12,2025-01-12,4,0,09:00-09:30,50,1,0,35
12,2025-01-12,4,0,09:00-09:30,50,0,1,36
12,2025-01-12,4,0,09:00-09:30,50,0,1,37
12,2025-01-12,4,0,09:00-09:30,50,0,1,38
12,2025-01-12,4,0,09:00-09:30,50,0,1,39
12,2025-01-12,4,0,09:00-09:30,50,0,1,40
12,2025-01-12,4,0,09:00-09:30,50,0,1,41
12,2025-01-12,4,0,09:00-09:30,50,1,0,42
12,2025-01-12,4,0,09:00-09:30,50,0,1,43
12,2025-01-12,4,0,09:00-09:30,50,1,0,44
12,2025-01-12,4,0,09:00-09:30,50,0,1,45
12,2025-01-12,4,0,09:00-09:30,50,0,1,46
12,2025-01-12,4,0,09:00-09:30,50,0,1,47
12,2025-01-12,4,0,09:00-09:30,50,1,0,48
12,2025-01-12,4,0,09:00-09:30,50,1,0,49
12,2025-01-12,4,0,09:00-09:30,50,1,0,50
12,2025-01-12,4,0,09:30-10:00,50,0,1,1
12,2025-01-12,4,0,09:30-10:00,50,0,1,2
12,2025-01-12,4,0,09:30-10:00,50,1,0,3
12,2025-01-12,4,0,09:30-10:00,50,0,1,4
12,2025-01-12,4,0,09:30-10:00,50,1,0,5
12,2025-01-12,4,0,09:30-10:00,50,0,1,6
12,2025-01-12,4,0,09:30-10:00,50,0,1,7
12,2025-01-12,4,0,09:30-10:00,50,1,0,8
12,2025-01-12,4,0,09:30-10:00,50,1,0,9
12,2025-01-12,4,0,09:30-10:00,50,0,1,10
12,2025-01-12,4,0,09:30-10:00,50,1,0,11
12,2025-01-12,4,0,09:30-10:00,50,1,0,12
12,2025-01-12,4,0,09:30-10:00,50,0,1,13
12,2025-01-12,4,0,09:30-10:00,50,0,1,14
12,2025-01-12,4,0,09:30-10:00,50,1,0,15
12,2025-01-12,4,0,09:30-10:00,50,1,0,16
12,2025-01-12,4,0,09:30-10:00,50,0,1,17
12,2025-01-12,4,0,09:30-10:00,50,1,0,18
12,2025-01-12,4,0,09:30-10:00,50,0,1,19
12,2025-01-12,4,0,09:30-10:00,50,1,0,20
12,2025-01-12,4,0,09:30-10:00,50,1,0,21
12,2025-01-12,4,0,09:30-10:00,50,0,1,22
12,2025-01-12,4,0,09:30-10:00,50,1,0,23
12,2025-01-12,4,0,09:30-10:00,50,1,0,24
12,2025-01-12,4,0,09:30-10:00,50,0,1,25
12,2025-01-12,4,0,09:30-10:00,50,1,0,26
12,2025-01-12,4,0,09:30-10:00,50,1,0,27
12,2025-01-12,4,0,09:30-10:00,50,1,0,28
12,2025-01-12,4,0,09:30-10:00,50,0,1,29
12,2025-01-12,4,0,09:30-10:00,50,0,1,30
12,2025-01-12,4,0,09:30-10:00,50,0,1,31
12,2025-01-12,4,0,09:30-10:00,50,1,0,32
12,2025-01-12,4,0,09:30-10:00,50,0,1,33
12,2025-01-12,4,0,09:30-10:00,50,1,0,34
12,2025-01-12,4,0,09:30-10:00,50,0,1,35
12,2025-01-12,4,0,09:30-10:00,50,0,1,36
12,2025-01-12,4,0,09:30-10:00,50,1,0,37
12,2025-01-12,4,0,09:30-10:00,50,0,1,38
12,2025-01-12,4,0,09:30-10:00,50,0,1,39
12,2025-01-12,4,0,09:30-10:00,50,0,1,40
12,2025-01-12,4,0,09:30-10:00,50,1,0,41
12,2025-01-12,4,0,09:30-10:00,50,0,1,42
12,2025-01-12,4,0,09:30-10:00,50,1,0,43
12,2025-01-12,4,0,09:30-10:00,50,0,1,44
12,2025-01-12,4,0,09:30-10:00,50,0,1,45
12,2025-01-12,4,0,09:30-10:00,50,0,1,46
12,2025-01-12,4,0,09:30-10:00,50,1,0,47
12,2025-01-12,4,0,09:30-10:00,50,0,1,48
12,2025-01-12,4,0,09:30-10:00,50,1,0,49
12,2025-01-12,4,0,09:30-10:00,50,0,1,50
12,2025-01-12,4,0,16:00-16:30,50,1,0,1
12,2025-01-12,4,0,16:00-16:30,50,1,0,2
12,2025-01-12,4,0,16:00-16:30,50,0,1,3
12,2025-01-12,4,0,16:00-16:30,50,1,0,4
12,2025-01-12,4,0,16:00-16:30,50,1,0,5
12,2025-01-12,4,0,16:00-16:30,50,1,0,6
12,2025-01-12,4,0,16:00-16:30,50,1,0,7
12,2025-01-12,4,0,16:00-16:30,50,0,1,8
12,2025-01-12,4,0,16:00-16:30,50,0,1,9
12,2025-01-12,4,0,16:00-16:30,50,0,1,10
12,2025-01-12,4,0,16:00-16:30,50,0,1,11
12,2025-01-12,4,0,16:00-16:30,50,0,1,12
12,2025-01-12,4,0,16:00-16:30,50,0,1,13
12,2025-01-12,4,0,16:00-16:30,50,0,1,14
12,2025-01-12,4,0,16:00-16:30,50,0,1,15
12,2025-01-12,4,0,16:00-16:30,50,1,0,16
12,2025-01-12,4,0,16:00-16:30,50,1,0,17
12,2025-01-12,4,0,16:00-16:30,50,1,0,18
12,2025-01-12,4,0,16:00-16:30,50,1,0,19
12,2025-01-12,4,0,16:00-16:30,50,0,1,20
12,2025-01-12,4,0,16:00-16:30,50,1,0,21
12,2025-01-12,4,0,16:00-16:30,50,1,0,22
12,2025-01-12,4,0,16:00-16:30,50,0,1,23
12,2025-01-12,4,0,16:00-16:30,50,1,0,24
12,2025-01-12,4,0,16:00-16:30,50,1,0,25
12,2025-01-12,4,0,16:00-16:30,50,1,0,26
12,2025-01-12,4,0,16:00-16:30,50,1,0,27
12,2025-01-12,4,0,16:00-16:30,50,1,0,28
12,2025-01-12,4,0,16:00-16:30,50,1,0,29
12,2025-01-12,4,0,16:00-16:30,50,1,0,30
12,2025-01-12,4,0,16:00-16:30,50,0,1,31
12,2025-01-12,4,0,16:00-16:30,50,0,1,32
12,2025-01-12,4,0,16:00-16:30,50,0,1,33
12,2025-01-12,4,0,16:00-16:30,50,0,1,34
12,2025-01-12,4,0,16:00-16:30,50,0,1,35
12,2025-01-12,4,0,16:00-16:30,50,1,0,36
12,2025-01-12,4,0,16:00-16:30,50,0,1,37
12,2025-01-12,4,0,16:00-16:30,50,1,0,38
12,2025-01-12,4,0,16:00-16:30,50,1,0,39
12,2025-01-12,4,0,16:00-16:30,50,0,1,40
12,2025-01-12,4,0,16:00-16:30,50,1,0,41
12,2025-01-12,4,0,16:00-16:30,50,1,0,42
12,2025-01-12,4,0,16:00-16:30,50,1,0,43
12,2025-01-12,4,0,16:00-16:30,50,1,0,44
12,2025-01-12,4,0,16:00-16:30,50,1,0,45
12,2025-01-12,4,0,16:00-16:30,50,1,0,46
12,2025-01-12,4,0,16:00-16:30,50,1,0,47
12,2025-01-12,4,0,16:00-16:30,50,1,0,48
12,2025-01-12,4,0,16:00-16:30,50,1,0,49
12,2025-01-12,4,0,16:00-16:30,50,0,1,50
12,2025-01-12,4,0,16:30-17:00,50,1,0,1
12,2025-01-12,4,0,16:30-17:00,50,1,0,2
12,2025-01-12,4,0,16:30-17:00,50,1,0,3
12,2025-01-12,4,0,16:30-17:00,50,1,0,4
12,2025-01-12,4,0,16:30-17:00,50,0,1,5
12,2025-01-12,4,0,16:30-17:00,50,1,0,6
12,2025-01-12,4,0,16:30-17:00,50,1,0,7
12,2025-01-12,4,0,16:30-17:00,50,0,1,8
12,2025-01-12,4,0,16:30-17:00,50,1,0,9
12,2025-01-12,4,0,16:30-17:00,50,0,1,10
12,2025-01-12,4,0,16:30-17:00,50,1,0,11
12,2025-01-12,4,0,16:30-17:00,50,0,1,12
12,2025-01-12,4,0,16:30-17:00,50,1,0,13
12,2025-01-12,4,0,16:30-17:00,50,1,0,14
12,2025-01-12,4,0,16:30-17:00,50,1,0,15
12,2025-01-12,4,0,16:30-17:00,50,1,0,16
12,2025-01-12,4,0,16:30-17:00,50,1,0,17
12,2025-01-12,4,0,16:30-17:00,50,1,0,18
12,2025-01-12,4,0,16:30-17:00,50,0,1,19
12,2025-01-12,4,0,16:30-17:00,50,1,0,20
12,2025-01-12,4,0,16:30-17:00,50,0,1,21
12,2025-01-12,4,0,16:30-17:00,50,0,1,22
12,2025-01-12,4,0,16:30-17:00,50,1,0,23
12,2025-01-12,4,0,16:30-17:00,50,1,0,24
12,2025-01-12,4,0,16:30-17:00,50,0,1,25
12,2025-01-12,4,0,16:30-17:00,50,0,1,26
12,2025-01-12,4,0,16:30-17:00,50,1,0,27
12,2025-01-12,4,0,16:30-17:00,50,0,1,28
12,2025-01-12,4,0,16:30-17:00,50,1,0,29
12,2025-01-12,4,0,16:30-17:00,50,1,0,30
12,2025-01-12,4,0,16:30-17:00,50,1,0,31
12,2025-01-12,4,0,16:30-17:00,50,1,0,32
12,2025-01-12,4,0,16:30-17:00,50,0,1,33
12,2025-01-12,4,0,16:30-17:00,50,1,0,34
12,2025-01-12,4,0,16:30-17:00,50,1,0,35
12,2025-01-12,4,0,16:30-17:00,50,1,0,36
12,2025-01-12,4,0,16:30-17:00,50,1,0,37
12,2025-01-12,4,0,16:30-17:00,50,1,0,38
12,2025-01-12,4,0,16:30-17:00,50,0,1,39
12,2025-01-12,4,0,16:30-17:00,50,1,0,40
12,2025-01-12,4,0,16:30-17:00,50,1,0,41
12,2025-01-12,4,0,16:30-17:00,50,0,1,42
12,2025-01-12,4,0,16:30-17:00,50,1,0,43
12,2025-01-12,4,0,16:30-17:00,50,1,0,44
12,2025-01-12,4,0,16:30-17:00,50,1,0,45
12,2025-01-12,4,0,16:30-17:00,50,0,1,46
12,2025-01-12,4,0,16:30-17:00,50,1,0,47
12,2025-01-12,4,0,16:30-17:00,50,1,0,48
12,2025-01-12,4,0,16:30-17:00,50,1,0,49
12,2025-01-12,4,0,16:30-17:00,50,1,0,50
12,2025-01-12,4,0,17:00-17:30,50,1,0,1
12,2025-01-12,4,0,17:00-17:30,50,1,0,2
12,2025-01-12,4,0,17:00-17:30,50,0,1,3
12,2025-01-12,4,0,17:00-17:30,50,1,0,4
12,2025-01-12,4,0,17:00-17:30,50,0,1,5
12,2025-01-12,4,0,17:00-17:30,50,1,0,6
12,2025-01-12,4,0,17:00-17:30,50,1,0,7
12,2025-01-12,4,0,17:00-17:30,50,1,0,8
12,2025-01-12,4,0,17:00-17:30,50,0,1,9
12,2025-01-12,4,0,17:00-17:30,50,0,1,10
12,2025-01-12,4,0,17:00-17:30,50,1,0,11
12,2025-01-12,4,0,17:00-17:30,50,0,1,12
12,2025-01-12,4,0,17:00-17:30,50,0,1,13
12,2025-01-12,4,0,17:00-17:30,50,0,1,14
12,2025-01-12,4,0,17:00-17:30,50,1,0,15
12,2025-01-12,4,0,17:00-17:30,50,0,1,16
12,2025-01-12,4,0,17:00-17:30,50,0,1,17
12,2025-01-12,4,0,17:00-17:30,50,1,0,18
12,2025-01-12,4,0,17:00-17:30,50,1,0,19
12,2025-01-12,4,0,17:00-17:30,50,1,0,20
12,2025-01-12,4,0,17:00-17:30,50,1,0,21
12,2025-01-12,4,0,17:00-17:30,50,0,1,22
12,2025-01-12,4,0,17:00-17:30,50,1,0,23
12,2025-01-12,4,0,17:00-17:30,50,1,0,24
12,2025-01-12,4,0,17:00-17:30,50,0,1,25
12,2025-01-12,4,0,17:00-17:30,50,1,0,26
12,2025-01-12,4,0,17:00-17:30,50,1,0,27
12,2025-01-12,4,0,17:00-17:30,50,1,0,28
12,2025-01-12,4,0,17:00-17:30,50,1,0,29
12,2025-01-12,4,0,17:00-17:30,50,1,0,30
12,2025-01-12,4,0,17:00-17:30,50,1,0,31
12,2025-01-12,4,0,17:00-17:30,50,1,0,32
12,2025-01-12,4,0,17:00-17:30,50,1,0,33
12,2025-01-12,4,0,17:00-17:30,50,1,0,34
12,2025-01-12,4,0,17:00-17:30,50,0,1,35
12,2025-01-12,4,0,17:00-17:30,50,1,0,36
12,2025-01-12,4,0,17:00-17:30,50,0,1,37
12,2025-01-12,4,0,17:00-17:30,50,0,1,38
12,2025-01-12,4,0,17:00-17:30,50,0,1,39
12,2025-01-12,4,0,17:00-17:30,50,1,0,40
12,2025-01-12,4,0,17:00-17:30,50,0,1,41
12,2025-01-12,4,0,17:00-17:30,50,0,1,42
12,2025-01-12,4,0,17:00-17:30,50,1,0,43
12,2025-01-12,4,0,17:00-17:30,50,0,1,44
12,2025-01-12,4,0,17:00-17:30,50,1,0,45
12,2025-01-12,4,0,17:00-17:30,50,1,0,46
12,2025-01-12,4,0,17:00-17:30,50,0,1,47
12,2025-01-12,4,0,17:00-17:30,50,1,0,48
12,2025-01-12,4,0,17:00-17:30,50,1,0,49
12,2025-01-12,4,0,17:00-17:30,50,1,0,50
12,2025-01-12,4,0,17:30-18:00,50,1,0,1
12,2025-01-12,4,0,17:30-18:00,50,1,0,2
12,2025-01-12,4,0,17:30-18:00,50,1,0,3
12,2025-01-12,4,0,17:30-18:00,50,0,1,4
12,2025-01-12,4,0,17:30-18:00,50,1,0,5
12,2025-01-12,4,0,17:30-18:00,50,0,1,6
12,2025-01-12,4,0,17:30-18:00,50,1,0,7
12,2025-01-12,4,0,17:30-18:00,50,0,1,8
12,2025-01-12,4,0,17:30-18:00,50,0,1,9
12,2025-01-12,4,0,17:30-18:00,50,1,0,10
12,2025-01-12,4,0,17:30-18:00,50,1,0,11
12,2025-01-12,4,0,17:30-18:00,50,1,0,12
12,2025-01-12,4,0,17:30-18:00,50,0,1,13
12,2025-01-12,4,0,17:30-18:00,50,1,0,14
12,2025-01-12,4,0,17:30-18:00,50,0,1,15
12,2025-01-12,4,0,17:30-18:00,50,1,0,16
12,2025-01-12,4,0,17:30-18:00,50,0,1,17
12,2025-01-12,4,0,17:30-18:00,50,0,1,18
12,2025-01-12,4,0,17:30-18:00,50,1,0,19
12,2025-01-12,4,0,17:30-18:00,50,1,0,20
12,2025-01-12,4,0,17:30-18:00,50,0,1,21
12,2025-01-12,4,0,17:30-18:00,50,0,1,22
12,2025-01-12,4,0,17:30-18:00,50,0,1,23
12,2025-01-12,4,0,17:30-18:00,50,1,0,24
12,2025-01-12,4,0,17:30-18:00,50,0,1,25
12,2025-01-12,4,0,17:30-18:00,50,1,0,26
12,2025-01-12,4,0,17:30-18:00,50,0,1,27
12,2025-01-12,4,0,17:30-18:00,50,1,0,28
12,2025-01-12,4,0,17:30-18:00,50,0,1,29
12,2025-01-12,4,0,17:30-18:00,50,0,1,30
12,2025-01-12,4,0,17:30-18:00,50,0,1,31
12,2025-01-12,4,0,17:30-18:00,50,1,0,32
12,2025-01-12,4,0,17:30-18:00,50,0,1,33
12,2025-01-12,4,0,17:30-18:00,50,1,0,34
12,2025-01-12,4,0,17:30-18:00,50,1,0,35
12,2025-01-12,4,0,17:30-18:00,50,0,1,36
12,2025-01-12,4,0,17:30-18:00,50,0,1,37
12,2025-01-12,4,0,17:30-18:00,50,0,1,38
12,2025-01-12,4,0,17:30-18:00,50,1,0,39
12,2025-01-12,4,0,17:30-18:00,50,0,1,40
12,2025-01-12,4,0,17:30-18:00,50,0,1,41
12,2025-01-12,4,0,17:30-18:00,50,0,1,42
12,2025-01-12,4,0,17:30-18:00,50,1,0,43
12,2025-01-12,4,0,17:30-18:00,50,1,0,44
12,2025-01-12,4,0,17:30-18:00,50,0,1,45
12,2025-01-12,4,0,17:30-18:00,50,1,0,46
12,2025-01-12,4,0,17:30-18:00,50,0,1,47
12,2025-01-12,4,0,17:30-18:00,50,1,0,48
12,2025-01-12,4,0,17:30-18:00,50,0,1,49
12,2025-01-12,4,0,17:30-18:00,50,1,0,50
12,2025-01-12,4,0,18:00-18:30,50,0,1,1
12,2025-01-12,4,0,18:00-18:30,50,0,1,2
12,2025-01-12,4,0,18:00-18:30,50,0,1,3
12,2025-01-12,4,0,18:00-18:30,50,0,1,4
12,2025-01-12,4,0,18:00-18:30,50,0,1,5
12,2025-01-12,4,0,18:00-18:30,50,1,0,6
12,2025-01-12,4,0,18:00-18:30,50,1,0,7
12,2025-01-12,4,0,18:00-18:30,50,0,1,8
12,2025-01-12,4,0,18:00-18:30,50,0,1,9
12,2025-01-12,4,0,18:00-18:30,50,0,1,10
12,2025-01-12,4,0,18:00-18:30,50,1,0,11
12,2025-01-12,4,0,18:00-18:30,50,1,0,12
12,2025-01-12,4,0,18:00-18:30,50,0,1,13
12,2025-01-12,4,0,18:00-18:30,50,0,1,14
12,2025-01-12,4,0,18:00-18:30,50,0,1,15
12,2025-01-12,4,0,18:00-18:30,50,0,1,16
12,2025-01-12,4,0,18:00-18:30,50,1,0,17
12,2025-01-12,4,0,18:00-18:30,50,0,1,18
12,2025-01-12,4,0,18:00-18:30,50,0,1,19
12,2025-01-12,4,0,18:00-18:30,50,0,1,20
12,2025-01-12,4,0,18:00-18:30,50,0,1,21
12,2025-01-12,4,0,18:00-18:30,50,0,1,22
12,2025-01-12,4,0,18:00-18:30,50,0,1,23
12,2025-01-12,4,0,18:00-18:30,50,1,0,24
12,2025-01-12,4,0,18:00-18:30,50,0,1,25
12,2025-01-12,4,0,18:00-18:30,50,0,1,26
12,2025-01-12,4,0,18:00-18:30,50,0,1,27
12,2025-01-12,4,0,18:00-18:30,50,0,1,28
12,2025-01-12,4,0,18:00-18:30,50,1,0,29
12,2025-01-12,4,0,18:00-18:30,50,1,0,30
12,2025-01-12,4,0,18:00-18:30,50,1,0,31
12,2025-01-12,4,0,18:00-18:30,50,1,0,32
12,2025-01-12,4,0,18:00-18:30,50,0,1,33
12,2025-01-12,4,0,18:00-18:30,50,1,0,34
12,2025-01-12,4,0,18:00-18:30,50,0,1,35
12,2025-01-12,4,0,18:00-18:30,50,0,1,36
12,2025-01-12,4,0,18:00-18:30,50,0,1,37
12,2025-01-12,4,0,18:00-18:30,50,0,1,38
12,2025-01-12,4,0,18:00-18:30,50,0,1,39
12,2025-01-12,4,0,18:00-18:30,50,0,1,40
12,2025-01-12,4,0,18:00-18:30,50,0,1,41
12,2025-01-12,4,0,18:00-18:30,50,0,1,42
12,2025-01-12,4,0,18:00-18:30,50,0,1,43
12,2025-01-12,4,0,18:00-18:30,50,0,1,44
12,2025-01-12,4,0,18:00-18:30,50,0,1,45
12,2025-01-12,4,0,18:00-18:30,50,1,0,46
12,2025-01-12,4,0,18:00-18:30,50,1,0,47
12,2025-01-12,4,0,18:00-18:30,50,1,0,48
12,2025-01-12,4,0,18:00-18:30,50,1,0,49
12,2025-01-12,4,0,18:00-18:30,50,1,0,50
12,2025-01-12,4,0,18:30-19:00,50,0,1,1
12,2025-01-12,4,0,18:30-19:00,50,0,1,2
12,2025-01-12,4,0,18:30-19:00,50,1,0,3
12,2025-01-12,4,0,18:30-19:00,50,0,1,4
12,2025-01-12,4,0,18:30-19:00,50,0,1,5
12,2025-01-12,4,0,18:30-19:00,50,1,0,6
12,2025-01-12,4,0,18:30-19:00,50,1,0,7
12,2025-01-12,4,0,18:30-19:00,50,0,1,8
12,2025-01-12,4,0,18:30-19:00,50,0,1,9
12,2025-01-12,4,0,18:30-19:00,50,0,1,10
12,2025-01-12,4,0,18:30-19:00,50,0,1,11
12,2025-01-12,4,0,18:30-19:00,50,0,1,12
12,2025-01-12,4,0,18:30-19:00,50,0,1,13
12,2025-01-12,4,0,18:30-19:00,50,1,0,14
12,2025-01-12,4,0,18:30-19:00,50,0,1,15
12,2025-01-12,4,0,18:30-19:00,50,0,1,16
12,2025-01-12,4,0,18:30-19:00,50,0,1,17
12,2025-01-12,4,0,18:30-19:00,50,1,0,18
12,2025-01-12,4,0,18:30-19:00,50,0,1,19
12,2025-01-12,4,0,18:30-19:00,50,0,1,20
12,2025-01-12,4,0,18:30-19:00,50,0,1,21
12,2025-01-12,4,0,18:30-19:00,50,0,1,22
12,2025-01-12,4,0,18:30-19:00,50,0,1,23
12,2025-01-12,4,0,18:30-19:00,50,0,1,24
12,2025-01-12,4,0,18:30-19:00,50,0,1,25
12,2025-01-12,4,0,18:30-19:00,50,0,1,26
12,2025-01-12,4,0,18:30-19:00,50,1,0,27
12,2025-01-12,4,0,18:30-19:00,50,0,1,28
12,2025-01-12,4,0,18:30-19:00,50,0,1,29
12,2025-01-12,4,0,18:30-19:00,50,0,1,30
12,2025-01-12,4,0,18:30-19:00,50,0,1,31
12,2025-01-12,4,0,18:30-19:00,50,1,0,32
12,2025-01-12,4,0,18:30-19:00,50,1,0,33
12,2025-01-12,4,0,18:30-19:00,50,0,1,34
12,2025-01-12,4,0,18:30-19:00,50,1,0,35
12,2025-01-12,4,0,18:30-19:00,50,0,1,36
12,2025-01-12,4,0,18:30-19:00,50,0,1,37
12,2025-01-12,4,0,18:30-19:00,50,0,1,38
12,2025-01-12,4,0,18:30-19:00,50,0,1,39
12,2025-01-12,4,0,18:30-19:00,50,0,1,40
12,2025-01-12,4,0,18:30-19:00,50,0,1,41
12,2025-01-12,4,0,18:30-19:00,50,0,1,42
12,2025-01-12,4,0,18:30-19:00,50,0,1,43
12,2025-01-12,4,0,18:30-19:00,50,1,0,44
12,2025-01-12,4,0,18:30-19:00,50,1,0,45
12,2025-01-12,4,0,18:30-19:00,50,0,1,46
12,2025-01-12,4,0,18:30-19:00,50,0,1,47
12,2025-01-12,4,0,18:30-19:00,50,0,1,48
12,2025-01-12,4,0,18:30-19:00,50,0,1,49
12,2025-01-12,4,0,18:30-19:00,50,0,1,50
13,2025-01-13,5,1,07:00-07:30,50,0,1,1
13,2025-01-13,5,1,07:00-07:30,50,0,1,2
13,2025-01-13,5,1,07:00-07:30,50,1,0,3
13,2025-01-13,5,1,07:00-07:30,50,0,1,4
13,2025-01-13,5,1,07:00-07:30,50,1,0,5
13,2025-01-13,5,1,07:00-07:30,50,0,1,6
13,2025-01-13,5,1,07:00-07:30,50,0,1,7
13,2025-01-13,5,1,07:00-07:30,50,0,1,8
13,2025-01-13,5,1,07:00-07:30,50,0,1,9
13,2025-01-13,5,1,07:00-07:30,50,0,1,10
13,2025-01-13,5,1,07:00-07:30,50,1,0,11
13,2025-01-13,5,1,07:00-07:30,50,1,0,12
13,2025-01-13,5,1,07:00-07:30,50,0,1,13
13,2025-01-13,5,1,07:00-07:30,50,0,1,14
13,2025-01-13,5,1,07:00-07:30,50,0,1,15
13,2025-01-13,5,1,07:00-07:30,50,0,1,16
13,2025-01-13,5,1,07:00-07:30,50,1,0,17
13,2025-01-13,5,1,07:00-07:30,50,1,0,18
13,2025-01-13,5,1,07:00-07:30,50,1,0,19
13,2025-01-13,5,1,07:00-07:30,50,0,1,20
13,2025-01-13,5,1,07:00-07:30,50,0,1,21
13,2025-01-13,5,1,07:00-07:30,50,0,1,22
13,2025-01-13,5,1,07:00-07:30,50,0,1,23
13,2025-01-13,5,1,07:00-07:30,50,0,1,24
13,2025-01-13,5,1,07:00-07:30,50,1,0,25
13,2025-01-13,5,1,07:00-07:30,50,0,1,26
13,2025-01-13,5,1,07:00-07:30,50,1,0,27
13,2025-01-13,5,1,07:00-07:30,50,0,1,28
13,2025-01-13,5,1,07:00-07:30,50,1,0,29
13,2025-01-13,5,1,07:00-07:30,50,0,1,30
13,2025-01-13,5,1,07:00-07:30,50,1,0,31
13,2025-01-13,5,1,07:00-07:30,50,1,0,32
13,2025-01-13,5,1,07:00-07:30,50,1,0,33
13,2025-01-13,5,1,07:00-07:30,50,1,0,34
13,2025-01-13,5,1,07:00-07:30,50,0,1,35
13,2025-01-13,5,1,07:00-07:30,50,1,0,36
13,2025-01-13,5,1,07:00-07:30,50,1,0,37
13,2025-01-13,5,1,07:00-07:30,50,1,0,38
13,2025-01-13,5,1,07:00-07:30,50,0,1,39
13,2025-01-13,5,1,07:00-07:30,50,0,1,40
13,2025-01-13,5,1,07:00-07:30,50,0,1,41
13,2025-01-13,5,1,07:00-07:30,50,0,1,42
13,2025-01-13,5,1,07:00-07:30,50,1,0,43
13,2025-01-13,5,1,07:00-07:30,50,0,1,44
13,2025-01-13,5,1,07:00-07:30,50,0,1,45
13,2025-01-13,5,1,07:00-07:30,50,1,0,46
13,2025-01-13,5,1,07:00-07:30,50,0,1,47
13,2025-01-13,5,1,07:00-07:30,50,0,1,48
13,2025-01-13,5,1,07:00-07:30,50,1,0,49
13,2025-01-13,5,1,07:00-07:30,50,0,1,50
13,2025-01-13,5,1,07:30-08:00,50,0,1,1
13,2025-01-13,5,1,07:30-08:00,50,0,1,2
13,2025-01-13,5,1,07:30-08:00,50,0,1,3
13,2025-01-13,5,1,07:30-08:00,50,0,1,4
13,2025-01-13,5,1,07:30-08:00,50,0,1,5
13,2025-01-13,5,1,07:30-08:00,50,0,1,6
13,2025-01-13,5,1,07:30-08:00,50,0,1,7
13,2025-01-13,5,1,07:30-08:00,50,1,0,8
13,2025-01-13,5,1,07:30-08:00,50,0,1,9
13,2025-01-13,5,1,07:30-08:00,50,0,1,10
13,2025-01-13,5,1,07:30-08:00,50,0,1,11
13,2025-01-13,5,1,07:30-08:00,50,0,1,12
13,2025-01-13,5,1,07:30-08:00,50,0,1,13
13,2025-01-13,5,1,07:30-08:00,50,0,1,14
13,2025-01-13,5,1,07:30-08:00,50,0,1,15
13,2025-01-13,5,1,07:30-08:00,50,0,1,16
13,2025-01-13,5,1,07:30-08:00,50,0,1,17
13,2025-01-13,5,1,07:30-08:00,50,1,0,18
13,2025-01-13,5,1,07:30-08:00,50,1,0,19
13,2025-01-13,5,1,07:30-08:00,50,0,1,20
13,2025-01-13,5,1,07:30-08:00,50,0,1,21
13,2025-01-13,5,1,07:30-08:00,50,0,1,22
13,2025-01-13,5,1,07:30-08:00,50,1,0,23
13,2025-01-13,5,1,07:30-08:00,50,0,1,24
13,2025-01-13,5,1,07:30-08:00,50,1,0,25
13,2025-01-13,5,1,07:30-08:00,50,0,1,26
13,2025-01-13,5,1,07:30-08:00,50,1,0,27
13,2025-01-13,5,1,07:30-08:00,50,1,0,28
13,2025-01-13,5,1,07:30-08:00,50,0,1,29
13,2025-01-13,5,1,07:30-08:00,50,1,0,30
13,2025-01-13,5,1,07:30-08:00,50,1,0,31
13,2025-01-13,5,1,07:30-08:00,50,0,1,32
13,2025-01-13,5,1,07:30-08:00,50,1,0,33
13,2025-01-13,5,1,07:30-08:00,50,1,0,34
13,2025-01-13,5,1,07:30-08:00,50,1,0,35
13,2025-01-13,5,1,07:30-08:00,50,0,1,36
13,2025-01-13,5,1,07:30-08:00,50,0,1,37
13,2025-01-13,5,1,07:30-08:00,50,0,1,38
13,2025-01-13,5,1,07:30-08:00,50,0,1,39
13,2025-01-13,5,1,07:30-08:00,50,1,0,40
13,2025-01-13,5,1,07:30-08:00,50,1,0,41
13,2025-01-13,5,1,07:30-08:00,50,0,1,42
13,2025-01-13,5,1,07:30-08:00,50,0,1,43
13,2025-01-13,5,1,07:30-08:00,50,0,1,44
13,2025-01-13,5,1,07:30-08:00,50,0,1,45
13,2025-01-13,5,1,07:30-08:00,50,0,1,46
13,2025-01-13,5,1,07:30-08:00,50,0,1,47
13,2025-01-13,5,1,07:30-08:00,50,0,1,48
13,2025-01-13,5,1,07:30-08:00,50,0,1,49
13,2025-01-13,5,1,07:30-08:00,50,0,1,50
13,2025-01-13,5,1,08:00-08:30,50,0,1,1
13,2025-01-13,5,1,08:00-08:30,50,0,1,2
13,2025-01-13,5,1,08:00-08:30,50,0,1,3
13,2025-01-13,5,1,08:00-08:30,50,1,0,4
13,2025-01-13,5,1,08:00-08:30,50,0,1,5
13,2025-01-13,5,1,08:00-08:30,50,0,1,6
13,2025-01-13,5,1,08:00-08:30,50,1,0,7
13,2025-01-13,5,1,08:00-08:30,50,0,1,8
13,2025-01-13,5,1,08:00-08:30,50,1,0,9
13,2025-01-13,5,1,08:00-08:30,50,1,0,10
13,2025-01-13,5,1,08:00-08:30,50,0,1,11
13,2025-01-13,5,1,08:00-08:30,50,0,1,12
13,2025-01-13,5,1,08:00-08:30,50,1,0,13
13,2025-01-13,5,1,08:00-08:30,50,0,1,14
13,2025-01-13,5,1,08:00-08:30,50,0,1,15
13,2025-01-13,5,1,08:00-08:30,50,0,1,16
13,2025-01-13,5,1,08:00-08:30,50,1,0,17
13,2025-01-13,5,1,08:00-08:30,50,0,1,18
13,2025-01-13,5,1,08:00-08:30,50,0,1,19
13,2025-01-13,5,1,08:00-08:30,50,0,1,20
13,2025-01-13,5,1,08:00-08:30,50,1,0,21
13,2025-01-13,5,1,08:00-08:30,50,0,1,22
13,2025-01-13,5,1,08:00-08:30,50,0,1,23
13,2025-01-13,5,1,08:00-08:30,50,0,1,24
13,2025-01-13,5,1,08:00-08:30,50,0,1,25
13,2025-01-13,5,1,08:00-08:30,50,1,0,26
13,2025-01-13,5,1,08:00-08:30,50,0,1,27
13,2025-01-13,5,1,08:00-08:30,50,0,1,28
13,2025-01-13,5,1,08:00-08:30,50,1,0,29
13,2025-01-13,5,1,08:00-08:30,50,0,1,30
13,2025-01-13,5,1,08:00-08:30,50,0,1,31
13,2025-01-13,5,1,08:00-08:30,50,0,1,32
13,2025-01-13,5,1,08:00-08:30,50,1,0,33
13,2025-01-13,5,1,08:00-08:30,50,0,1,34
13,2025-01-13,5,1,08:00-08:30,50,0,1,35
13,2025-01-13,5,1,08:00-08:30,50,0,1,36
13,2025-01-13,5,1,08:00-08:30,50,0,1,37
13,2025-01-13,5,1,08:00-08:30,50,1,0,38
13,2025-01-13,5,1,08:00-08:30,50,0,1,39
13,2025-01-13,5,1,08:00-08:30,50,0,1,40
13,2025-01-13,5,1,08:00-08:30,50,0,1,41
13,2025-01-13,5,1,08:00-08:30,50,0,1,42
13,2025-01-13,5,1,08:00-08:30,50,0,1,43
13,2025-01-13,5,1,08:00-08:30,50,0,1,44
13,2025-01-13,5,1,08:00-08:30,50,0,1,45
13,2025-01-13,5,1,08:00-08:30,50,0,1,46
13,2025-01-13,5,1,08:00-08:30,50,0,1,47
13,2025-01-13,5,1,08:00-08:30,50,1,0,48
13,2025-01-13,5,1,08:00-08:30,50,1,0,49
13,2025-01-13,5,1,08:00-08:30,50,0,1,50
13,2025-01-13,5,1,08:30-09:00,50,1,0,1
13,2025-01-13,5,1,08:30-09:00,50,0,1,2
13,2025-01-13,5,1,08:30-09:00,50,0,1,3
13,2025-01-13,5,1,08:30-09:00,50,0,1,4
13,2025-01-13,5,1,08:30-09:00,50,0,1,5
13,2025-01-13,5,1,08:30-09:00,50,0,1,6
13,2025-01-13,5,1,08:30-09:00,50,0,1,7
13,2025-01-13,5,1,08:30-09:00,50,0,1,8
13,2025-01-13,5,1,08:30-09:00,50,0,1,9
13,2025-01-13,5,1,08:30-09:00,50,0,1,10
13,2025-01-13,5,1,08:30-09:00,50,1,0,11
13,2025-01-13,5,1,08:30-09:00,50,0,1,12
13,2025-01-13,5,1,08:30-09:00,50,0,1,13
13,2025-01-13,5,1,08:30-09:00,50,0,1,14
13,2025-01-13,5,1,08:30-09:00,50,1,0,15
13,2025-01-13,5,1,08:30-09:00,50,1,0,16
13,2025-01-13,5,1,08:30-09:00,50,0,1,17
13,2025-01-13,5,1,08:30-09:00,50,0,1,18
13,2025-01-13,5,1,08:30-09:00,50,0,1,19
13,2025-01-13,5,1,08:30-09:00,50,0,1,20
13,2025-01-13,5,1,08:30-09:00,50,0,1,21
13,2025-01-13,5,1,08:30-09:00,50,1,0,22
13,2025-01-13,5,1,08:30-09:00,50,0,1,23
13,2025-01-13,5,1,08:30-09:00,50,1,0,24
13,2025-01-13,5,1,08:30-09:00,50,0,1,25
13,2025-01-13,5,1,08:30-09:00,50,0,1,26
13,2025-01-13,5,1,08:30-09:00,50,0,1,27
13,2025-01-13,5,1,08:30-09:00,50,0,1,28
13,2025-01-13,5,1,08:30-09:00,50,0,1,29
13,2025-01-13,5,1,08:30-09:00,50,1,0,30
13,2025-01-13,5,1,08:30-09:00,50,0,1,31
13,2025-01-13,5,1,08:30-09:00,50,0,1,32
13,2025-01-13,5,1,08:30-09:00,50,0,1,33
13,2025-01-13,5,1,08:30-09:00,50,1,0,34
13,2025-01-13,5,1,08:30-09:00,50,0,1,35
13,2025-01-13,5,1,08:30-09:00,50,1,0,36
13,2025-01-13,5,1,08:30-09:00,50,0,1,37
13,2025-01-13,5,1,08:30-09:00,50,1,0,38
13,2025-01-13,5,1,08:30-09:00,50,0,1,39
13,2025-01-13,5,1,08:30-09:00,50,0,1,40
13,2025-01-13,5,1,08:30-09:00,50,0,1,41
13,2025-01-13,5,1,08:30-09:00,50,0,1,42
13,2025-01-13,5,1,08:30-09:00,50,0,1,43
13,2025-01-13,5,1,08:30-09:00,50,0,1,44
13,2025-01-13,5,1,08:30-09:00,50,1,0,45
13,2025-01-13,5,1,08:30-09:00,50,1,0,46
13,2025-01-13,5,1,08:30-09:00,50,0,1,47
13,2025-01-13,5,1,08:30-09:00,50,1,0,48
13,2025-01-13,5,1,08:30-09:00,50,0,1,49
13,2025-01-13,5,1,08:30-09:00,50,0,1,50
13,2025-01-13,5,1,09:00-09:30,50,0,1,1
13,2025-01-13,5,1,09:00-09:30,50,0,1,2
13,2025-01-13,5,1,09:00-09:30,50,0,1,3
13,2025-01-13,5,1,09:00-09:30,50,0,1,4
13,2025-01-13,5,1,09:00-09:30,50,0,1,5
13,2025-01-13,5,1,09:00-09:30,50,0,1,6
13,2025-01-13,5,1,09:00-09:30,50,0,1,7
13,2025-01-13,5,1,09:00-09:30,50,0,1,8
13,2025-01-13,5,1,09:00-09:30,50,0,1,9
13,2025-01-13,5,1,09:00-09:30,50,0,1,10
13,2025-01-13,5,1,09:00-09:30,50,0,1,11
13,2025-01-13,5,1,09:00-09:30,50,0,1,12
13,2025-01-13,5,1,09:00-09:30,50,0,1,13
13,2025-01-13,5,1,09:00-09:30,50,0,1,14
13,2025-01-13,5,1,09:00-09:30,50,0,1,15
13,2025-01-13,5,1,09:00-09:30,50,0,1,16
13,2025-01-13,5,1,09:00-09:30,50,0,1,17
13,2025-01-13,5,1,09:00-09:30,50,0,1,18
13,2025-01-13,5,1,09:00-09:30,50,0,1,19
13,2025-01-13,5,1,09:00-09:30,50,0,1,20
13,2025-01-13,5,1,09:00-09:30,50,1,0,21
13,2025-01-13,5,1,09:00-09:30,50,0,1,22
13,2025-01-13,5,1,09:00-09:30,50,1,0,23
13,2025-01-13,5,1,09:00-09:30,50,0,1,24
13,2025-01-13,5,1,09:00-09:30,50,0,1,25
13,2025-01-13,5,1,09:00-09:30,50,0,1,26
13,2025-01-13,5,1,09:00-09:30,50,0,1,27
13,2025-01-13,5,1,09:00-09:30,50,0,1,28
13,2025-01-13,5,1,09:00-09:30,50,0,1,29
13,2025-01-13,5,1,09:00-09:30,50,0,1,30
13,2025-01-13,5,1,09:00-09:30,50,0,1,31
13,2025-01-13,5,1,09:00-09:30,50,1,0,32
13,2025-01-13,5,1,09:00-09:30,50,0,1,33
13,2025-01-13,5,1,09:00-09:30,50,0,1,34
13,2025-01-13,5,1,09:00-09:30,50,0,1,35
13,2025-01-13,5,1,09:00-09:30,50,1,0,36
13,2025-01-13,5,1,09:00-09:30,50,1,0,37
13,2025-01-13,5,1,09:00-09:30,50,0,1,38
13,2025-01-13,5,1,09:00-09:30,50,0,1,39
13,2025-01-13,5,1,09:00-09:30,50,1,0,40
13,2025-01-13,5,1,09:00-09:30,50,1,0,41
13,2025-01-13,5,1,09:00-09:30,50,0,1,42
13,2025-01-13,5,1,09:00-09:30,50,0,1,43
13,2025-01-13,5,1,09:00-09:30,50,0,1,44
13,2025-01-13,5,1,09:00-09:30,50,0,1,45
13,2025-01-13,5,1,09:00-09:30,50,0,1,46
13,2025-01-13,5,1,09:00-09:30,50,0,1,47
13,2025-01-13,5,1,09:00-09:30,50,0,1,48
13,2025-01-13,5,1,09:00-09:30,50,0,1,49
13,2025-01-13,5,1,09:00-09:30,50,0,1,50
13,2025-01-13,5,1,09:30-10:00,50,0,1,1
13,2025-01-13,5,1,09:30-10:00,50,0,1,2
13,2025-01-13,5,1,09:30-10:00,50,0,1,3
13,2025-01-13,5,1,09:30-10:00,50,0,1,4
13,2025-01-13,5,1,09:30-10:00,50,0,1,5
13,2025-01-13,5,1,09:30-10:00,50,0,1,6
13,2025-01-13,5,1,09:30-10:00,50,0,1,7
13,2025-01-13,5,1,09:30-10:00,50,0,1,8
13,2025-01-13,5,1,09:30-10:00,50,1,0,9
13,2025-01-13,5,1,09:30-10:00,50,0,1,10
13,2025-01-13,5,1,09:30-10:00,50,1,0,11
13,2025-01-13,5,1,09:30-10:00,50,0,1,12
13,2025-01-13,5,1,09:30-10:00,50,0,1,13
13,2025-01-13,5,1,09:30-10:00,50,0,1,14
13,2025-01-13,5,1,09:30-10:00,50,0,1,15
13,2025-01-13,5,1,09:30-10:00,50,0,1,16
13,2025-01-13,5,1,09:30-10:00,50,0,1,17
13,2025-01-13,5,1,09:30-10:00,50,0,1,18
13,2025-01-13,5,1,09:30-10:00,50,1,0,19
13,2025-01-13,5,1,09:30-10:00,50,0,1,20
13,2025-01-13,5,1,09:30-10:00,50,1,0,21
13,2025-01-13,5,1,09:30-10:00,50,0,1,22
13,2025-01-13,5,1,09:30-10:00,50,0,1,23
13,2025-01-13,5,1,09:30-10:00,50,0,1,24
13,2025-01-13,5,1,09:30-10:00,50,0,1,25
13,2025-01-13,5,1,09:30-10:00,50,1,0,26
13,2025-01-13,5,1,09:30-10:00,50,0,1,27
13,2025-01-13,5,1,09:30-10:00,50,0,1,28
13,2025-01-13,5,1,09:30-10:00,50,0,1,29
13,2025-01-13,5,1,09:30-10:00,50,0,1,30
13,2025-01-13,5,1,09:30-10:00,50,0,1,31
13,2025-01-13,5,1,09:30-10:00,50,0,1,32
13,2025-01-13,5,1,09:30-10:00,50,1,0,33
13,2025-01-13,5,1,09:30-10:00,50,0,1,34
13,2025-01-13,5,1,09:30-10:00,50,0,1,35
13,2025-01-13,5,1,09:30-10:00,50,1,0,36
13,2025-01-13,5,1,09:30-10:00,50,0,1,37
13,2025-01-13,5,1,09:30-10:00,50,0,1,38
13,2025-01-13,5,1,09:30-10:00,50,0,1,39
13,2025-01-13,5,1,09:30-10:00,50,1,0,40
13,2025-01-13,5,1,09:30-10:00,50,0,1,41
13,2025-01-13,5,1,09:30-10:00,50,0,1,42
13,2025-01-13,5,1,09:30-10:00,50,0,1,43
13,2025-01-13,5,1,09:30-10:00,50,1,0,44
13,2025-01-13,5,1,09:30-10:00,50,0,1,45
13,2025-01-13,5,1,09:30-10:00,50,0,1,46
13,2025-01-13,5,1,09:30-10:00,50,0,1,47
13,2025-01-13,5,1,09:30-10:00,50,0,1,48
13,2025-01-13,5,1,09:30-10:00,50,0,1,49
13,2025-01-13,5,1,09:30-10:00,50,0,1,50
13,2025-01-13,5,1,16:00-16:30,50,0,1,1
13,2025-01-13,5,1,16:00-16:30,50,1,0,2
13,2025-01-13,5,1,16:00-16:30,50,0,1,3
13,2025-01-13,5,1,16:00-16:30,50,0,1,4
13,2025-01-13,5,1,16:00-16:30,50,1,0,5
13,2025-01-13,5,1,16:00-16:30,50,0,1,6
13,2025-01-13,5,1,16:00-16:30,50,1,0,7
13,2025-01-13,5,1,16:00-16:30,50,0,1,8
13,2025-01-13,5,1,16:00-16:30,50,0,1,9
13,2025-01-13,5,1,16:00-16:30,50,0,1,10
13,2025-01-13,5,1,16:00-16:30,50,0,1,11
13,2025-01-13,5,1,16:00-16:30,50,0,1,12
13,2025-01-13,5,1,16:00-16:30,50,0,1,13
13,2025-01-13,5,1,16:00-16:30,50,1,0,14
13,2025-01-13,5,1,16:00-16:30,50,0,1,15
13,2025-01-13,5,1,16:00-16:30,50,0,1,16
13,2025-01-13,5,1,16:00-16:30,50,0,1,17
13,2025-01-13,5,1,16:00-16:30,50,0,1,18
13,2025-01-13,5,1,16:00-16:30,50,0,1,19
13,2025-01-13,5,1,16:00-16:30,50,0,1,20
13,2025-01-13,5,1,16:00-16:30,50,0,1,21
13,2025-01-13,5,1,16:00-16:30,50,0,1,22
13,2025-01-13,5,1,16:00-16:30,50,0,1,23
13,2025-01-13,5,1,16:00-16:30,50,0,1,24
13,2025-01-13,5,1,16:00-16:30,50,0,1,25
13,2025-01-13,5,1,16:00-16:30,50,0,1,26
13,2025-01-13,5,1,16:00-16:30,50,0,1,27
13,2025-01-13,5,1,16:00-16:30,50,1,0,28
13,2025-01-13,5,1,16:00-16:30,50,0,1,29
13,2025-01-13,5,1,16:00-16:30,50,0,1,30
13,2025-01-13,5,1,16:00-16:30,50,0,1,31
13,2025-01-13,5,1,16:00-16:30,50,0,1,32
13,2025-01-13,5,1,16:00-16:30,50,0,1,33
13,2025-01-13,5,1,16:00-16:30,50,0,1,34
13,2025-01-13,5,1,16:00-16:30,50,0,1,35
13,2025-01-13,5,1,16:00-16:30,50,0,1,36
13,2025-01-13,5,1,16:00-16:30,50,1,0,37
13,2025-01-13,5,1,16:00-16:30,50,0,1,38
13,2025-01-13,5,1,16:00-16:30,50,0,1,39
13,2025-01-13,5,1,16:00-16:30,50,1,0,40
13,2025-01-13,5,1,16:00-16:30,50,1,0,41
13,2025-01-13,5,1,16:00-16:30,50,1,0,42
13,2025-01-13,5,1,16:00-16:30,50,0,1,43
13,2025-01-13,5,1,16:00-16:30,50,0,1,44
13,2025-01-13,5,1,16:00-16:30,50,1,0,45
13,2025-01-13,5,1,16:00-16:30,50,0,1,46
13,2025-01-13,5,1,16:00-16:30,50,0,1,47
13,2025-01-13,5,1,16:00-16:30,50,0,1,48
13,2025-01-13,5,1,16:00-16:30,50,1,0,49
13,2025-01-13,5,1,16:00-16:30,50,0,1,50
13,2025-01-13,5,1,16:30-17:00,50,0,1,1
13,2025-01-13,5,1,16:30-17:00,50,1,0,2
13,2025-01-13,5,1,16:30-17:00,50,0,1,3
13,2025-01-13,5,1,16:30-17:00,50,0,1,4
13,2025-01-13,5,1,16:30-17:00,50,1,0,5
13,2025-01-13,5,1,16:30-17:00,50,0,1,6
13,2025-01-13,5,1,16:30-17:00,50,0,1,7
13,2025-01-13,5,1,16:30-17:00,50,1,0,8
13,2025-01-13,5,1,16:30-17:00,50,1,0,9
13,2025-01-13,5,1,16:30-17:00,50,0,1,10
13,2025-01-13,5,1,16:30-17:00,50,0,1,11
13,2025-01-13,5,1,16:30-17:00,50,1,0,12
13,2025-01-13,5,1,16:30-17:00,50,0,1,13
13,2025-01-13,5,1,16:30-17:00,50,0,1,14
13,2025-01-13,5,1,16:30-17:00,50,0,1,15
13,2025-01-13,5,1,16:30-17:00,50,0,1,16
13,2025-01-13,5,1,16:30-17:00,50,0,1,17
13,2025-01-13,5,1,16:30-17:00,50,0,1,18
13,2025-01-13,5,1,16:30-17:00,50,0,1,19
13,2025-01-13,5,1,16:30-17:00,50,0,1,20
13,2025-01-13,5,1,16:30-17:00,50,0,1,21
13,2025-01-13,5,1,16:30-17:00,50,0,1,22
13,2025-01-13,5,1,16:30-17:00,50,1,0,23
13,2025-01-13,5,1,16:30-17:00,50,0,1,24
13,2025-01-13,5,1,16:30-17:00,50,1,0,25
13,2025-01-13,5,1,16:30-17:00,50,0,1,26
13,2025-01-13,5,1,16:30-17:00,50,0,1,27
13,2025-01-13,5,1,16:30-17:00,50,0,1,28
13,2025-01-13,5,1,16:30-17:00,50,0,1,29
13,2025-01-13,5,1,16:30-17:00,50,0,1,30
13,2025-01-13,5,1,16:30-17:00,50,0,1,31
13,2025-01-13,5,1,16:30-17:00,50,0,1,32
13,2025-01-13,5,1,16:30-17:00,50,0,1,33
13,2025-01-13,5,1,16:30-17:00,50,0,1,34
13,2025-01-13,5,1,16:30-17:00,50,0,1,35
13,2025-01-13,5,1,16:30-17:00,50,1,0,36
13,2025-01-13,5,1,16:30-17:00,50,0,1,37
13,2025-01-13,5,1,16:30-17:00,50,0,1,38
13,2025-01-13,5,1,16:30-17:00,50,0,1,39
13,2025-01-13,5,1,16:30-17:00,50,0,1,40
13,2025-01-13,5,1,16:30-17:00,50,0,1,41
13,2025-01-13,5,1,16:30-17:00,50,0,1,42
13,2025-01-13,5,1,16:30-17:00,50,0,1,43
13,2025-01-13,5,1,16:30-17:00,50,0,1,44
13,2025-01-13,5,1,16:30-17:00,50,0,1,45
13,2025-01-13,5,1,16:30-17:00,50,1,0,46
13,2025-01-13,5,1,16:30-17:00,50,0,1,47
13,2025-01-13,5,1,16:30-17:00,50,0,1,48
13,2025-01-13,5,1,16:30-17:00,50,0,1,49
13,2025-01-13,5,1,16:30-17:00,50,0,1,50
13,2025-01-13,5,1,17:00-17:30,50,0,1,1
13,2025-01-13,5,1,17:00-17:30,50,0,1,2
13,2025-01-13,5,1,17:00-17:30,50,0,1,3
13,2025-01-13,5,1,17:00-17:30,50,0,1,4
13,2025-01-13,5,1,17:00-17:30,50,1,0,5
13,2025-01-13,5,1,17:00-17:30,50,0,1,6
13,2025-01-13,5,1,17:00-17:30,50,0,1,7
13,2025-01-13,5,1,17:00-17:30,50,0,1,8
13,2025-01-13,5,1,17:00-17:30,50,0,1,9
13,2025-01-13,5,1,17:00-17:30,50,0,1,10
13,2025-01-13,5,1,17:00-17:30,50,0,1,11
13,2025-01-13,5,1,17:00-17:30,50,0,1,12
13,2025-01-13,5,1,17:00-17:30,50,0,1,13
13,2025-01-13,5,1,17:00-17:30,50,1,0,14
13,2025-01-13,5,1,17:00-17:30,50,0,1,15
13,2025-01-13,5,1,17:00-17:30,50,0,1,16
13,2025-01-13,5,1,17:00-17:30,50,1,0,17
13,2025-01-13,5,1,17:00-17:30,50,0,1,18
13,2025-01-13,5,1,17:00-17:30,50,0,1,19
13,2025-01-13,5,1,17:00-17:30,50,1,0,20
13,2025-01-13,5,1,17:00-17:30,50,0,1,21
13,2025-01-13,5,1,17:00-17:30,50,1,0,22
13,2025-01-13,5,1,17:00-17:30,50,0,1,23
13,2025-01-13,5,1,17:00-17:30,50,0,1,24
13,2025-01-13,5,1,17:00-17:30,50,1,0,25
13,2025-01-13,5,1,17:00-17:30,50,0,1,26
13,2025-01-13,5,1,17:00-17:30,50,0,1,27
13,2025-01-13,5,1,17:00-17:30,50,0,1,28
13,2025-01-13,5,1,17:00-17:30,50,1,0,29
13,2025-01-13,5,1,17:00-17:30,50,0,1,30
13,2025-01-13,5,1,17:00-17:30,50,0,1,31
13,2025-01-13,5,1,17:00-17:30,50,0,1,32
13,2025-01-13,5,1,17:00-17:30,50,1,0,33
13,2025-01-13,5,1,17:00-17:30,50,0,1,34
13,2025-01-13,5,1,17:00-17:30,50,0,1,35
13,2025-01-13,5,1,17:00-17:30,50,0,1,36
13,2025-01-13,5,1,17:00-17:30,50,0,1,37
13,2025-01-13,5,1,17:00-17:30,50,1,0,38
13,2025-01-13,5,1,17:00-17:30,50,0,1,39
13,2025-01-13,5,1,17:00-17:30,50,0,1,40
13,2025-01-13,5,1,17:00-17:30,50,0,1,41
13,2025-01-13,5,1,17:00-17:30,50,0,1,42
13,2025-01-13,5,1,17:00-17:30,50,0,1,43
13,2025-01-13,5,1,17:00-17:30,50,0,1,44
13,2025-01-13,5,1,17:00-17:30,50,0,1,45
13,2025-01-13,5,1,17:00-17:30,50,0,1,46
13,2025-01-13,5,1,17:00-17:30,50,1,0,47
13,2025-01-13,5,1,17:00-17:30,50,0,1,48
13,2025-01-13,5,1,17:00-17:30,50,0,1,49
13,2025-01-13,5,1,17:00-17:30,50,0,1,50
13,2025-01-13,5,1,17:30-18:00,50,1,0,1
13,2025-01-13,5,1,17:30-18:00,50,0,1,2
13,2025-01-13,5,1,17:30-18:00,50,0,1,3
13,2025-01-13,5,1,17:30-18:00,50,0,1,4
13,2025-01-13,5,1,17:30-18:00,50,0,1,5
13,2025-01-13,5,1,17:30-18:00,50,0,1,6
13,2025-01-13,5,1,17:30-18:00,50,1,0,7
13,2025-01-13,5,1,17:30-18:00,50,0,1,8
13,2025-01-13,5,1,17:30-18:00,50,0,1,9
13,2025-01-13,5,1,17:30-18:00,50,0,1,10
13,2025-01-13,5,1,17:30-18:00,50,0,1,11
13,2025-01-13,5,1,17:30-18:00,50,0,1,12
13,2025-01-13,5,1,17:30-18:00,50,0,1,13
13,2025-01-13,5,1,17:30-18:00,50,1,0,14
13,2025-01-13,5,1,17:30-18:00,50,0,1,15
13,2025-01-13,5,1,17:30-18:00,50,0,1,16
13,2025-01-13,5,1,17:30-18:00,50,0,1,17
13,2025-01-13,5,1,17:30-18:00,50,0,1,18
13,2025-01-13,5,1,17:30-18:00,50,1,0,19
13,2025-01-13,5,1,17:30-18:00,50,0,1,20
13,2025-01-13,5,1,17:30-18:00,50,0,1,21
13,2025-01-13,5,1,17:30-18:00,50,1,0,22
13,2025-01-13,5,1,17:30-18:00,50,0,1,23
13,2025-01-13,5,1,17:30-18:00,50,0,1,24
13,2025-01-13,5,1,17:30-18:00,50,0,1,25
13,2025-01-13,5,1,17:30-18:00,50,0,1,26
13,2025-01-13,5,1,17:30-18:00,50,0,1,27
13,2025-01-13,5,1,17:30-18:00,50,0,1,28
13,2025-01-13,5,1,17:30-18:00,50,0,1,29
13,2025-01-13,5,1,17:30-18:00,50,0,1,30
13,2025-01-13,5,1,17:30-18:00,50,0,1,31
13,2025-01-13,5,1,17:30-18:00,50,0,1,32
13,2025-01-13,5,1,17:30-18:00,50,0,1,33
13,2025-01-13,5,1,17:30-18:00,50,0,1,34
13,2025-01-13,5,1,17:30-18:00,50,0,1,35
13,2025-01-13,5,1,17:30-18:00,50,0,1,36
13,2025-01-13,5,1,17:30-18:00,50,1,0,37
13,2025-01-13,5,1,17:30-18:00,50,0,1,38
13,2025-01-13,5,1,17:30-18:00,50,0,1,39
13,2025-01-13,5,1,17:30-18:00,50,0,1,40
13,2025-01-13,5,1,17:30-18:00,50,0,1,41
13,2025-01-13,5,1,17:30-18:00,50,0,1,42
13,2025-01-13,5,1,17:30-18:00,50,0,1,43
13,2025-01-13,5,1,17:30-18:00,50,0,1,44
13,2025-01-13,5,1,17:30-18:00,50,1,0,45
13,2025-01-13,5,1,17:30-18:00,50,0,1,46
13,2025-01-13,5,1,17:30-18:00,50,1,0,47
13,2025-01-13,5,1,17:30-18:00,50,0,1,48
13,2025-01-13,5,1,17:30-18:00,50,0,1,49
13,2025-01-13,5,1,17:30-18:00,50,0,1,50
13,2025-01-13,5,1,18:00-18:30,50,0,1,1
13,2025-01-13,5,1,18:00-18:30,50,0,1,2
13,2025-01-13,5,1,18:00-18:30,50,0,1,3
13,2025-01-13,5,1,18:00-18:30,50,0,1,4
13,2025-01-13,5,1,18:00-18:30,50,0,1,5
13,2025-01-13,5,1,18:00-18:30,50,0,1,6
13,2025-01-13,5,1,18:00-18:30,50,0,1,7
13,2025-01-13,5,1,18:00-18:30,50,1,0,8
13,2025-01-13,5,1,18:00-18:30,50,0,1,9
13,2025-01-13,5,1,18:00-18:30,50,0,1,10
13,2025-01-13,5,1,18:00-18:30,50,0,1,11
13,2025-01-13,5,1,18:00-18:30,50,0,1,12
13,2025-01-13,5,1,18:00-18:30,50,0,1,13
13,2025-01-13,5,1,18:00-18:30,50,0,1,14
13,2025-01-13,5,1,18:00-18:30,50,0,1,15
13,2025-01-13,5,1,18:00-18:30,50,0,1,16
13,2025-01-13,5,1,18:00-18:30,50,0,1,17
13,2025-01-13,5,1,18:00-18:30,50,0,1,18
13,2025-01-13,5,1,18:00-18:30,50,0,1,19
13,2025-01-13,5,1,18:00-18:30,50,0,1,20
13,2025-01-13,5,1,18:00-18:30,50,1,0,21
13,2025-01-13,5,1,18:00-18:30,50,0,1,22
13,2025-01-13,5,1,18:00-18:30,50,0,1,23
13,2025-01-13,5,1,18:00-18:30,50,0,1,24
13,2025-01-13,5,1,18:00-18:30,50,0,1,25
13,2025-01-13,5,1,18:00-18:30,50,1,0,26
13,2025-01-13,5,1,18:00-18:30,50,0,1,27
13,2025-01-13,5,1,18:00-18:30,50,0,1,28
13,2025-01-13,5,1,18:00-18:30,50,0,1,29
13,2025-01-13,5,1,18:00-18:30,50,0,1,30
13,2025-01-13,5,1,18:00-18:30,50,0,1,31
13,2025-01-13,5,1,18:00-18:30,50,0,1,32
13,2025-01-13,5,1,18:00-18:30,50,0,1,33
13,2025-01-13,5,1,18:00-18:30,50,0,1,34
13,2025-01-13,5,1,18:00-18:30,50,0,1,35
13,2025-01-13,5,1,18:00-18:30,50,0,1,36
13,2025-01-13,5,1,18:00-18:30,50,0,1,37
13,2025-01-13,5,1,18:00-18:30,50,0,1,38
13,2025-01-13,5,1,18:00-18:30,50,0,1,39
13,2025-01-13,5,1,18:00-18:30,50,0,1,40
13,2025-01-13,5,1,18:00-18:30,50,0,1,41
13,2025-01-13,5,1,18:00-18:30,50,0,1,42
13,2025-01-13,5,1,18:00-18:30,50,0,1,43
13,2025-01-13,5,1,18:00-18:30,50,0,1,44
13,2025-01-13,5,1,18:00-18:30,50,0,1,45
13,2025-01-13,5,1,18:00-18:30,50,0,1,46
13,2025-01-13,5,1,18:00-18:30,50,0,1,47
13,2025-01-13,5,1,18:00-18:30,50,0,1,48
13,2025-01-13,5,1,18:00-18:30,50,0,1,49
13,2025-01-13,5,1,18:00-18:30,50,0,1,50
13,2025-01-13,5,1,18:30-19:00,50,0,1,1
13,2025-01-13,5,1,18:30-19:00,50,0,1,2
13,2025-01-13,5,1,18:30-19:00,50,0,1,3
13,2025-01-13,5,1,18:30-19:00,50,0,1,4
13,2025-01-13,5,1,18:30-19:00,50,0,1,5
13,2025-01-13,5,1,18:30-19:00,50,0,1,6
13,2025-01-13,5,1,18:30-19:00,50,0,1,7
13,2025-01-13,5,1,18:30-19:00,50,0,1,8
13,2025-01-13,5,1,18:30-19:00,50,0,1,9
13,2025-01-13,5,1,18:30-19:00,50,0,1,10
13,2025-01-13,5,1,18:30-19:00,50,0,1,11
13,2025-01-13,5,1,18:30-19:00,50,0,1,12
13,2025-01-13,5,1,18:30-19:00,50,0,1,13
13,2025-01-13,5,1,18:30-19:00,50,0,1,14
13,2025-01-13,5,1,18:30-19:00,50,0,1,15
13,2025-01-13,5,1,18:30-19:00,50,0,1,16
13,2025-01-13,5,1,18:30-19:00,50,0,1,17
13,2025-01-13,5,1,18:30-19:00,50,0,1,18
13,2025-01-13,5,1,18:30-19:00,50,0,1,19
13,2025-01-13,5,1,18:30-19:00,50,0,1,20
13,2025-01-13,5,1,18:30-19:00,50,0,1,21
13,2025-01-13,5,1,18:30-19:00,50,0,1,22
13,2025-01-13,5,1,18:30-19:00,50,0,1,23
13,2025-01-13,5,1,18:30-19:00,50,0,1,24
13,2025-01-13,5,1,18:30-19:00,50,0,1,25
13,2025-01-13,5,1,18:30-19:00,50,0,1,26
13,2025-01-13,5,1,18:30-19:00,50,0,1,27
13,2025-01-13,5,1,18:30-19:00,50,0,1,28
13,2025-01-13,5,1,18:30-19:00,50,0,1,29
13,2025-01-13,5,1,18:30-19:00,50,0,1,30
13,2025-01-13,5,1,18:30-19:00,50,0,1,31
13,2025-01-13,5,1,18:30-19:00,50,1,0,32
13,2025-01-13,5,1,18:30-19:00,50,0,1,33
13,2025-01-13,5,1,18:30-19:00,50,0,1,34
13,2025-01-13,5,1,18:30-19:00,50,1,0,35
13,2025-01-13,5,1,18:30-19:00,50,0,1,36
13,2025-01-13,5,1,18:30-19:00,50,0,1,37
13,2025-01-13,5,1,18:30-19:00,50,0,1,38
13,2025-01-13,5,1,18:30-19:00,50,0,1,39
13,2025-01-13,5,1,18:30-19:00,50,0,1,40
13,2025-01-13,5,1,18:30-19:00,50,0,1,41
13,2025-01-13,5,1,18:30-19:00,50,0,1,42
13,2025-01-13,5,1,18:30-19:00,50,0,1,43
13,2025-01-13,5,1,18:30-19:00,50,0,1,44
13,2025-01-13,5,1,18:30-19:00,50,0,1,45
13,2025-01-13,5,1,18:30-19:00,50,0,1,46
13,2025-01-13,5,1,18:30-19:00,50,0,1,47
13,2025-01-13,5,1,18:30-19:00,50,0,1,48
13,2025-01-13,5,1,18:30-19:00,50,0,1,49
13,2025-01-13,5,1,18:30-19:00,50,0,1,50
14,2025-01-14,6,0,07:00-07:30,50,1,0,1
14,2025-01-14,6,0,07:00-07:30,50,1,0,2
14,2025-01-14,6,0,07:00-07:30,50,0,1,3
14,2025-01-14,6,0,07:00-07:30,50,0,1,4
14,2025-01-14,6,0,07:00-07:30,50,1,0,5
14,2025-01-14,6,0,07:00-07:30,50,0,1,6
14,2025-01-14,6,0,07:00-07:30,50,1,0,7
14,2025-01-14,6,0,07:00-07:30,50,0,1,8
14,2025-01-14,6,0,07:00-07:30,50,1,0,9
14,2025-01-14,6,0,07:00-07:30,50,0,1,10
14,2025-01-14,6,0,07:00-07:30,50,0,1,11
14,2025-01-14,6,0,07:00-07:30,50,0,1,12
14,2025-01-14,6,0,07:00-07:30,50,1,0,13
14,2025-01-14,6,0,07:00-07:30,50,1,0,14
14,2025-01-14,6,0,07:00-07:30,50,1,0,15
14,2025-01-14,6,0,07:00-07:30,50,1,0,16
14,2025-01-14,6,0,07:00-07:30,50,1,0,17
14,2025-01-14,6,0,07:00-07:30,50,1,0,18
14,2025-01-14,6,0,07:00-07:30,50,1,0,19
14,2025-01-14,6,0,07:00-07:30,50,1,0,20
14,2025-01-14,6,0,07:00-07:30,50,1,0,21
14,2025-01-14,6,0,07:00-07:30,50,1,0,22
14,2025-01-14,6,0,07:00-07:30,50,1,0,23
14,2025-01-14,6,0,07:00-07:30,50,0,1,24
14,2025-01-14,6,0,07:00-07:30,50,1,0,25
14,2025-01-14,6,0,07:00-07:30,50,1,0,26
14,2025-01-14,6,0,07:00-07:30,50,1,0,27
14,2025-01-14,6,0,07:00-07:30,50,1,0,28
14,2025-01-14,6,0,07:00-07:30,50,1,0,29
14,2025-01-14,6,0,07:00-07:30,50,0,1,30
14,2025-01-14,6,0,07:00-07:30,50,1,0,31
14,2025-01-14,6,0,07:00-07:30,50,0,1,32
14,2025-01-14,6,0,07:00-07:30,50,1,0,33
14,2025-01-14,6,0,07:00-07:30,50,1,0,34
14,2025-01-14,6,0,07:00-07:30,50,0,1,35
14,2025-01-14,6,0,07:00-07:30,50,1,0,36
14,2025-01-14,6,0,07:00-07:30,50,1,0,37
14,2025-01-14,6,0,07:00-07:30,50,1,0,38
14,2025-01-14,6,0,07:00-07:30,50,0,1,39
14,2025-01-14,6,0,07:00-07:30,50,1,0,40
14,2025-01-14,6,0,07:00-07:30,50,0,1,41
14,2025-01-14,6,0,07:00-07:30,50,0,1,42
14,2025-01-14,6,0,07:00-07:30,50,1,0,43
14,2025-01-14,6,0,07:00-07:30,50,1,0,44
14,2025-01-14,6,0,07:00-07:30,50,1,0,45
14,2025-01-14,6,0,07:00-07:30,50,1,0,46
14,2025-01-14,6,0,07:00-07:30,50,0,1,47
14,2025-01-14,6,0,07:00-07:30,50,1,0,48
14,2025-01-14,6,0,07:00-07:30,50,1,0,49
14,2025-01-14,6,0,07:00-07:30,50,1,0,50
14,2025-01-14,6,0,07:30-08:00,50,1,0,1
14,2025-01-14,6,0,07:30-08:00,50,1,0,2
14,2025-01-14,6,0,07:30-08:00,50,0,1,3
14,2025-01-14,6,0,07:30-08:00,50,1,0,4
14,2025-01-14,6,0,07:30-08:00,50,1,0,5
14,2025-01-14,6,0,07:30-08:00,50,1,0,6
14,2025-01-14,6,0,07:30-08:00,50,1,0,7
14,2025-01-14,6,0,07:30-08:00,50,1,0,8
14,2025-01-14,6,0,07:30-08:00,50,1,0,9
14,2025-01-14,6,0,07:30-08:00,50,1,0,10
14,2025-01-14,6,0,07:30-08:00,50,1,0,11
14,2025-01-14,6,0,07:30-08:00,50,0,1,12
14,2025-01-14,6,0,07:30-08:00,50,1,0,13
14,2025-01-14,6,0,07:30-08:00,50,0,1,14
14,2025-01-14,6,0,07:30-08:00,50,0,1,15
14,2025-01-14,6,0,07:30-08:00,50,0,1,16
14,2025-01-14,6,0,07:30-08:00,50,1,0,17
14,2025-01-14,6,0,07:30-08:00,50,1,0,18
14,2025-01-14,6,0,07:30-08:00,50,1,0,19
14,2025-01-14,6,0,07:30-08:00,50,1,0,20
14,2025-01-14,6,0,07:30-08:00,50,1,0,21
14,2025-01-14,6,0,07:30-08:00,50,1,0,22
14,2025-01-14,6,0,07:30-08:00,50,1,0,23
14,2025-01-14,6,0,07:30-08:00,50,1,0,24
14,2025-01-14,6,0,07:30-08:00,50,1,0,25
14,2025-01-14,6,0,07:30-08:00,50,0,1,26
14,2025-01-14,6,0,07:30-08:00,50,0,1,27
14,2025-01-14,6,0,07:30-08:00,50,1,0,28
14,2025-01-14,6,0,07:30-08:00,50,1,0,29
14,2025-01-14,6,0,07:30-08:00,50,1,0,30
14,2025-01-14,6,0,07:30-08:00,50,1,0,31
14,2025-01-14,6,0,07:30-08:00,50,1,0,32
14,2025-01-14,6,0,07:30-08:00,50,1,0,33
14,2025-01-14,6,0,07:30-08:00,50,1,0,34
14,2025-01-14,6,0,07:30-08:00,50,0,1,35
14,2025-01-14,6,0,07:30-08:00,50,1,0,36
14,2025-01-14,6,0,07:30-08:00,50,1,0,37
14,2025-01-14,6,0,07:30-08:00,50,1,0,38
14,2025-01-14,6,0,07:30-08:00,50,1,0,39
14,2025-01-14,6,0,07:30-08:00,50,1,0,40
14,2025-01-14,6,0,07:30-08:00,50,1,0,41
14,2025-01-14,6,0,07:30-08:00,50,1,0,42
14,2025-01-14,6,0,07:30-08:00,50,0,1,43
14,2025-01-14,6,0,07:30-08:00,50,0,1,44
14,2025-01-14,6,0,07:30-08:00,50,0,1,45
14,2025-01-14,6,0,07:30-08:00,50,1,0,46
14,2025-01-14,6,0,07:30-08:00,50,1,0,47
14,2025-01-14,6,0,07:30-08:00,50,0,1,48
14,2025-01-14,6,0,07:30-08:00,50,1,0,49
14,2025-01-14,6,0,07:30-08:00,50,0,1,50
14,2025-01-14,6,0,08:00-08:30,50,1,0,1
14,2025-01-14,6,0,08:00-08:30,50,1,0,2
14,2025-01-14,6,0,08:00-08:30,50,0,1,3
14,2025-01-14,6,0,08:00-08:30,50,1,0,4
14,2025-01-14,6,0,08:00-08:30,50,1,0,5
14,2025-01-14,6,0,08:00-08:30,50,1,0,6
14,2025-01-14,6,0,08:00-08:30,50,1,0,7
14,2025-01-14,6,0,08:00-08:30,50,1,0,8
14,2025-01-14,6,0,08:00-08:30,50,1,0,9
14,2025-01-14,6,0,08:00-08:30,50,0,1,10
14,2025-01-14,6,0,08:00-08:30,50,1,0,11
14,2025-01-14,6,0,08:00-08:30,50,1,0,12
14,2025-01-14,6,0,08:00-08:30,50,0,1,13
14,2025-01-14,6,0,08:00-08:30,50,0,1,14
14,2025-01-14,6,0,08:00-08:30,50,0,1,15
14,2025-01-14,6,0,08:00-08:30,50,0,1,16
14,2025-01-14,6,0,08:00-08:30,50,1,0,17
14,2025-01-14,6,0,08:00-08:30,50,0,1,18
14,2025-01-14,6,0,08:00-08:30,50,1,0,19
14,2025-01-14,6,0,08:00-08:30,50,1,0,20
14,2025-01-14,6,0,08:00-08:30,50,1,0,21
14,2025-01-14,6,0,08:00-08:30,50,1,0,22
14,2025-01-14,6,0,08:00-08:30,50,1,0,23
14,2025-01-14,6,0,08:00-08:30,50,1,0,24
14,2025-01-14,6,0,08:00-08:30,50,1,0,25
14,2025-01-14,6,0,08:00-08:30,50,1,0,26
14,2025-01-14,6,0,08:00-08:30,50,1,0,27
14,2025-01-14,6,0,08:00-08:30,50,0,1,28
14,2025-01-14,6,0,08:00-08:30,50,1,0,29
14,2025-01-14,6,0,08:00-08:30,50,0,1,30
14,2025-01-14,6,0,08:00-08:30,50,0,1,31
14,2025-01-14,6,0,08:00-08:30,50,1,0,32
14,2025-01-14,6,0,08:00-08:30,50,0,1,33
14,2025-01-14,6,0,08:00-08:30,50,0,1,34
14,2025-01-14,6,0,08:00-08:30,50,0,1,35
14,2025-01-14,6,0,08:00-08:30,50,0,1,36
14,2025-01-14,6,0,08:00-08:30,50,0,1,37
14,2025-01-14,6,0,08:00-08:30,50,1,0,38
14,2025-01-14,6,0,08:00-08:30,50,1,0,39
14,2025-01-14,6,0,08:00-08:30,50,0,1,40
14,2025-01-14,6,0,08:00-08:30,50,0,1,41
14,2025-01-14,6,0,08:00-08:30,50,1,0,42
14,2025-01-14,6,0,08:00-08:30,50,0,1,43
14,2025-01-14,6,0,08:00-08:30,50,0,1,44
14,2025-01-14,6,0,08:00-08:30,50,1,0,45
14,2025-01-14,6,0,08:00-08:30,50,0,1,46
14,2025-01-14,6,0,08:00-08:30,50,0,1,47
14,2025-01-14,6,0,08:00-08:30,50,0,1,48
14,2025-01-14,6,0,08:00-08:30,50,1,0,49
14,2025-01-14,6,0,08:00-08:30,50,1,0,50
14,2025-01-14,6,0,08:30-09:00,50,1,0,1
14,2025-01-14,6,0,08:30-09:00,50,0,1,2
14,2025-01-14,6,0,08:30-09:00,50,0,1,3
14,2025-01-14,6,0,08:30-09:00,50,1,0,4
14,2025-01-14,6,0,08:30-09:00,50,1,0,5
14,2025-01-14,6,0,08:30-09:00,50,1,0,6
14,2025-01-14,6,0,08:30-09:00,50,0,1,7
14,2025-01-14,6,0,08:30-09:00,50,1,0,8
14,2025-01-14,6,0,08:30-09:00,50,0,1,9
14,2025-01-14,6,0,08:30-09:00,50,1,0,10
14,2025-01-14,6,0,08:30-09:00,50,1,0,11
14,2025-01-14,6,0,08:30-09:00,50,0,1,12
14,2025-01-14,6,0,08:30-09:00,50,0,1,13
14,2025-01-14,6,0,08:30-09:00,50,0,1,14
14,2025-01-14,6,0,08:30-09:00,50,0,1,15
14,2025-01-14,6,0,08:30-09:00,50,1,0,16
14,2025-01-14,6,0,08:30-09:00,50,0,1,17
14,2025-01-14,6,0,08:30-09:00,50,1,0,18
14,2025-01-14,6,0,08:30-09:00,50,1,0,19
14,2025-01-14,6,0,08:30-09:00,50,1,0,20
14,2025-01-14,6,0,08:30-09:00,50,1,0,21
14,2025-01-14,6,0,08:30-09:00,50,0,1,22
14,2025-01-14,6,0,08:30-09:00,50,1,0,23
14,2025-01-14,6,0,08:30-09:00,50,1,0,24
14,2025-01-14,6,0,08:30-09:00,50,0,1,25
14,2025-01-14,6,0,08:30-09:00,50,0,1,26
14,2025-01-14,6,0,08:30-09:00,50,1,0,27
14,2025-01-14,6,0,08:30-09:00,50,0,1,28
14,2025-01-14,6,0,08:30-09:00,50,1,0,29
14,2025-01-14,6,0,08:30-09:00,50,1,0,30
14,2025-01-14,6,0,08:30-09:00,50,0,1,31
14,2025-01-14,6,0,08:30-09:00,50,0,1,32
14,2025-01-14,6,0,08:30-09:00,50,0,1,33
14,2025-01-14,6,0,08:30-09:00,50,0,1,34
14,2025-01-14,6,0,08:30-09:00,50,1,0,35
14,2025-01-14,6,0,08:30-09:00,50,1,0,36
14,2025-01-14,6,0,08:30-09:00,50,0,1,37
14,2025-01-14,6,0,08:30-09:00,50,1,0,38
14,2025-01-14,6,0,08:30-09:00,50,0,1,39
14,2025-01-14,6,0,08:30-09:00,50,0,1,40
14,2025-01-14,6,0,08:30-09:00,50,0,1,41
14,2025-01-14,6,0,08:30-09:00,50,1,0,42
14,2025-01-14,6,0,08:30-09:00,50,1,0,43
14,2025-01-14,6,0,08:30-09:00,50,0,1,44
14,2025-01-14,6,0,08:30-09:00,50,1,0,45
14,2025-01-14,6,0,08:30-09:00,50,0,1,46
14,2025-01-14,6,0,08:30-09:00,50,0,1,47
14,2025-01-14,6,0,08:30-09:00,50,0,1,48
14,2025-01-14,6,0,08:30-09:00,50,1,0,49
14,2025-01-14,6,0,08:30-09:00,50,1,0,50
14,2025-01-14,6,0,09:00-09:30,50,0,1,1
14,2025-01-14,6,0,09:00-09:30,50,0,1,2
14,2025-01-14,6,0,09:00-09:30,50,1,0,3
14,2025-01-14,6,0,09:00-09:30,50,1,0,4
14,2025-01-14,6,0,09:00-09:30,50,0,1,5
14,2025-01-14,6,0,09:00-09:30,50,0,1,6
14,2025-01-14,6,0,09:00-09:30,50,0,1,7
14,2025-01-14,6,0,09:00-09:30,50,0,1,8
14,2025-01-14,6,0,09:00-09:30,50,1,0,9
14,2025-01-14,6,0,09:00-09:30,50,1,0,10
14,2025-01-14,6,0,09:00-09:30,50,1,0,11
14,2025-01-14,6,0,09:00-09:30,50,1,0,12
14,2025-01-14,6,0,09:00-09:30,50,0,1,13
14,2025-01-14,6,0,09:00-09:30,50,1,0,14
14,2025-01-14,6,0,09:00-09:30,50,1,0,15
14,2025-01-14,6,0,09:00-09:30,50,1,0,16
14,2025-01-14,6,0,09:00-09:30,50,0,1,17
14,2025-01-14,6,0,09:00-09:30,50,0,1,18
14,2025-01-14,6,0,09:00-09:30,50,1,0,19
14,2025-01-14,6,0,09:00-09:30,50,1,0,20
14,2025-01-14,6,0,09:00-09:30,50,1,0,21
14,2025-01-14,6,0,09:00-09:30,50,1,0,22
14,2025-01-14,6,0,09:00-09:30,50,1,0,23
14,2025-01-14,6,0,09:00-09:30,50,0,1,24
14,2025-01-14,6,0,09:00-09:30,50,1,0,25
14,2025-01-14,6,0,09:00-09:30,50,1,0,26
14,2025-01-14,6,0,09:00-09:30,50,1,0,27
14,2025-01-14,6,0,09:00-09:30,50,1,0,28
14,2025-01-14,6,0,09:00-09:30,50,0,1,29
14,2025-01-14,6,0,09:00-09:30,50,0,1,30
14,2025-01-14,6,0,09:00-09:30,50,1,0,31
14,2025-01-14,6,0,09:00-09:30,50,1,0,32
14,2025-01-14,6,0,09:00-09:30,50,0,1,33
14,2025-01-14,6,0,09:00-09:30,50,1,0,34
14,2025-01-14,6,0,09:00-09:30,50,0,1,35
14,2025-01-14,6,0,09:00-09:30,50,0,1,36
14,2025-01-14,6,0,09:00-09:30,50,0,1,37
14,2025-01-14,6,0,09:00-09:30,50,1,0,38
14,2025-01-14,6,0,09:00-09:30,50,1,0,39
14,2025-01-14,6,0,09:00-09:30,50,1,0,40
14,2025-01-14,6,0,09:00-09:30,50,1,0,41
14,2025-01-14,6,0,09:00-09:30,50,1,0,42
14,2025-01-14,6,0,09:00-09:30,50,0,1,43
14,2025-01-14,6,0,09:00-09:30,50,1,0,44
14,2025-01-14,6,0,09:00-09:30,50,1,0,45
14,2025-01-14,6,0,09:00-09:30,50,0,1,46
14,2025-01-14,6,0,09:00-09:30,50,1,0,47
14,2025-01-14,6,0,09:00-09:30,50,1,0,48
14,2025-01-14,6,0,09:00-09:30,50,0,1,49
14,2025-01-14,6,0,09:00-09:30,50,0,1,50
14,2025-01-14,6,0,09:30-10:00,50,0,1,1
14,2025-01-14,6,0,09:30-10:00,50,1,0,2
14,2025-01-14,6,0,09:30-10:00,50,0,1,3
14,2025-01-14,6,0,09:30-10:00,50,0,1,4
14,2025-01-14,6,0,09:30-10:00,50,1,0,5
14,2025-01-14,6,0,09:30-10:00,50,1,0,6
14,2025-01-14,6,0,09:30-10:00,50,0,1,7
14,2025-01-14,6,0,09:30-10:00,50,1,0,8
14,2025-01-14,6,0,09:30-10:00,50,1,0,9
14,2025-01-14,6,0,09:30-10:00,50,0,1,10
14,2025-01-14,6,0,09:30-10:00,50,0,1,11
14,2025-01-14,6,0,09:30-10:00,50,0,1,12
14,2025-01-14,6,0,09:30-10:00,50,0,1,13
14,2025-01-14,6,0,09:30-10:00,50,0,1,14
14,2025-01-14,6,0,09:30-10:00,50,1,0,15
14,2025-01-14,6,0,09:30-10:00,50,0,1,16
14,2025-01-14,6,0,09:30-10:00,50,1,0,17
14,2025-01-14,6,0,09:30-10:00,50,0,1,18
14,2025-01-14,6,0,09:30-10:00,50,1,0,19
14,2025-01-14,6,0,09:30-10:00,50,1,0,20
14,2025-01-14,6,0,09:30-10:00,50,1,0,21
14,2025-01-14,6,0,09:30-10:00,50,1,0,22
14,2025-01-14,6,0,09:30-10:00,50,1,0,23
14,2025-01-14,6,0,09:30-10:00,50,0,1,24
14,2025-01-14,6,0,09:30-10:00,50,1,0,25
14,2025-01-14,6,0,09:30-10:00,50,1,0,26
14,2025-01-14,6,0,09:30-10:00,50,0,1,27
14,2025-01-14,6,0,09:30-10:00,50,1,0,28
14,2025-01-14,6,0,09:30-10:00,50,0,1,29
14,2025-01-14,6,0,09:30-10:00,50,1,0,30
14,2025-01-14,6,0,09:30-10:00,50,1,0,31
14,2025-01-14,6,0,09:30-10:00,50,0,1,32
14,2025-01-14,6,0,09:30-10:00,50,0,1,33
14,2025-01-14,6,0,09:30-10:00,50,0,1,34
14,2025-01-14,6,0,09:30-10:00,50,1,0,35
14,2025-01-14,6,0,09:30-10:00,50,0,1,36
14,2025-01-14,6,0,09:30-10:00,50,0,1,37
14,2025-01-14,6,0,09:30-10:00,50,0,1,38
14,2025-01-14,6,0,09:30-10:00,50,1,0,39
14,2025-01-14,6,0,09:30-10:00,50,0,1,40
14,2025-01-14,6,0,09:30-10:00,50,0,1,41
14,2025-01-14,6,0,09:30-10:00,50,0,1,42
14,2025-01-14,6,0,09:30-10:00,50,0,1,43
14,2025-01-14,6,0,09:30-10:00,50,1,0,44
14,2025-01-14,6,0,09:30-10:00,50,0,1,45
14,2025-01-14,6,0,09:30-10:00,50,0,1,46
14,2025-01-14,6,0,09:30-10:00,50,0,1,47
14,2025-01-14,6,0,09:30-10:00,50,1,0,48
14,2025-01-14,6,0,09:30-10:00,50,1,0,49
14,2025-01-14,6,0,09:30-10:00,50,0,1,50
14,2025-01-14,6,0,16:00-16:30,50,1,0,1
14,2025-01-14,6,0,16:00-16:30,50,1,0,2
14,2025-01-14,6,0,16:00-16:30,50,1,0,3
14,2025-01-14,6,0,16:00-16:30,50,1,0,4
14,2025-01-14,6,0,16:00-16:30,50,1,0,5
14,2025-01-14,6,0,16:00-16:30,50,0,1,6
14,2025-01-14,6,0,16:00-16:30,50,1,0,7
14,2025-01-14,6,0,16:00-16:30,50,1,0,8
14,2025-01-14,6,0,16:00-16:30,50,1,0,9
14,2025-01-14,6,0,16:00-16:30,50,0,1,10
14,2025-01-14,6,0,16:00-16:30,50,1,0,11
14,2025-01-14,6,0,16:00-16:30,50,1,0,12
14,2025-01-14,6,0,16:00-16:30,50,0,1,13
14,2025-01-14,6,0,16:00-16:30,50,1,0,14
14,2025-01-14,6,0,16:00-16:30,50,1,0,15
14,2025-01-14,6,0,16:00-16:30,50,0,1,16
14,2025-01-14,6,0,16:00-16:30,50,1,0,17
14,2025-01-14,6,0,16:00-16:30,50,0,1,18
14,2025-01-14,6,0,16:00-16:30,50,0,1,19
14,2025-01-14,6,0,16:00-16:30,50,1,0,20
14,2025-01-14,6,0,16:00-16:30,50,0,1,21
14,2025-01-14,6,0,16:00-16:30,50,0,1,22
14,2025-01-14,6,0,16:00-16:30,50,1,0,23
14,2025-01-14,6,0,16:00-16:30,50,1,0,24
14,2025-01-14,6,0,16:00-16:30,50,1,0,25
14,2025-01-14,6,0,16:00-16:30,50,1,0,26
14,2025-01-14,6,0,16:00-16:30,50,1,0,27
14,2025-01-14,6,0,16:00-16:30,50,0,1,28
14,2025-01-14,6,0,16:00-16:30,50,1,0,29
14,2025-01-14,6,0,16:00-16:30,50,0,1,30
14,2025-01-14,6,0,16:00-16:30,50,0,1,31
14,2025-01-14,6,0,16:00-16:30,50,1,0,32
14,2025-01-14,6,0,16:00-16:30,50,1,0,33
14,2025-01-14,6,0,16:00-16:30,50,0,1,34
14,2025-01-14,6,0,16:00-16:30,50,0,1,35
14,2025-01-14,6,0,16:00-16:30,50,0,1,36
14,2025-01-14,6,0,16:00-16:30,50,1,0,37
14,2025-01-14,6,0,16:00-16:30,50,0,1,38
14,2025-01-14,6,0,16:00-16:30,50,0,1,39
14,2025-01-14,6,0,16:00-16:30,50,1,0,40
14,2025-01-14,6,0,16:00-16:30,50,0,1,41
14,2025-01-14,6,0,16:00-16:30,50,1,0,42
14,2025-01-14,6,0,16:00-16:30,50,1,0,43
14,2025-01-14,6,0,16:00-16:30,50,0,1,44
14,2025-01-14,6,0,16:00-16:30,50,0,1,45
14,2025-01-14,6,0,16:00-16:30,50,0,1,46
14,2025-01-14,6,0,16:00-16:30,50,0,1,47
14,2025-01-14,6,0,16:00-16:30,50,0,1,48
14,2025-01-14,6,0,16:00-16:30,50,0,1,49
14,2025-01-14,6,0,16:00-16:30,50,1,0,50
14,2025-01-14,6,0,16:30-17:00,50,0,1,1
14,2025-01-14,6,0,16:30-17:00,50,0,1,2
14,2025-01-14,6,0,16:30-17:00,50,1,0,3
14,2025-01-14,6,0,16:30-17:00,50,0,1,4
14,2025-01-14,6,0,16:30-17:00,50,0,1,5
14,2025-01-14,6,0,16:30-17:00,50,1,0,6
14,2025-01-14,6,0,16:30-17:00,50,1,0,7
14,2025-01-14,6,0,16:30-17:00,50,1,0,8
14,2025-01-14,6,0,16:30-17:00,50,1,0,9
14,2025-01-14,6,0,16:30-17:00,50,0,1,10
14,2025-01-14,6,0,16:30-17:00,50,0,1,11
14,2025-01-14,6,0,16:30-17:00,50,1,0,12
14,2025-01-14,6,0,16:30-17:00,50,1,0,13
14,2025-01-14,6,0,16:30-17:00,50,0,1,14
14,2025-01-14,6,0,16:30-17:00,50,0,1,15
14,2025-01-14,6,0,16:30-17:00,50,1,0,16
14,2025-01-14,6,0,16:30-17:00,50,1,0,17
14,2025-01-14,6,0,16:30-17:00,50,1,0,18
14,2025-01-14,6,0,16:30-17:00,50,0,1,19
14,2025-01-14,6,0,16:30-17:00,50,0,1,20
14,2025-01-14,6,0,16:30-17:00,50,0,1,21
14,2025-01-14,6,0,16:30-17:00,50,0,1,22
14,2025-01-14,6,0,16:30-17:00,50,0,1,23
14,2025-01-14,6,0,16:30-17:00,50,1,0,24
14,2025-01-14,6,0,16:30-17:00,50,1,0,25
14,2025-01-14,6,0,16:30-17:00,50,1,0,26
14,2025-01-14,6,0,16:30-17:00,50,0,1,27
14,2025-01-14,6,0,16:30-17:00,50,1,0,28
14,2025-01-14,6,0,16:30-17:00,50,1,0,29
14,2025-01-14,6,0,16:30-17:00,50,0,1,30
14,2025-01-14,6,0,16:30-17:00,50,0,1,31
14,2025-01-14,6,0,16:30-17:00,50,1,0,32
14,2025-01-14,6,0,16:30-17:00,50,1,0,33
14,2025-01-14,6,0,16:30-17:00,50,1,0,34
14,2025-01-14,6,0,16:30-17:00,50,0,1,35
14,2025-01-14,6,0,16:30-17:00,50,1,0,36
14,2025-01-14,6,0,16:30-17:00,50,0,1,37
14,2025-01-14,6,0,16:30-17:00,50,1,0,38
14,2025-01-14,6,0,16:30-17:00,50,1,0,39
14,2025-01-14,6,0,16:30-17:00,50,1,0,40
14,2025-01-14,6,0,16:30-17:00,50,1,0,41
14,2025-01-14,6,0,16:30-17:00,50,0,1,42
14,2025-01-14,6,0,16:30-17:00,50,0,1,43
14,2025-01-14,6,0,16:30-17:00,50,0,1,44
14,2025-01-14,6,0,16:30-17:00,50,0,1,45
14,2025-01-14,6,0,16:30-17:00,50,0,1,46
14,2025-01-14,6,0,16:30-17:00,50,0,1,47
14,2025-01-14,6,0,16:30-17:00,50,0,1,48
14,2025-01-14,6,0,16:30-17:00,50,1,0,49
14,2025-01-14,6,0,16:30-17:00,50,0,1,50
14,2025-01-14,6,0,17:00-17:30,50,0,1,1
14,2025-01-14,6,0,17:00-17:30,50,1,0,2
14,2025-01-14,6,0,17:00-17:30,50,0,1,3
14,2025-01-14,6,0,17:00-17:30,50,0,1,4
14,2025-01-14,6,0,17:00-17:30,50,0,1,5
14,2025-01-14,6,0,17:00-17:30,50,0,1,6
14,2025-01-14,6,0,17:00-17:30,50,1,0,7
14,2025-01-14,6,0,17:00-17:30,50,1,0,8
14,2025-01-14,6,0,17:00-17:30,50,0,1,9
14,2025-01-14,6,0,17:00-17:30,50,1,0,10
14,2025-01-14,6,0,17:00-17:30,50,1,0,11
14,2025-01-14,6,0,17:00-17:30,50,0,1,12
14,2025-01-14,6,0,17:00-17:30,50,0,1,13
14,2025-01-14,6,0,17:00-17:30,50,0,1,14
14,2025-01-14,6,0,17:00-17:30,50,1,0,15
14,2025-01-14,6,0,17:00-17:30,50,0,1,16
14,2025-01-14,6,0,17:00-17:30,50,0,1,17
14,2025-01-14,6,0,17:00-17:30,50,0,1,18
14,2025-01-14,6,0,17:00-17:30,50,1,0,19
14,2025-01-14,6,0,17:00-17:30,50,1,0,20
14,2025-01-14,6,0,17:00-17:30,50,0,1,21
14,2025-01-14,6,0,17:00-17:30,50,0,1,22
14,2025-01-14,6,0,17:00-17:30,50,1,0,23
14,2025-01-14,6,0,17:00-17:30,50,1,0,24
14,2025-01-14,6,0,17:00-17:30,50,1,0,25
14,2025-01-14,6,0,17:00-17:30,50,0,1,26
14,2025-01-14,6,0,17:00-17:30,50,0,1,27
14,2025-01-14,6,0,17:00-17:30,50,1,0,28
14,2025-01-14,6,0,17:00-17:30,50,0,1,29
14,2025-01-14,6,0,17:00-17:30,50,1,0,30
14,2025-01-14,6,0,17:00-17:30,50,1,0,31
14,2025-01-14,6,0,17:00-17:30,50,1,0,32
14,2025-01-14,6,0,17:00-17:30,50,1,0,33
14,2025-01-14,6,0,17:00-17:30,50,1,0,34
14,2025-01-14,6,0,17:00-17:30,50,0,1,35
14,2025-01-14,6,0,17:00-17:30,50,0,1,36
14,2025-01-14,6,0,17:00-17:30,50,0,1,37
14,2025-01-14,6,0,17:00-17:30,50,0,1,38
14,2025-01-14,6,0,17:00-17:30,50,0,1,39
14,2025-01-14,6,0,17:00-17:30,50,0,1,40
14,2025-01-14,6,0,17:00-17:30,50,0,1,41
14,2025-01-14,6,0,17:00-17:30,50,0,1,42
14,2025-01-14,6,0,17:00-17:30,50,0,1,43
14,2025-01-14,6,0,17:00-17:30,50,0,1,44
14,2025-01-14,6,0,17:00-17:30,50,1,0,45
14,2025-01-14,6,0,17:00-17:30,50,0,1,46
14,2025-01-14,6,0,17:00-17:30,50,0,1,47
14,2025-01-14,6,0,17:00-17:30,50,0,1,48
14,2025-01-14,6,0,17:00-17:30,50,0,1,49
14,2025-01-14,6,0,17:00-17:30,50,0,1,50
14,2025-01-14,6,0,17:30-18:00,50,1,0,1
14,2025-01-14,6,0,17:30-18:00,50,0,1,2
14,2025-01-14,6,0,17:30-18:00,50,1,0,3
14,2025-01-14,6,0,17:30-18:00,50,0,1,4
14,2025-01-14,6,0,17:30-18:00,50,1,0,5
14,2025-01-14,6,0,17:30-18:00,50,0,1,6
14,2025-01-14,6,0,17:30-18:00,50,1,0,7
14,2025-01-14,6,0,17:30-18:00,50,0,1,8
14,2025-01-14,6,0,17:30-18:00,50,1,0,9
14,2025-01-14,6,0,17:30-18:00,50,1,0,10
14,2025-01-14,6,0,17:30-18:00,50,0,1,11
14,2025-01-14,6,0,17:30-18:00,50,1,0,12
14,2025-01-14,6,0,17:30-18:00,50,0,1,13
14,2025-01-14,6,0,17:30-18:00,50,0,1,14
14,2025-01-14,6,0,17:30-18:00,50,0,1,15
14,2025-01-14,6,0,17:30-18:00,50,1,0,16
14,2025-01-14,6,0,17:30-18:00,50,1,0,17
14,2025-01-14,6,0,17:30-18:00,50,0,1,18
14,2025-01-14,6,0,17:30-18:00,50,1,0,19
14,2025-01-14,6,0,17:30-18:00,50,0,1,20
14,2025-01-14,6,0,17:30-18:00,50,0,1,21
14,2025-01-14,6,0,17:30-18:00,50,0,1,22
14,2025-01-14,6,0,17:30-18:00,50,0,1,23
14,2025-01-14,6,0,17:30-18:00,50,0,1,24
14,2025-01-14,6,0,17:30-18:00,50,0,1,25
14,2025-01-14,6,0,17:30-18:00,50,1,0,26
14,2025-01-14,6,0,17:30-18:00,50,0,1,27
14,2025-01-14,6,0,17:30-18:00,50,0,1,28
14,2025-01-14,6,0,17:30-18:00,50,0,1,29
14,2025-01-14,6,0,17:30-18:00,50,0,1,30
14,2025-01-14,6,0,17:30-18:00,50,1,0,31
14,2025-01-14,6,0,17:30-18:00,50,0,1,32
14,2025-01-14,6,0,17:30-18:00,50,0,1,33
14,2025-01-14,6,0,17:30-18:00,50,1,0,34
14,2025-01-14,6,0,17:30-18:00,50,0,1,35
14,2025-01-14,6,0,17:30-18:00,50,0,1,36
14,2025-01-14,6,0,17:30-18:00,50,1,0,37
14,2025-01-14,6,0,17:30-18:00,50,0,1,38
14,2025-01-14,6,0,17:30-18:00,50,0,1,39
14,2025-01-14,6,0,17:30-18:00,50,1,0,40
14,2025-01-14,6,0,17:30-18:00,50,0,1,41
14,2025-01-14,6,0,17:30-18:00,50,0,1,42
14,2025-01-14,6,0,17:30-18:00,50,0,1,43
14,2025-01-14,6,0,17:30-18:00,50,0,1,44
14,2025-01-14,6,0,17:30-18:00,50,0,1,45
14,2025-01-14,6,0,17:30-18:00,50,0,1,46
14,2025-01-14,6,0,17:30-18:00,50,0,1,47
14,2025-01-14,6,0,17:30-18:00,50,0,1,48
14,2025-01-14,6,0,17:30-18:00,50,1,0,49
14,2025-01-14,6,0,17:30-18:00,50,0,1,50
14,2025-01-14,6,0,18:00-18:30,50,0,1,1
14,2025-01-14,6,0,18:00-18:30,50,1,0,2
14,2025-01-14,6,0,18:00-18:30,50,0,1,3
14,2025-01-14,6,0,18:00-18:30,50,0,1,4
14,2025-01-14,6,0,18:00-18:30,50,0,1,5
14,2025-01-14,6,0,18:00-18:30,50,0,1,6
14,2025-01-14,6,0,18:00-18:30,50,0,1,7
14,2025-01-14,6,0,18:00-18:30,50,0,1,8
14,2025-01-14,6,0,18:00-18:30,50,1,0,9
14,2025-01-14,6,0,18:00-18:30,50,0,1,10
14,2025-01-14,6,0,18:00-18:30,50,0,1,11
14,2025-01-14,6,0,18:00-18:30,50,1,0,12
14,2025-01-14,6,0,18:00-18:30,50,1,0,13
14,2025-01-14,6,0,18:00-18:30,50,1,0,14
14,2025-01-14,6,0,18:00-18:30,50,1,0,15
14,2025-01-14,6,0,18:00-18:30,50,1,0,16
14,2025-01-14,6,0,18:00-18:30,50,0,1,17
14,2025-01-14,6,0,18:00-18:30,50,1,0,18
14,2025-01-14,6,0,18:00-18:30,50,0,1,19
14,2025-01-14,6,0,18:00-18:30,50,0,1,20
14,2025-01-14,6,0,18:00-18:30,50,0,1,21
14,2025-01-14,6,0,18:00-18:30,50,0,1,22
14,2025-01-14,6,0,18:00-18:30,50,1,0,23
14,2025-01-14,6,0,18:00-18:30,50,0,1,24
14,2025-01-14,6,0,18:00-18:30,50,1,0,25
14,2025-01-14,6,0,18:00-18:30,50,1,0,26
14,2025-01-14,6,0,18:00-18:30,50,0,1,27
14,2025-01-14,6,0,18:00-18:30,50,0,1,28
14,2025-01-14,6,0,18:00-18:30,50,0,1,29
14,2025-01-14,6,0,18:00-18:30,50,0,1,30
14,2025-01-14,6,0,18:00-18:30,50,1,0,31
14,2025-01-14,6,0,18:00-18:30,50,0,1,32
14,2025-01-14,6,0,18:00-18:30,50,1,0,33
14,2025-01-14,6,0,18:00-18:30,50,0,1,34
14,2025-01-14,6,0,18:00-18:30,50,1,0,35
14,2025-01-14,6,0,18:00-18:30,50,0,1,36
14,2025-01-14,6,0,18:00-18:30,50,1,0,37
14,2025-01-14,6,0,18:00-18:30,50,0,1,38
14,2025-01-14,6,0,18:00-18:30,50,0,1,39
14,2025-01-14,6,0,18:00-18:30,50,0,1,40
14,2025-01-14,6,0,18:00-18:30,50,1,0,41
14,2025-01-14,6,0,18:00-18:30,50,0,1,42
14,2025-01-14,6,0,18:00-18:30,50,0,1,43
14,2025-01-14,6,0,18:00-18:30,50,0,1,44
14,2025-01-14,6,0,18:00-18:30,50,0,1,45
14,2025-01-14,6,0,18:00-18:30,50,1,0,46
14,2025-01-14,6,0,18:00-18:30,50,0,1,47
14,2025-01-14,6,0,18:00-18:30,50,0,1,48
14,2025-01-14,6,0,18:00-18:30,50,0,1,49
14,2025-01-14,6,0,18:00-18:30,50,0,1,50
14,2025-01-14,6,0,18:30-19:00,50,0,1,1
14,2025-01-14,6,0,18:30-19:00,50,0,1,2
14,2025-01-14,6,0,18:30-19:00,50,1,0,3
14,2025-01-14,6,0,18:30-19:00,50,0,1,4
14,2025-01-14,6,0,18:30-19:00,50,0,1,5
14,2025-01-14,6,0,18:30-19:00,50,1,0,6
14,2025-01-14,6,0,18:30-19:00,50,0,1,7
14,2025-01-14,6,0,18:30-19:00,50,0,1,8
14,2025-01-14,6,0,18:30-19:00,50,0,1,9
14,2025-01-14,6,0,18:30-19:00,50,0,1,10
14,2025-01-14,6,0,18:30-19:00,50,0,1,11
14,2025-01-14,6,0,18:30-19:00,50,1,0,12
14,2025-01-14,6,0,18:30-19:00,50,1,0,13
14,2025-01-14,6,0,18:30-19:00,50,1,0,14
14,2025-01-14,6,0,18:30-19:00,50,1,0,15
14,2025-01-14,6,0,18:30-19:00,50,0,1,16
14,2025-01-14,6,0,18:30-19:00,50,0,1,17
14,2025-01-14,6,0,18:30-19:00,50,0,1,18
14,2025-01-14,6,0,18:30-19:00,50,0,1,19
14,2025-01-14,6,0,18:30-19:00,50,0,1,20
14,2025-01-14,6,0,18:30-19:00,50,0,1,21
14,2025-01-14,6,0,18:30-19:00,50,1,0,22
14,2025-01-14,6,0,18:30-19:00,50,0,1,23
14,2025-01-14,6,0,18:30-19:00,50,0,1,24
14,2025-01-14,6,0,18:30-19:00,50,0,1,25
14,2025-01-14,6,0,18:30-19:00,50,0,1,26
14,2025-01-14,6,0,18:30-19:00,50,1,0,27
14,2025-01-14,6,0,18:30-19:00,50,0,1,28
14,2025-01-14,6,0,18:30-19:00,50,1,0,29
14,2025-01-14,6,0,18:30-19:00,50,0,1,30
14,2025-01-14,6,0,18:30-19:00,50,0,1,31
14,2025-01-14,6,0,18:30-19:00,50,1,0,32
14,2025-01-14,6,0,18:30-19:00,50,1,0,33
14,2025-01-14,6,0,18:30-19:00,50,1,0,34
14,2025-01-14,6,0,18:30-19:00,50,0,1,35
14,2025-01-14,6,0,18:30-19:00,50,1,0,36
14,2025-01-14,6,0,18:30-19:00,50,1,0,37
14,2025-01-14,6,0,18:30-19:00,50,0,1,38
14,2025-01-14,6,0,18:30-19:00,50,1,0,39
14,2025-01-14,6,0,18:30-19:00,50,1,0,40
14,2025-01-14,6,0,18:30-19:00,50,1,0,41
14,2025-01-14,6,0,18:30-19:00,50,0,1,42
14,2025-01-14,6,0,18:30-19:00,50,0,1,43
14,2025-01-14,6,0,18:30-19:00,50,1,0,44
14,2025-01-14,6,0,18:30-19:00,50,0,1,45
14,2025-01-14,6,0,18:30-19:00,50,1,0,46
14,2025-01-14,6,0,18:30-19:00,50,0,1,47
14,2025-01-14,6,0,18:30-19:00,50,1,0,48
14,2025-01-14,6,0,18:30-19:00,50,0,1,49
14,2025-01-14,6,0,18:30-19:00,50,0,1,50
15,2025-01-15,0,0,07:00-07:30,50,1,0,1
15,2025-01-15,0,0,07:00-07:30,50,1,0,2
15,2025-01-15,0,0,07:00-07:30,50,0,1,3
15,2025-01-15,0,0,07:00-07:30,50,1,0,4
15,2025-01-15,0,0,07:00-07:30,50,1,0,5
15,2025-01-15,0,0,07:00-07:30,50,1,0,6
15,2025-01-15,0,0,07:00-07:30,50,1,0,7
15,2025-01-15,0,0,07:00-07:30,50,0,1,8
15,2025-01-15,0,0,07:00-07:30,50,1,0,9
15,2025-01-15,0,0,07:00-07:30,50,1,0,10
15,2025-01-15,0,0,07:00-07:30,50,1,0,11
15,2025-01-15,0,0,07:00-07:30,50,1,0,12
15,2025-01-15,0,0,07:00-07:30,50,0,1,13
15,2025-01-15,0,0,07:00-07:30,50,1,0,14
15,2025-01-15,0,0,07:00-07:30,50,0,1,15
15,2025-01-15,0,0,07:00-07:30,50,0,1,16
15,2025-01-15,0,0,07:00-07:30,50,1,0,17
15,2025-01-15,0,0,07:00-07:30,50,1,0,18
15,2025-01-15,0,0,07:00-07:30,50,1,0,19
15,2025-01-15,0,0,07:00-07:30,50,1,0,20
15,2025-01-15,0,0,07:00-07:30,50,1,0,21
15,2025-01-15,0,0,07:00-07:30,50,1,0,22
15,2025-01-15,0,0,07:00-07:30,50,1,0,23
15,2025-01-15,0,0,07:00-07:30,50,1,0,24
15,2025-01-15,0,0,07:00-07:30,50,0,1,25
15,2025-01-15,0,0,07:00-07:30,50,1,0,26
15,2025-01-15,0,0,07:00-07:30,50,1,0,27
15,2025-01-15,0,0,07:00-07:30,50,1,0,28
15,2025-01-15,0,0,07:00-07:30,50,1,0,29
15,2025-01-15,0,0,07:00-07:30,50,0,1,30
15,2025-01-15,0,0,07:00-07:30,50,1,0,31
15,2025-01-15,0,0,07:00-07:30,50,0,1,32
15,2025-01-15,0,0,07:00-07:30,50,1,0,33
15,2025-01-15,0,0,07:00-07:30,50,0,1,34
15,2025-01-15,0,0,07:00-07:30,50,1,0,35
15,2025-01-15,0,0,07:00-07:30,50,0,1,36
15,2025-01-15,0,0,07:00-07:30,50,1,0,37
15,2025-01-15,0,0,07:00-07:30,50,1,0,38
15,2025-01-15,0,0,07:00-07:30,50,1,0,39
15,2025-01-15,0,0,07:00-07:30,50,1,0,40
15,2025-01-15,0,0,07:00-07:30,50,1,0,41
15,2025-01-15,0,0,07:00-07:30,50,1,0,42
15,2025-01-15,0,0,07:00-07:30,50,0,1,43
15,2025-01-15,0,0,07:00-07:30,50,1,0,44
15,2025-01-15,0,0,07:00-07:30,50,0,1,45
15,2025-01-15,0,0,07:00-07:30,50,1,0,46
15,2025-01-15,0,0,07:00-07:30,50,1,0,47
15,2025-01-15,0,0,07:00-07:30,50,1,0,48
15,2025-01-15,0,0,07:00-07:30,50,1,0,49
15,2025-01-15,0,0,07:00-07:30,50,1,0,50
15,2025-01-15,0,0,07:30-08:00,50,0,1,1
15,2025-01-15,0,0,07:30-08:00,50,1,0,2
15,2025-01-15,0,0,07:30-08:00,50,1,0,3
15,2025-01-15,0,0,07:30-08:00,50,0,1,4
15,2025-01-15,0,0,07:30-08:00,50,1,0,5
15,2025-01-15,0,0,07:30-08:00,50,1,0,6
15,2025-01-15,0,0,07:30-08:00,50,1,0,7
15,2025-01-15,0,0,07:30-08:00,50,1,0,8
15,2025-01-15,0,0,07:30-08:00,50,1,0,9
15,2025-01-15,0,0,07:30-08:00,50,0,1,10
15,2025-01-15,0,0,07:30-08:00,50,1,0,11
15,2025-01-15,0,0,07:30-08:00,50,1,0,12
15,2025-01-15,0,0,07:30-08:00,50,1,0,13
15,2025-01-15,0,0,07:30-08:00,50,1,0,14
15,2025-01-15,0,0,07:30-08:00,50,1,0,15
15,2025-01-15,0,0,07:30-08:00,50,1,0,16
15,2025-01-15,0,0,07:30-08:00,50,1,0,17
15,2025-01-15,0,0,07:30-08:00,50,1,0,18
15,2025-01-15,0,0,07:30-08:00,50,1,0,19
15,2025-01-15,0,0,07:30-08:00,50,1,0,20
15,2025-01-15,0,0,07:30-08:00,50,1,0,21
15,2025-01-15,0,0,07:30-08:00,50,1,0,22
15,2025-01-15,0,0,07:30-08:00,50,0,1,23
15,2025-01-15,0,0,07:30-08:00,50,1,0,24
15,2025-01-15,0,0,07:30-08:00,50,1,0,25
15,2025-01-15,0,0,07:30-08:00,50,1,0,26
15,2025-01-15,0,0,07:30-08:00,50,0,1,27
15,2025-01-15,0,0,07:30-08:00,50,0,1,28
15,2025-01-15,0,0,07:30-08:00,50,1,0,29
15,2025-01-15,0,0,07:30-08:00,50,1,0,30
15,2025-01-15,0,0,07:30-08:00,50,0,1,31
15,2025-01-15,0,0,07:30-08:00,50,0,1,32
15,2025-01-15,0,0,07:30-08:00,50,1,0,33
15,2025-01-15,0,0,07:30-08:00,50,0,1,34
15,2025-01-15,0,0,07:30-08:00,50,1,0,35
15,2025-01-15,0,0,07:30-08:00,50,1,0,36
15,2025-01-15,0,0,07:30-08:00,50,0,1,37
15,2025-01-15,0,0,07:30-08:00,50,1,0,38
15,2025-01-15,0,0,07:30-08:00,50,1,0,39
15,2025-01-15,0,0,07:30-08:00,50,1,0,40
15,2025-01-15,0,0,07:30-08:00,50,1,0,41
15,2025-01-15,0,0,07:30-08:00,50,1,0,42
15,2025-01-15,0,0,07:30-08:00,50,0,1,43
15,2025-01-15,0,0,07:30-08:00,50,0,1,44
15,2025-01-15,0,0,07:30-08:00,50,0,1,45
15,2025-01-15,0,0,07:30-08:00,50,0,1,46
15,2025-01-15,0,0,07:30-08:00,50,0,1,47
15,2025-01-15,0,0,07:30-08:00,50,0,1,48
15,2025-01-15,0,0,07:30-08:00,50,0,1,49
15,2025-01-15,0,0,07:30-08:00,50,1,0,50
15,2025-01-15,0,0,08:00-08:30,50,1,0,1
15,2025-01-15,0,0,08:00-08:30,50,1,0,2
15,2025-01-15,0,0,08:00-08:30,50,0,1,3
15,2025-01-15,0,0,08:00-08:30,50,0,1,4
15,2025-01-15,0,0,08:00-08:30,50,1,0,5
15,2025-01-15,0,0,08:00-08:30,50,0,1,6
15,2025-01-15,0,0,08:00-08:30,50,0,1,7
15,2025-01-15,0,0,08:00-08:30,50,0,1,8
15,2025-01-15,0,0,08:00-08:30,50,1,0,9
15,2025-01-15,0,0,08:00-08:30,50,0,1,10
15,2025-01-15,0,0,08:00-08:30,50,1,0,11
15,2025-01-15,0,0,08:00-08:30,50,0,1,12
15,2025-01-15,0,0,08:00-08:30,50,0,1,13
15,2025-01-15,0,0,08:00-08:30,50,0,1,14
15,2025-01-15,0,0,08:00-08:30,50,0,1,15
15,2025-01-15,0,0,08:00-08:30,50,1,0,16
15,2025-01-15,0,0,08:00-08:30,50,1,0,17
15,2025-01-15,0,0,08:00-08:30,50,0,1,18
15,2025-01-15,0,0,08:00-08:30,50,0,1,19
15,2025-01-15,0,0,08:00-08:30,50,1,0,20
15,2025-01-15,0,0,08:00-08:30,50,1,0,21
15,2025-01-15,0,0,08:00-08:30,50,1,0,22
15,2025-01-15,0,0,08:00-08:30,50,0,1,23
15,2025-01-15,0,0,08:00-08:30,50,1,0,24
15,2025-01-15,0,0,08:00-08:30,50,1,0,25
15,2025-01-15,0,0,08:00-08:30,50,0,1,26
15,2025-01-15,0,0,08:00-08:30,50,1,0,27
15,2025-01-15,0,0,08:00-08:30,50,1,0,28
15,2025-01-15,0,0,08:00-08:30,50,1,0,29
15,2025-01-15,0,0,08:00-08:30,50,1,0,30
15,2025-01-15,0,0,08:00-08:30,50,0,1,31
15,2025-01-15,0,0,08:00-08:30,50,0,1,32
15,2025-01-15,0,0,08:00-08:30,50,1,0,33
15,2025-01-15,0,0,08:00-08:30,50,1,0,34
15,2025-01-15,0,0,08:00-08:30,50,0,1,35
15,2025-01-15,0,0,08:00-08:30,50,0,1,36
15,2025-01-15,0,0,08:00-08:30,50,1,0,37
15,2025-01-15,0,0,08:00-08:30,50,0,1,38
15,2025-01-15,0,0,08:00-08:30,50,0,1,39
15,2025-01-15,0,0,08:00-08:30,50,0,1,40
15,2025-01-15,0,0,08:00-08:30,50,1,0,41
15,2025-01-15,0,0,08:00-08:30,50,1,0,42
15,2025-01-15,0,0,08:00-08:30,50,1,0,43
15,2025-01-15,0,0,08:00-08:30,50,1,0,44
15,2025-01-15,0,0,08:00-08:30,50,1,0,45
15,2025-01-15,0,0,08:00-08:30,50,0,1,46
15,2025-01-15,0,0,08:00-08:30,50,1,0,47
15,2025-01-15,0,0,08:00-08:30,50,0,1,48
15,2025-01-15,0,0,08:00-08:30,50,1,0,49
15,2025-01-15,0,0,08:00-08:30,50,1,0,50
15,2025-01-15,0,0,08:30-09:00,50,0,1,1
15,2025-01-15,0,0,08:30-09:00,50,1,0,2
15,2025-01-15,0,0,08:30-09:00,50,1,0,3
15,2025-01-15,0,0,08:30-09:00,50,0,1,4
15,2025-01-15,0,0,08:30-09:00,50,1,0,5
15,2025-01-15,0,0,08:30-09:00,50,0,1,6
15,2025-01-15,0,0,08:30-09:00,50,1,0,7
15,2025-01-15,0,0,08:30-09:00,50,1,0,8
15,2025-01-15,0,0,08:30-09:00,50,0,1,9
15,2025-01-15,0,0,08:30-09:00,50,1,0,10
15,2025-01-15,0,0,08:30-09:00,50,1,0,11
15,2025-01-15,0,0,08:30-09:00,50,1,0,12
15,2025-01-15,0,0,08:30-09:00,50,0,1,13
15,2025-01-15,0,0,08:30-09:00,50,1,0,14
15,2025-01-15,0,0,08:30-09:00,50,0,1,15
15,2025-01-15,0,0,08:30-09:00,50,1,0,16
15,2025-01-15,0,0,08:30-09:00,50,1,0,17
15,2025-01-15,0,0,08:30-09:00,50,0,1,18
15,2025-01-15,0,0,08:30-09:00,50,0,1,19
15,2025-01-15,0,0,08:30-09:00,50,1,0,20
15,2025-01-15,0,0,08:30-09:00,50,1,0,21
15,2025-01-15,0,0,08:30-09:00,50,1,0,22
15,2025-01-15,0,0,08:30-09:00,50,0,1,23
15,2025-01-15,0,0,08:30-09:00,50,1,0,24
15,2025-01-15,0,0,08:30-09:00,50,1,0,25
15,2025-01-15,0,0,08:30-09:00,50,0,1,26
15,2025-01-15,0,0,08:30-09:00,50,0,1,27
15,2025-01-15,0,0,08:30-09:00,50,0,1,28
15,2025-01-15,0,0,08:30-09:00,50,1,0,29
15,2025-01-15,0,0,08:30-09:00,50,1,0,30
15,2025-01-15,0,0,08:30-09:00,50,0,1,31
15,2025-01-15,0,0,08:30-09:00,50,0,1,32
15,2025-01-15,0,0,08:30-09:00,50,1,0,33
15,2025-01-15,0,0,08:30-09:00,50,0,1,34
15,2025-01-15,0,0,08:30-09:00,50,0,1,35
15,2025-01-15,0,0,08:30-09:00,50,1,0,36
15,2025-01-15,0,0,08:30-09:00,50,1,0,37
15,2025-01-15,0,0,08:30-09:00,50,0,1,38
15,2025-01-15,0,0,08:30-09:00,50,0,1,39
15,2025-01-15,0,0,08:30-09:00,50,1,0,40
15,2025-01-15,0,0,08:30-09:00,50,1,0,41
15,2025-01-15,0,0,08:30-09:00,50,1,0,42
15,2025-01-15,0,0,08:30-09:00,50,1,0,43
15,2025-01-15,0,0,08:30-09:00,50,1,0,44
15,2025-01-15,0,0,08:30-09:00,50,1,0,45
15,2025-01-15,0,0,08:30-09:00,50,1,0,46
15,2025-01-15,0,0,08:30-09:00,50,0,1,47
15,2025-01-15,0,0,08:30-09:00,50,1,0,48
15,2025-01-15,0,0,08:30-09:00,50,0,1,49
15,2025-01-15,0,0,08:30-09:00,50,0,1,50
15,2025-01-15,0,0,09:00-09:30,50,1,0,1
15,2025-01-15,0,0,09:00-09:30,50,1,0,2
15,2025-01-15,0,0,09:00-09:30,50,1,0,3
15,2025-01-15,0,0,09:00-09:30,50,0,1,4
15,2025-01-15,0,0,09:00-09:30,50,1,0,5
15,2025-01-15,0,0,09:00-09:30,50,1,0,6
15,2025-01-15,0,0,09:00-09:30,50,0,1,7
15,2025-01-15,0,0,09:00-09:30,50,0,1,8
15,2025-01-15,0,0,09:00-09:30,50,0,1,9
15,2025-01-15,0,0,09:00-09:30,50,0,1,10
15,2025-01-15,0,0,09:00-09:30,50,0,1,11
15,2025-01-15,0,0,09:00-09:30,50,1,0,12
15,2025-01-15,0,0,09:00-09:30,50,0,1,13
15,2025-01-15,0,0,09:00-09:30,50,0,1,14
15,2025-01-15,0,0,09:00-09:30,50,0,1,15
15,2025-01-15,0,0,09:00-09:30,50,0,1,16
15,2025-01-15,0,0,09:00-09:30,50,0,1,17
15,2025-01-15,0,0,09:00-09:30,50,1,0,18
15,2025-01-15,0,0,09:00-09:30,50,1,0,19
15,2025-01-15,0,0,09:00-09:30,50,0,1,20
15,2025-01-15,0,0,09:00-09:30,50,1,0,21
15,2025-01-15,0,0,09:00-09:30,50,0,1,22
15,2025-01-15,0,0,09:00-09:30,50,0,1,23
15,2025-01-15,0,0,09:00-09:30,50,0,1,24
15,2025-01-15,0,0,09:00-09:30,50,0,1,25
15,2025-01-15,0,0,09:00-09:30,50,0,1,26
15,2025-01-15,0,0,09:00-09:30,50,0,1,27
15,2025-01-15,0,0,09:00-09:30,50,1,0,28
15,2025-01-15,0,0,09:00-09:30,50,0,1,29
15,2025-01-15,0,0,09:00-09:30,50,1,0,30
15,2025-01-15,0,0,09:00-09:30,50,1,0,31
15,2025-01-15,0,0,09:00-09:30,50,1,0,32
15,2025-01-15,0,0,09:00-09:30,50,1,0,33
15,2025-01-15,0,0,09:00-09:30,50,0,1,34
15,2025-01-15,0,0,09:00-09:30,50,1,0,35
15,2025-01-15,0,0,09:00-09:30,50,0,1,36
15,2025-01-15,0,0,09:00-09:30,50,0,1,37
15,2025-01-15,0,0,09:00-09:30,50,1,0,38
15,2025-01-15,0,0,09:00-09:30,50,0,1,39
15,2025-01-15,0,0,09:00-09:30,50,1,0,40
15,2025-01-15,0,0,09:00-09:30,50,0,1,41
15,2025-01-15,0,0,09:00-09:30,50,0,1,42
15,2025-01-15,0,0,09:00-09:30,50,1,0,43
15,2025-01-15,0,0,09:00-09:30,50,0,1,44
15,2025-01-15,0,0,09:00-09:30,50,0,1,45
15,2025-01-15,0,0,09:00-09:30,50,1,0,46
15,2025-01-15,0,0,09:00-09:30,50,0,1,47
15,2025-01-15,0,0,09:00-09:30,50,0,1,48
15,2025-01-15,0,0,09:00-09:30,50,1,0,49
15,2025-01-15,0,0,09:00-09:30,50,1,0,50
15,2025-01-15,0,0,09:30-10:00,50,0,1,1
15,2025-01-15,0,0,09:30-10:00,50,1,0,2
15,2025-01-15,0,0,09:30-10:00,50,0,1,3
15,2025-01-15,0,0,09:30-10:00,50,0,1,4
15,2025-01-15,0,0,09:30-10:00,50,0,1,5
15,2025-01-15,0,0,09:30-10:00,50,1,0,6
15,2025-01-15,0,0,09:30-10:00,50,0,1,7
15,2025-01-15,0,0,09:30-10:00,50,0,1,8
15,2025-01-15,0,0,09:30-10:00,50,1,0,9
15,2025-01-15,0,0,09:30-10:00,50,0,1,10
15,2025-01-15,0,0,09:30-10:00,50,1,0,11
15,2025-01-15,0,0,09:30-10:00,50,0,1,12
15,2025-01-15,0,0,09:30-10:00,50,1,0,13
15,2025-01-15,0,0,09:30-10:00,50,1,0,14
15,2025-01-15,0,0,09:30-10:00,50,1,0,15
15,2025-01-15,0,0,09:30-10:00,50,0,1,16
15,2025-01-15,0,0,09:30-10:00,50,1,0,17
15,2025-01-15,0,0,09:30-10:00,50,1,0,18
15,2025-01-15,0,0,09:30-10:00,50,0,1,19
15,2025-01-15,0,0,09:30-10:00,50,0,1,20
15,2025-01-15,0,0,09:30-10:00,50,1,0,21
15,2025-01-15,0,0,09:30-10:00,50,0,1,22
15,2025-01-15,0,0,09:30-10:00,50,1,0,23
15,2025-01-15,0,0,09:30-10:00,50,0,1,24
15,2025-01-15,0,0,09:30-10:00,50,0,1,25
15,2025-01-15,0,0,09:30-10:00,50,0,1,26
15,2025-01-15,0,0,09:30-10:00,50,0,1,27
15,2025-01-15,0,0,09:30-10:00,50,0,1,28
15,2025-01-15,0,0,09:30-10:00,50,1,0,29
15,2025-01-15,0,0,09:30-10:00,50,1,0,30
15,2025-01-15,0,0,09:30-10:00,50,0,1,31
15,2025-01-15,0,0,09:30-10:00,50,0,1,32
15,2025-01-15,0,0,09:30-10:00,50,1,0,33
15,2025-01-15,0,0,09:30-10:00,50,1,0,34
15,2025-01-15,0,0,09:30-10:00,50,1,0,35
15,2025-01-15,0,0,09:30-10:00,50,0,1,36
15,2025-01-15,0,0,09:30-10:00,50,0,1,37
15,2025-01-15,0,0,09:30-10:00,50,0,1,38
15,2025-01-15,0,0,09:30-10:00,50,0,1,39
15,2025-01-15,0,0,09:30-10:00,50,0,1,40
15,2025-01-15,0,0,09:30-10:00,50,1,0,41
15,2025-01-15,0,0,09:30-10:00,50,1,0,42
15,2025-01-15,0,0,09:30-10:00,50,0,1,43
15,2025-01-15,0,0,09:30-10:00,50,1,0,44
15,2025-01-15,0,0,09:30-10:00,50,1,0,45
15,2025-01-15,0,0,09:30-10:00,50,0,1,46
15,2025-01-15,0,0,09:30-10:00,50,1,0,47
15,2025-01-15,0,0,09:30-10:00,50,1,0,48
15,2025-01-15,0,0,09:30-10:00,50,1,0,49
15,2025-01-15,0,0,09:30-10:00,50,1,0,50
15,2025-01-15,0,0,16:00-16:30,50,1,0,1
15,2025-01-15,0,0,16:00-16:30,50,1,0,2
15,2025-01-15,0,0,16:00-16:30,50,1,0,3
15,2025-01-15,0,0,16:00-16:30,50,1,0,4
15,2025-01-15,0,0,16:00-16:30,50,0,1,5
15,2025-01-15,0,0,16:00-16:30,50,1,0,6
15,2025-01-15,0,0,16:00-16:30,50,1,0,7
15,2025-01-15,0,0,16:00-16:30,50,1,0,8
15,2025-01-15,0,0,16:00-16:30,50,1,0,9
15,2025-01-15,0,0,16:00-16:30,50,1,0,10
15,2025-01-15,0,0,16:00-16:30,50,0,1,11
15,2025-01-15,0,0,16:00-16:30,50,1,0,12
15,2025-01-15,0,0,16:00-16:30,50,1,0,13
15,2025-01-15,0,0,16:00-16:30,50,1,0,14
15,2025-01-15,0,0,16:00-16:30,50,0,1,15
15,2025-01-15,0,0,16:00-16:30,50,1,0,16
15,2025-01-15,0,0,16:00-16:30,50,0,1,17
15,2025-01-15,0,0,16:00-16:30,50,0,1,18
15,2025-01-15,0,0,16:00-16:30,50,0,1,19
15,2025-01-15,0,0,16:00-16:30,50,1,0,20
15,2025-01-15,0,0,16:00-16:30,50,0,1,21
15,2025-01-15,0,0,16:00-16:30,50,1,0,22
15,2025-01-15,0,0,16:00-16:30,50,0,1,23
15,2025-01-15,0,0,16:00-16:30,50,1,0,24
15,2025-01-15,0,0,16:00-16:30,50,1,0,25
15,2025-01-15,0,0,16:00-16:30,50,1,0,26
15,2025-01-15,0,0,16:00-16:30,50,0,1,27
15,2025-01-15,0,0,16:00-16:30,50,1,0,28
15,2025-01-15,0,0,16:00-16:30,50,1,0,29
15,2025-01-15,0,0,16:00-16:30,50,1,0,30
15,2025-01-15,0,0,16:00-16:30,50,1,0,31
15,2025-01-15,0,0,16:00-16:30,50,0,1,32
15,2025-01-15,0,0,16:00-16:30,50,1,0,33
15,2025-01-15,0,0,16:00-16:30,50,1,0,34
15,2025-01-15,0,0,16:00-16:30,50,1,0,35
15,2025-01-15,0,0,16:00-16:30,50,1,0,36
15,2025-01-15,0,0,16:00-16:30,50,0,1,37
15,2025-01-15,0,0,16:00-16:30,50,0,1,38
15,2025-01-15,0,0,16:00-16:30,50,0,1,39
15,2025-01-15,0,0,16:00-16:30,50,1,0,40
15,2025-01-15,0,0,16:00-16:30,50,1,0,41
15,2025-01-15,0,0,16:00-16:30,50,0,1,42
15,2025-01-15,0,0,16:00-16:30,50,0,1,43
15,2025-01-15,0,0,16:00-16:30,50,1,0,44
15,2025-01-15,0,0,16:00-16:30,50,1,0,45
15,2025-01-15,0,0,16:00-16:30,50,1,0,46
15,2025-01-15,0,0,16:00-16:30,50,1,0,47
15,2025-01-15,0,0,16:00-16:30,50,1,0,48
15,2025-01-15,0,0,16:00-16:30,50,1,0,49
15,2025-01-15,0,0,16:00-16:30,50,0,1,50
15,2025-01-15,0,0,16:30-17:00,50,0,1,1
15,2025-01-15,0,0,16:30-17:00,50,0,1,2
15,2025-01-15,0,0,16:30-17:00,50,0,1,3
15,2025-01-15,0,0,16:30-17:00,50,0,1,4
15,2025-01-15,0,0,16:30-17:00,50,0,1,5
15,2025-01-15,0,0,16:30-17:00,50,1,0,6
15,2025-01-15,0,0,16:30-17:00,50,0,1,7
15,2025-01-15,0,0,16:30-17:00,50,0,1,8
15,2025-01-15,0,0,16:30-17:00,50,1,0,9
15,2025-01-15,0,0,16:30-17:00,50,1,0,10
15,2025-01-15,0,0,16:30-17:00,50,1,0,11
15,2025-01-15,0,0,16:30-17:00,50,0,1,12
15,2025-01-15,0,0,16:30-17:00,50,1,0,13
15,2025-01-15,0,0,16:30-17:00,50,0,1,14
15,2025-01-15,0,0,16:30-17:00,50,1,0,15
15,2025-01-15,0,0,16:30-17:00,50,0,1,16
15,2025-01-15,0,0,16:30-17:00,50,1,0,17
15,2025-01-15,0,0,16:30-17:00,50,1,0,18
15,2025-01-15,0,0,16:30-17:00,50,0,1,19
15,2025-01-15,0,0,16:30-17:00,50,1,0,20
15,2025-01-15,0,0,16:30-17:00,50,1,0,21
15,2025-01-15,0,0,16:30-17:00,50,1,0,22
15,2025-01-15,0,0,16:30-17:00,50,1,0,23
15,2025-01-15,0,0,16:30-17:00,50,1,0,24
15,2025-01-15,0,0,16:30-17:00,50,0,1,25
15,2025-01-15,0,0,16:30-17:00,50,1,0,26
15,2025-01-15,0,0,16:30-17:00,50,1,0,27
15,2025-01-15,0,0,16:30-17:00,50,1,0,28
15,2025-01-15,0,0,16:30-17:00,50,1,0,29
15,2025-01-15,0,0,16:30-17:00,50,0,1,30
15,2025-01-15,0,0,16:30-17:00,50,0,1,31
15,2025-01-15,0,0,16:30-17:00,50,1,0,32
15,2025-01-15,0,0,16:30-17:00,50,1,0,33
15,2025-01-15,0,0,16:30-17:00,50,1,0,34
15,2025-01-15,0,0,16:30-17:00,50,1,0,35
15,2025-01-15,0,0,16:30-17:00,50,0,1,36
15,2025-01-15,0,0,16:30-17:00,50,1,0,37
15,2025-01-15,0,0,16:30-17:00,50,1,0,38
15,2025-01-15,0,0,16:30-17:00,50,1,0,39
15,2025-01-15,0,0,16:30-17:00,50,0,1,40
15,2025-01-15,0,0,16:30-17:00,50,0,1,41
15,2025-01-15,0,0,16:30-17:00,50,0,1,42
15,2025-01-15,0,0,16:30-17:00,50,0,1,43
15,2025-01-15,0,0,16:30-17:00,50,0,1,44
15,2025-01-15,0,0,16:30-17:00,50,0,1,45
15,2025-01-15,0,0,16:30-17:00,50,1,0,46
15,2025-01-15,0,0,16:30-17:00,50,1,0,47
15,2025-01-15,0,0,16:30-17:00,50,0,1,48
15,2025-01-15,0,0,16:30-17:00,50,0,1,49
15,2025-01-15,0,0,16:30-17:00,50,0,1,50
15,2025-01-15,0,0,17:00-17:30,50,1,0,1
15,2025-01-15,0,0,17:00-17:30,50,0,1,2
15,2025-01-15,0,0,17:00-17:30,50,1,0,3
15,2025-01-15,0,0,17:00-17:30,50,1,0,4
15,2025-01-15,0,0,17:00-17:30,50,0,1,5
15,2025-01-15,0,0,17:00-17:30,50,0,1,6
15,2025-01-15,0,0,17:00-17:30,50,1,0,7
15,2025-01-15,0,0,17:00-17:30,50,0,1,8
15,2025-01-15,0,0,17:00-17:30,50,1,0,9
15,2025-01-15,0,0,17:00-17:30,50,1,0,10
15,2025-01-15,0,0,17:00-17:30,50,0,1,11
15,2025-01-15,0,0,17:00-17:30,50,0,1,12
15,2025-01-15,0,0,17:00-17:30,50,0,1,13
15,2025-01-15,0,0,17:00-17:30,50,0,1,14
15,2025-01-15,0,0,17:00-17:30,50,1,0,15
15,2025-01-15,0,0,17:00-17:30,50,0,1,16
15,2025-01-15,0,0,17:00-17:30,50,1,0,17
15,2025-01-15,0,0,17:00-17:30,50,1,0,18
15,2025-01-15,0,0,17:00-17:30,50,0,1,19
15,2025-01-15,0,0,17:00-17:30,50,0,1,20
15,2025-01-15,0,0,17:00-17:30,50,1,0,21
15,2025-01-15,0,0,17:00-17:30,50,0,1,22
15,2025-01-15,0,0,17:00-17:30,50,1,0,23
15,2025-01-15,0,0,17:00-17:30,50,0,1,24
15,2025-01-15,0,0,17:00-17:30,50,1,0,25
15,2025-01-15,0,0,17:00-17:30,50,1,0,26
15,2025-01-15,0,0,17:00-17:30,50,1,0,27
15,2025-01-15,0,0,17:00-17:30,50,1,0,28
15,2025-01-15,0,0,17:00-17:30,50,1,0,29
15,2025-01-15,0,0,17:00-17:30,50,0,1,30
15,2025-01-15,0,0,17:00-17:30,50,0,1,31
15,2025-01-15,0,0,17:00-17:30,50,1,0,32
15,2025-01-15,0,0,17:00-17:30,50,0,1,33
15,2025-01-15,0,0,17:00-17:30,50,1,0,34
15,2025-01-15,0,0,17:00-17:30,50,1,0,35
15,2025-01-15,0,0,17:00-17:30,50,0,1,36
15,2025-01-15,0,0,17:00-17:30,50,1,0,37
15,2025-01-15,0,0,17:00-17:30,50,1,0,38
15,2025-01-15,0,0,17:00-17:30,50,1,0,39
15,2025-01-15,0,0,17:00-17:30,50,0,1,40
15,2025-01-15,0,0,17:00-17:30,50,0,1,41
15,2025-01-15,0,0,17:00-17:30,50,1,0,42
15,2025-01-15,0,0,17:00-17:30,50,1,0,43
15,2025-01-15,0,0,17:00-17:30,50,0,1,44
15,2025-01-15,0,0,17:00-17:30,50,0,1,45
15,2025-01-15,0,0,17:00-17:30,50,1,0,46
15,2025-01-15,0,0,17:00-17:30,50,0,1,47
15,2025-01-15,0,0,17:00-17:30,50,1,0,48
15,2025-01-15,0,0,17:00-17:30,50,0,1,49
15,2025-01-15,0,0,17:00-17:30,50,0,1,50
15,2025-01-15,0,0,17:30-18:00,50,0,1,1
15,2025-01-15,0,0,17:30-18:00,50,0,1,2
15,2025-01-15,0,0,17:30-18:00,50,0,1,3
15,2025-01-15,0,0,17:30-18:00,50,0,1,4
15,2025-01-15,0,0,17:30-18:00,50,0,1,5
15,2025-01-15,0,0,17:30-18:00,50,0,1,6
15,2025-01-15,0,0,17:30-18:00,50,1,0,7
15,2025-01-15,0,0,17:30-18:00,50,0,1,8
15,2025-01-15,0,0,17:30-18:00,50,1,0,9
15,2025-01-15,0,0,17:30-18:00,50,1,0,10
15,2025-01-15,0,0,17:30-18:00,50,0,1,11
15,2025-01-15,0,0,17:30-18:00,50,0,1,12
15,2025-01-15,0,0,17:30-18:00,50,0,1,13
15,2025-01-15,0,0,17:30-18:00,50,0,1,14
15,2025-01-15,0,0,17:30-18:00,50,1,0,15
15,2025-01-15,0,0,17:30-18:00,50,0,1,16
15,2025-01-15,0,0,17:30-18:00,50,1,0,17
15,2025-01-15,0,0,17:30-18:00,50,1,0,18
15,2025-01-15,0,0,17:30-18:00,50,0,1,19
15,2025-01-15,0,0,17:30-18:00,50,1,0,20
15,2025-01-15,0,0,17:30-18:00,50,0,1,21
15,2025-01-15,0,0,17:30-18:00,50,1,0,22
15,2025-01-15,0,0,17:30-18:00,50,0,1,23
15,2025-01-15,0,0,17:30-18:00,50,1,0,24
15,2025-01-15,0,0,17:30-18:00,50,0,1,25
15,2025-01-15,0,0,17:30-18:00,50,1,0,26
15,2025-01-15,0,0,17:30-18:00,50,0,1,27
15,2025-01-15,0,0,17:30-18:00,50,0,1,28
15,2025-01-15,0,0,17:30-18:00,50,1,0,29
15,2025-01-15,0,0,17:30-18:00,50,0,1,30
15,2025-01-15,0,0,17:30-18:00,50,1,0,31
15,2025-01-15,0,0,17:30-18:00,50,0,1,32
15,2025-01-15,0,0,17:30-18:00,50,0,1,33
15,2025-01-15,0,0,17:30-18:00,50,0,1,34
15,2025-01-15,0,0,17:30-18:00,50,0,1,35
15,2025-01-15,0,0,17:30-18:00,50,1,0,36
15,2025-01-15,0,0,17:30-18:00,50,1,0,37
15,2025-01-15,0,0,17:30-18:00,50,1,0,38
15,2025-01-15,0,0,17:30-18:00,50,1,0,39
15,2025-01-15,0,0,17:30-18:00,50,1,0,40
15,2025-01-15,0,0,17:30-18:00,50,0,1,41
15,2025-01-15,0,0,17:30-18:00,50,1,0,42
15,2025-01-15,0,0,17:30-18:00,50,0,1,43
15,2025-01-15,0,0,17:30-18:00,50,0,1,44
15,2025-01-15,0,0,17:30-18:00,50,0,1,45
15,2025-01-15,0,0,17:30-18:00,50,1,0,46
15,2025-01-15,0,0,17:30-18:00,50,1,0,47
15,2025-01-15,0,0,17:30-18:00,50,1,0,48
15,2025-01-15,0,0,17:30-18:00,50,1,0,49
15,2025-01-15,0,0,17:30-18:00,50,1,0,50
15,2025-01-15,0,0,18:00-18:30,50,1,0,1
15,2025-01-15,0,0,18:00-18:30,50,1,0,2
15,2025-01-15,0,0,18:00-18:30,50,0,1,3
15,2025-01-15,0,0,18:00-18:30,50,0,1,4
15,2025-01-15,0,0,18:00-18:30,50,0,1,5
15,2025-01-15,0,0,18:00-18:30,50,0,1,6
15,2025-01-15,0,0,18:00-18:30,50,0,1,7
15,2025-01-15,0,0,18:00-18:30,50,1,0,8
15,2025-01-15,0,0,18:00-18:30,50,0,1,9
15,2025-01-15,0,0,18:00-18:30,50,1,0,10
15,2025-01-15,0,0,18:00-18:30,50,0,1,11
15,2025-01-15,0,0,18:00-18:30,50,0,1,12
15,2025-01-15,0,0,18:00-18:30,50,1,0,13
15,2025-01-15,0,0,18:00-18:30,50,1,0,14
15,2025-01-15,0,0,18:00-18:30,50,0,1,15
15,2025-01-15,0,0,18:00-18:30,50,0,1,16
15,2025-01-15,0,0,18:00-18:30,50,0,1,17
15,2025-01-15,0,0,18:00-18:30,50,1,0,18
15,2025-01-15,0,0,18:00-18:30,50,0,1,19
15,2025-01-15,0,0,18:00-18:30,50,1,0,20
15,2025-01-15,0,0,18:00-18:30,50,0,1,21
15,2025-01-15,0,0,18:00-18:30,50,0,1,22
15,2025-01-15,0,0,18:00-18:30,50,1,0,23
15,2025-01-15,0,0,18:00-18:30,50,1,0,24
15,2025-01-15,0,0,18:00-18:30,50,0,1,25
15,2025-01-15,0,0,18:00-18:30,50,0,1,26
15,2025-01-15,0,0,18:00-18:30,50,0,1,27
15,2025-01-15,0,0,18:00-18:30,50,0,1,28
15,2025-01-15,0,0,18:00-18:30,50,0,1,29
15,2025-01-15,0,0,18:00-18:30,50,0,1,30
15,2025-01-15,0,0,18:00-18:30,50,1,0,31
15,2025-01-15,0,0,18:00-18:30,50,1,0,32
15,2025-01-15,0,0,18:00-18:30,50,0,1,33
15,2025-01-15,0,0,18:00-18:30,50,1,0,34
15,2025-01-15,0,0,18:00-18:30,50,1,0,35
15,2025-01-15,0,0,18:00-18:30,50,1,0,36
15,2025-01-15,0,0,18:00-18:30,50,1,0,37
15,2025-01-15,0,0,18:00-18:30,50,0,1,38
15,2025-01-15,0,0,18:00-18:30,50,0,1,39
15,2025-01-15,0,0,18:00-18:30,50,1,0,40
15,2025-01-15,0,0,18:00-18:30,50,0,1,41
15,2025-01-15,0,0,18:00-18:30,50,1,0,42
15,2025-01-15,0,0,18:00-18:30,50,0,1,43
15,2025-01-15,0,0,18:00-18:30,50,0,1,44
15,2025-01-15,0,0,18:00-18:30,50,0,1,45
15,2025-01-15,0,0,18:00-18:30,50,0,1,46
15,2025-01-15,0,0,18:00-18:30,50,1,0,47
15,2025-01-15,0,0,18:00-18:30,50,1,0,48
15,2025-01-15,0,0,18:00-18:30,50,0,1,49
15,2025-01-15,0,0,18:00-18:30,50,1,0,50
15,2025-01-15,0,0,18:30-19:00,50,0,1,1
15,2025-01-15,0,0,18:30-19:00,50,0,1,2
15,2025-01-15,0,0,18:30-19:00,50,1,0,3
15,2025-01-15,0,0,18:30-19:00,50,1,0,4
15,2025-01-15,0,0,18:30-19:00,50,0,1,5
15,2025-01-15,0,0,18:30-19:00,50,1,0,6
15,2025-01-15,0,0,18:30-19:00,50,0,1,7
15,2025-01-15,0,0,18:30-19:00,50,1,0,8
15,2025-01-15,0,0,18:30-19:00,50,0,1,9
15,2025-01-15,0,0,18:30-19:00,50,0,1,10
15,2025-01-15,0,0,18:30-19:00,50,1,0,11
15,2025-01-15,0,0,18:30-19:00,50,1,0,12
15,2025-01-15,0,0,18:30-19:00,50,0,1,13
15,2025-01-15,0,0,18:30-19:00,50,1,0,14
15,2025-01-15,0,0,18:30-19:00,50,0,1,15
15,2025-01-15,0,0,18:30-19:00,50,1,0,16
15,2025-01-15,0,0,18:30-19:00,50,1,0,17
15,2025-01-15,0,0,18:30-19:00,50,1,0,18
15,2025-01-15,0,0,18:30-19:00,50,1,0,19
15,2025-01-15,0,0,18:30-19:00,50,1,0,20
15,2025-01-15,0,0,18:30-19:00,50,1,0,21
15,2025-01-15,0,0,18:30-19:00,50,0,1,22
15,2025-01-15,0,0,18:30-19:00,50,0,1,23
15,2025-01-15,0,0,18:30-19:00,50,0,1,24
15,2025-01-15,0,0,18:30-19:00,50,1,0,25
15,2025-01-15,0,0,18:30-19:00,50,0,1,26
15,2025-01-15,0,0,18:30-19:00,50,1,0,27
15,2025-01-15,0,0,18:30-19:00,50,0,1,28
15,2025-01-15,0,0,18:30-19:00,50,0,1,29
15,2025-01-15,0,0,18:30-19:00,50,1,0,30
15,2025-01-15,0,0,18:30-19:00,50,0,1,31
15,2025-01-15,0,0,18:30-19:00,50,1,0,32
15,2025-01-15,0,0,18:30-19:00,50,0,1,33
15,2025-01-15,0,0,18:30-19:00,50,0,1,34
15,2025-01-15,0,0,18:30-19:00,50,0,1,35
15,2025-01-15,0,0,18:30-19:00,50,0,1,36
15,2025-01-15,0,0,18:30-19:00,50,0,1,37
15,2025-01-15,0,0,18:30-19:00,50,0,1,38
15,2025-01-15,0,0,18:30-19:00,50,1,0,39
15,2025-01-15,0,0,18:30-19:00,50,1,0,40
15,2025-01-15,0,0,18:30-19:00,50,0,1,41
15,2025-01-15,0,0,18:30-19:00,50,0,1,42
15,2025-01-15,0,0,18:30-19:00,50,0,1,43
15,2025-01-15,0,0,18:30-19:00,50,0,1,44
15,2025-01-15,0,0,18:30-19:00,50,0,1,45
15,2025-01-15,0,0,18:30-19:00,50,0,1,46
15,2025-01-15,0,0,18:30-19:00,50,0,1,47
15,2025-01-15,0,0,18:30-19:00,50,0,1,48
15,2025-01-15,0,0,18:30-19:00,50,0,1,49
15,2025-01-15,0,0,18:30-19:00,50,0,1,50
16,2025-01-16,1,0,07:00-07:30,50,0,1,1
16,2025-01-16,1,0,07:00-07:30,50,1,0,2
16,2025-01-16,1,0,07:00-07:30,50,1,0,3
16,2025-01-16,1,0,07:00-07:30,50,1,0,4
16,2025-01-16,1,0,07:00-07:30,50,0,1,5
16,2025-01-16,1,0,07:00-07:30,50,0,1,6
16,2025-01-16,1,0,07:00-07:30,50,0,1,7
16,2025-01-16,1,0,07:00-07:30,50,1,0,8
16,2025-01-16,1,0,07:00-07:30,50,0,1,9
16,2025-01-16,1,0,07:00-07:30,50,0,1,10
16,2025-01-16,1,0,07:00-07:30,50,1,0,11
16,2025-01-16,1,0,07:00-07:30,50,1,0,12
16,2025-01-16,1,0,07:00-07:30,50,1,0,13
16,2025-01-16,1,0,07:00-07:30,50,1,0,14
16,2025-01-16,1,0,07:00-07:30,50,1,0,15
16,2025-01-16,1,0,07:00-07:30,50,0,1,16
16,2025-01-16,1,0,07:00-07:30,50,0,1,17
16,2025-01-16,1,0,07:00-07:30,50,1,0,18
16,2025-01-16,1,0,07:00-07:30,50,1,0,19
16,2025-01-16,1,0,07:00-07:30,50,1,0,20
16,2025-01-16,1,0,07:00-07:30,50,1,0,21
16,2025-01-16,1,0,07:00-07:30,50,0,1,22
16,2025-01-16,1,0,07:00-07:30,50,1,0,23
16,2025-01-16,1,0,07:00-07:30,50,1,0,24
16,2025-01-16,1,0,07:00-07:30,50,1,0,25
16,2025-01-16,1,0,07:00-07:30,50,0,1,26
16,2025-01-16,1,0,07:00-07:30,50,1,0,27
16,2025-01-16,1,0,07:00-07:30,50,1,0,28
16,2025-01-16,1,0,07:00-07:30,50,0,1,29
16,2025-01-16,1,0,07:00-07:30,50,0,1,30
16,2025-01-16,1,0,07:00-07:30,50,1,0,31
16,2025-01-16,1,0,07:00-07:30,50,1,0,32
16,2025-01-16,1,0,07:00-07:30,50,1,0,33
16,2025-01-16,1,0,07:00-07:30,50,1,0,34
16,2025-01-16,1,0,07:00-07:30,50,1,0,35
16,2025-01-16,1,0,07:00-07:30,50,1,0,36
16,2025-01-16,1,0,07:00-07:30,50,1,0,37
16,2025-01-16,1,0,07:00-07:30,50,1,0,38
16,2025-01-16,1,0,07:00-07:30,50,1,0,39
16,2025-01-16,1,0,07:00-07:30,50,1,0,40
16,2025-01-16,1,0,07:00-07:30,50,1,0,41
16,2025-01-16,1,0,07:00-07:30,50,1,0,42
16,2025-01-16,1,0,07:00-07:30,50,0,1,43
16,2025-01-16,1,0,07:00-07:30,50,1,0,44
16,2025-01-16,1,0,07:00-07:30,50,0,1,45
16,2025-01-16,1,0,07:00-07:30,50,1,0,46
16,2025-01-16,1,0,07:00-07:30,50,1,0,47
16,2025-01-16,1,0,07:00-07:30,50,1,0,48
16,2025-01-16,1,0,07:00-07:30,50,0,1,49
16,2025-01-16,1,0,07:00-07:30,50,0,1,50
16,2025-01-16,1,0,07:30-08:00,50,1,0,1
16,2025-01-16,1,0,07:30-08:00,50,1,0,2
16,2025-01-16,1,0,07:30-08:00,50,1,0,3
16,2025-01-16,1,0,07:30-08:00,50,0,1,4
16,2025-01-16,1,0,07:30-08:00,50,1,0,5
16,2025-01-16,1,0,07:30-08:00,50,1,0,6
16,2025-01-16,1,0,07:30-08:00,50,1,0,7
16,2025-01-16,1,0,07:30-08:00,50,0,1,8
16,2025-01-16,1,0,07:30-08:00,50,1,0,9
16,2025-01-16,1,0,07:30-08:00,50,0,1,10
16,2025-01-16,1,0,07:30-08:00,50,1,0,11
16,2025-01-16,1,0,07:30-08:00,50,0,1,12
16,2025-01-16,1,0,07:30-08:00,50,0,1,13
16,2025-01-16,1,0,07:30-08:00,50,1,0,14
16,2025-01-16,1,0,07:30-08:00,50,1,0,15
16,2025-01-16,1,0,07:30-08:00,50,1,0,16
16,2025-01-16,1,0,07:30-08:00,50,1,0,17
16,2025-01-16,1,0,07:30-08:00,50,0,1,18
16,2025-01-16,1,0,07:30-08:00,50,1,0,19
16,2025-01-16,1,0,07:30-08:00,50,0,1,20
16,2025-01-16,1,0,07:30-08:00,50,0,1,21
16,2025-01-16,1,0,07:30-08:00,50,1,0,22
16,2025-01-16,1,0,07:30-08:00,50,1,0,23
16,2025-01-16,1,0,07:30-08:00,50,1,0,24
16,2025-01-16,1,0,07:30-08:00,50,1,0,25
16,2025-01-16,1,0,07:30-08:00,50,1,0,26
16,2025-01-16,1,0,07:30-08:00,50,1,0,27
16,2025-01-16,1,0,07:30-08:00,50,0,1,28
16,2025-01-16,1,0,07:30-08:00,50,1,0,29
16,2025-01-16,1,0,07:30-08:00,50,1,0,30
16,2025-01-16,1,0,07:30-08:00,50,1,0,31
16,2025-01-16,1,0,07:30-08:00,50,1,0,32
16,2025-01-16,1,0,07:30-08:00,50,1,0,33
16,2025-01-16,1,0,07:30-08:00,50,1,0,34
16,2025-01-16,1,0,07:30-08:00,50,0,1,35
16,2025-01-16,1,0,07:30-08:00,50,1,0,36
16,2025-01-16,1,0,07:30-08:00,50,1,0,37
16,2025-01-16,1,0,07:30-08:00,50,1,0,38
16,2025-01-16,1,0,07:30-08:00,50,1,0,39
16,2025-01-16,1,0,07:30-08:00,50,0,1,40
16,2025-01-16,1,0,07:30-08:00,50,0,1,41
16,2025-01-16,1,0,07:30-08:00,50,0,1,42
16,2025-01-16,1,0,07:30-08:00,50,1,0,43
16,2025-01-16,1,0,07:30-08:00,50,0,1,44
16,2025-01-16,1,0,07:30-08:00,50,0,1,45
16,2025-01-16,1,0,07:30-08:00,50,0,1,46
16,2025-01-16,1,0,07:30-08:00,50,0,1,47
16,2025-01-16,1,0,07:30-08:00,50,1,0,48
16,2025-01-16,1,0,07:30-08:00,50,1,0,49
16,2025-01-16,1,0,07:30-08:00,50,1,0,50
16,2025-01-16,1,0,08:00-08:30,50,1,0,1
16,2025-01-16,1,0,08:00-08:30,50,1,0,2
16,2025-01-16,1,0,08:00-08:30,50,1,0,3
16,2025-01-16,1,0,08:00-08:30,50,1,0,4
16,2025-01-16,1,0,08:00-08:30,50,0,1,5
16,2025-01-16,1,0,08:00-08:30,50,0,1,6
16,2025-01-16,1,0,08:00-08:30,50,1,0,7
16,2025-01-16,1,0,08:00-08:30,50,1,0,8
16,2025-01-16,1,0,08:00-08:30,50,0,1,9
16,2025-01-16,1,0,08:00-08:30,50,1,0,10
16,2025-01-16,1,0,08:00-08:30,50,0,1,11
16,2025-01-16,1,0,08:00-08:30,50,1,0,12
16,2025-01-16,1,0,08:00-08:30,50,1,0,13
16,2025-01-16,1,0,08:00-08:30,50,1,0,14
16,2025-01-16,1,0,08:00-08:30,50,1,0,15
16,2025-01-16,1,0,08:00-08:30,50,1,0,16
16,2025-01-16,1,0,08:00-08:30,50,1,0,17
16,2025-01-16,1,0,08:00-08:30,50,1,0,18
16,2025-01-16,1,0,08:00-08:30,50,1,0,19
16,2025-01-16,1,0,08:00-08:30,50,1,0,20
16,2025-01-16,1,0,08:00-08:30,50,0,1,21
16,2025-01-16,1,0,08:00-08:30,50,1,0,22
16,2025-01-16,1,0,08:00-08:30,50,0,1,23
16,2025-01-16,1,0,08:00-08:30,50,0,1,24
16,2025-01-16,1,0,08:00-08:30,50,0,1,25
16,2025-01-16,1,0,08:00-08:30,50,1,0,26
16,2025-01-16,1,0,08:00-08:30,50,0,1,27
16,2025-01-16,1,0,08:00-08:30,50,1,0,28
16,2025-01-16,1,0,08:00-08:30,50,1,0,29
16,2025-01-16,1,0,08:00-08:30,50,1,0,30
16,2025-01-16,1,0,08:00-08:30,50,1,0,31
16,2025-01-16,1,0,08:00-08:30,50,1,0,32
16,2025-01-16,1,0,08:00-08:30,50,1,0,33
16,2025-01-16,1,0,08:00-08:30,50,0,1,34
16,2025-01-16,1,0,08:00-08:30,50,0,1,35
16,2025-01-16,1,0,08:00-08:30,50,1,0,36
16,2025-01-16,1,0,08:00-08:30,50,0,1,37
16,2025-01-16,1,0,08:00-08:30,50,0,1,38
16,2025-01-16,1,0,08:00-08:30,50,1,0,39
16,2025-01-16,1,0,08:00-08:30,50,1,0,40
16,2025-01-16,1,0,08:00-08:30,50,0,1,41
16,2025-01-16,1,0,08:00-08:30,50,1,0,42
16,2025-01-16,1,0,08:00-08:30,50,0,1,43
16,2025-01-16,1,0,08:00-08:30,50,0,1,44
16,2025-01-16,1,0,08:00-08:30,50,1,0,45
16,2025-01-16,1,0,08:00-08:30,50,0,1,46
16,2025-01-16,1,0,08:00-08:30,50,1,0,47
16,2025-01-16,1,0,08:00-08:30,50,1,0,48
16,2025-01-16,1,0,08:00-08:30,50,1,0,49
16,2025-01-16,1,0,08:00-08:30,50,1,0,50
16,2025-01-16,1,0,08:30-09:00,50,0,1,1
16,2025-01-16,1,0,08:30-09:00,50,1,0,2
16,2025-01-16,1,0,08:30-09:00,50,0,1,3
16,2025-01-16,1,0,08:30-09:00,50,1,0,4
16,2025-01-16,1,0,08:30-09:00,50,1,0,5
16,2025-01-16,1,0,08:30-09:00,50,1,0,6
16,2025-01-16,1,0,08:30-09:00,50,1,0,7
16,2025-01-16,1,0,08:30-09:00,50,1,0,8
16,2025-01-16,1,0,08:30-09:00,50,0,1,9
16,2025-01-16,1,0,08:30-09:00,50,0,1,10
16,2025-01-16,1,0,08:30-09:00,50,1,0,11
16,2025-01-16,1,0,08:30-09:00,50,1,0,12
16,2025-01-16,1,0,08:30-09:00,50,1,0,13
16,2025-01-16,1,0,08:30-09:00,50,0,1,14
16,2025-01-16,1,0,08:30-09:00,50,0,1,15
16,2025-01-16,1,0,08:30-09:00,50,0,1,16
16,2025-01-16,1,0,08:30-09:00,50,1,0,17
16,2025-01-16,1,0,08:30-09:00,50,1,0,18
16,2025-01-16,1,0,08:30-09:00,50,1,0,19
16,2025-01-16,1,0,08:30-09:00,50,1,0,20
16,2025-01-16,1,0,08:30-09:00,50,1,0,21
16,2025-01-16,1,0,08:30-09:00,50,1,0,22
16,2025-01-16,1,0,08:30-09:00,50,0,1,23
16,2025-01-16,1,0,08:30-09:00,50,0,1,24
16,2025-01-16,1,0,08:30-09:00,50,0,1,25
16,2025-01-16,1,0,08:30-09:00,50,0,1,26
16,2025-01-16,1,0,08:30-09:00,50,0,1,27
16,2025-01-16,1,0,08:30-09:00,50,1,0,28
16,2025-01-16,1,0,08:30-09:00,50,1,0,29
16,2025-01-16,1,0,08:30-09:00,50,0,1,30
16,2025-01-16,1,0,08:30-09:00,50,0,1,31
16,2025-01-16,1,0,08:30-09:00,50,0,1,32
16,2025-01-16,1,0,08:30-09:00,50,0,1,33
16,2025-01-16,1,0,08:30-09:00,50,1,0,34
16,2025-01-16,1,0,08:30-09:00,50,1,0,35
16,2025-01-16,1,0,08:30-09:00,50,1,0,36
16,2025-01-16,1,0,08:30-09:00,50,0,1,37
16,2025-01-16,1,0,08:30-09:00,50,0,1,38
16,2025-01-16,1,0,08:30-09:00,50,1,0,39
16,2025-01-16,1,0,08:30-09:00,50,0,1,40
16,2025-01-16,1,0,08:30-09:00,50,1,0,41
16,2025-01-16,1,0,08:30-09:00,50,1,0,42
16,2025-01-16,1,0,08:30-09:00,50,0,1,43
16,2025-01-16,1,0,08:30-09:00,50,1,0,44
16,2025-01-16,1,0,08:30-09:00,50,0,1,45
16,2025-01-16,1,0,08:30-09:00,50,1,0,46
16,2025-01-16,1,0,08:30-09:00,50,0,1,47
16,2025-01-16,1,0,08:30-09:00,50,0,1,48
16,2025-01-16,1,0,08:30-09:00,50,1,0,49
16,2025-01-16,1,0,08:30-09:00,50,1,0,50
16,2025-01-16,1,0,09:00-09:30,50,1,0,1
16,2025-01-16,1,0,09:00-09:30,50,0,1,2
16,2025-01-16,1,0,09:00-09:30,50,0,1,3
16,2025-01-16,1,0,09:00-09:30,50,1,0,4
16,2025-01-16,1,0,09:00-09:30,50,1,0,5
16,2025-01-16,1,0,09:00-09:30,50,0,1,6
16,2025-01-16,1,0,09:00-09:30,50,0,1,7
16,2025-01-16,1,0,09:00-09:30,50,1,0,8
16,2025-01-16,1,0,09:00-09:30,50,1,0,9
16,2025-01-16,1,0,09:00-09:30,50,1,0,10
16,2025-01-16,1,0,09:00-09:30,50,1,0,11
16,2025-01-16,1,0,09:00-09:30,50,1,0,12
16,2025-01-16,1,0,09:00-09:30,50,0,1,13
16,2025-01-16,1,0,09:00-09:30,50,1,0,14
16,2025-01-16,1,0,09:00-09:30,50,1,0,15
16,2025-01-16,1,0,09:00-09:30,50,1,0,16
16,2025-01-16,1,0,09:00-09:30,50,0,1,17
16,2025-01-16,1,0,09:00-09:30,50,1,0,18
16,2025-01-16,1,0,09:00-09:30,50,0,1,19
16,2025-01-16,1,0,09:00-09:30,50,0,1,20
16,2025-01-16,1,0,09:00-09:30,50,0,1,21
16,2025-01-16,1,0,09:00-09:30,50,0,1,22
16,2025-01-16,1,0,09:00-09:30,50,0,1,23
16,2025-01-16,1,0,09:00-09:30,50,1,0,24
16,2025-01-16,1,0,09:00-09:30,50,0,1,25
16,2025-01-16,1,0,09:00-09:30,50,1,0,26
16,2025-01-16,1,0,09:00-09:30,50,0,1,27
16,2025-01-16,1,0,09:00-09:30,50,0,1,28
16,2025-01-16,1,0,09:00-09:30,50,1,0,29
16,2025-01-16,1,0,09:00-09:30,50,1,0,30
16,2025-01-16,1,0,09:00-09:30,50,1,0,31
16,2025-01-16,1,0,09:00-09:30,50,0,1,32
16,2025-01-16,1,0,09:00-09:30,50,0,1,33
16,2025-01-16,1,0,09:00-09:30,50,0,1,34
16,2025-01-16,1,0,09:00-09:30,50,0,1,35
16,2025-01-16,1,0,09:00-09:30,50,0,1,36
16,2025-01-16,1,0,09:00-09:30,50,1,0,37
16,2025-01-16,1,0,09:00-09:30,50,1,0,38
16,2025-01-16,1,0,09:00-09:30,50,0,1,39
16,2025-01-16,1,0,09:00-09:30,50,0,1,40
16,2025-01-16,1,0,09:00-09:30,50,1,0,41
16,2025-01-16,1,0,09:00-09:30,50,0,1,42
16,2025-01-16,1,0,09:00-09:30,50,0,1,43
16,2025-01-16,1,0,09:00-09:30,50,0,1,44
16,2025-01-16,1,0,09:00-09:30,50,0,1,45
16,2025-01-16,1,0,09:00-09:30,50,1,0,46
16,2025-01-16,1,0,09:00-09:30,50,0,1,47
16,2025-01-16,1,0,09:00-09:30,50,0,1,48
16,2025-01-16,1,0,09:00-09:30,50,1,0,49
16,2025-01-16,1,0,09:00-09:30,50,0,1,50
16,2025-01-16,1,0,09:30-10:00,50,1,0,1
16,2025-01-16,1,0,09:30-10:00,50,1,0,2
16,2025-01-16,1,0,09:30-10:00,50,0,1,3
16,2025-01-16,1,0,09:30-10:00,50,0,1,4
16,2025-01-16,1,0,09:30-10:00,50,0,1,5
16,2025-01-16,1,0,09:30-10:00,50,1,0,6
16,2025-01-16,1,0,09:30-10:00,50,0,1,7
16,2025-01-16,1,0,09:30-10:00,50,0,1,8
16,2025-01-16,1,0,09:30-10:00,50,1,0,9
16,2025-01-16,1,0,09:30-10:00,50,1,0,10
16,2025-01-16,1,0,09:30-10:00,50,0,1,11
16,2025-01-16,1,0,09:30-10:00,50,0,1,12
16,2025-01-16,1,0,09:30-10:00,50,0,1,13
16,2025-01-16,1,0,09:30-10:00,50,1,0,14
16,2025-01-16,1,0,09:30-10:00,50,0,1,15
16,2025-01-16,1,0,09:30-10:00,50,1,0,16
16,2025-01-16,1,0,09:30-10:00,50,0,1,17
16,2025-01-16,1,0,09:30-10:00,50,1,0,18
16,2025-01-16,1,0,09:30-10:00,50,0,1,19
16,2025-01-16,1,0,09:30-10:00,50,0,1,20
16,2025-01-16,1,0,09:30-10:00,50,0,1,21
16,2025-01-16,1,0,09:30-10:00,50,1,0,22
16,2025-01-16,1,0,09:30-10:00,50,0,1,23
16,2025-01-16,1,0,09:30-10:00,50,1,0,24
16,2025-01-16,1,0,09:30-10:00,50,0,1,25
16,2025-01-16,1,0,09:30-10:00,50,0,1,26
16,2025-01-16,1,0,09:30-10:00,50,1,0,27
16,2025-01-16,1,0,09:30-10:00,50,1,0,28
16,2025-01-16,1,0,09:30-10:00,50,1,0,29
16,2025-01-16,1,0,09:30-10:00,50,0,1,30
16,2025-01-16,1,0,09:30-10:00,50,1,0,31
16,2025-01-16,1,0,09:30-10:00,50,0,1,32
16,2025-01-16,1,0,09:30-10:00,50,0,1,33
16,2025-01-16,1,0,09:30-10:00,50,1,0,34
16,2025-01-16,1,0,09:30-10:00,50,0,1,35
16,2025-01-16,1,0,09:30-10:00,50,0,1,36
16,2025-01-16,1,0,09:30-10:00,50,1,0,37
16,2025-01-16,1,0,09:30-10:00,50,0,1,38
16,2025-01-16,1,0,09:30-10:00,50,0,1,39
16,2025-01-16,1,0,09:30-10:00,50,1,0,40
16,2025-01-16,1,0,09:30-10:00,50,0,1,41
16,2025-01-16,1,0,09:30-10:00,50,1,0,42
16,2025-01-16,1,0,09:30-10:00,50,0,1,43
16,2025-01-16,1,0,09:30-10:00,50,1,0,44
16,2025-01-16,1,0,09:30-10:00,50,0,1,45
16,2025-01-16,1,0,09:30-10:00,50,0,1,46
16,2025-01-16,1,0,09:30-10:00,50,0,1,47
16,2025-01-16,1,0,09:30-10:00,50,0,1,48
16,2025-01-16,1,0,09:30-10:00,50,1,0,49
16,2025-01-16,1,0,09:30-10:00,50,1,0,50
16,2025-01-16,1,0,16:00-16:30,50,1,0,1
16,2025-01-16,1,0,16:00-16:30,50,1,0,2
16,2025-01-16,1,0,16:00-16:30,50,1,0,3
16,2025-01-16,1,0,16:00-16:30,50,1,0,4
16,2025-01-16,1,0,16:00-16:30,50,1,0,5
16,2025-01-16,1,0,16:00-16:30,50,1,0,6
16,2025-01-16,1,0,16:00-16:30,50,0,1,7
16,2025-01-16,1,0,16:00-16:30,50,1,0,8
16,2025-01-16,1,0,16:00-16:30,50,1,0,9
16,2025-01-16,1,0,16:00-16:30,50,1,0,10
16,2025-01-16,1,0,16:00-16:30,50,1,0,11
16,2025-01-16,1,0,16:00-16:30,50,1,0,12
16,2025-01-16,1,0,16:00-16:30,50,1,0,13
16,2025-01-16,1,0,16:00-16:30,50,1,0,14
16,2025-01-16,1,0,16:00-16:30,50,1,0,15
16,2025-01-16,1,0,16:00-16:30,50,1,0,16
16,2025-01-16,1,0,16:00-16:30,50,1,0,17
16,2025-01-16,1,0,16:00-16:30,50,0,1,18
16,2025-01-16,1,0,16:00-16:30,50,0,1,19
16,2025-01-16,1,0,16:00-16:30,50,0,1,20
16,2025-01-16,1,0,16:00-16:30,50,1,0,21
16,2025-01-16,1,0,16:00-16:30,50,0,1,22
16,2025-01-16,1,0,16:00-16:30,50,0,1,23
16,2025-01-16,1,0,16:00-16:30,50,1,0,24
16,2025-01-16,1,0,16:00-16:30,50,1,0,25
16,2025-01-16,1,0,16:00-16:30,50,1,0,26
16,2025-01-16,1,0,16:00-16:30,50,1,0,27
16,2025-01-16,1,0,16:00-16:30,50,1,0,28
16,2025-01-16,1,0,16:00-16:30,50,1,0,29
16,2025-01-16,1,0,16:00-16:30,50,0,1,30
16,2025-01-16,1,0,16:00-16:30,50,0,1,31
16,2025-01-16,1,0,16:00-16:30,50,1,0,32
16,2025-01-16,1,0,16:00-16:30,50,0,1,33
16,2025-01-16,1,0,16:00-16:30,50,0,1,34
16,2025-01-16,1,0,16:00-16:30,50,1,0,35
16,2025-01-16,1,0,16:00-16:30,50,0,1,36
16,2025-01-16,1,0,16:00-16:30,50,0,1,37
16,2025-01-16,1,0,16:00-16:30,50,1,0,38
16,2025-01-16,1,0,16:00-16:30,50,0,1,39
16,2025-01-16,1,0,16:00-16:30,50,0,1,40
16,2025-01-16,1,0,16:00-16:30,50,1,0,41
16,2025-01-16,1,0,16:00-16:30,50,1,0,42
16,2025-01-16,1,0,16:00-16:30,50,1,0,43
16,2025-01-16,1,0,16:00-16:30,50,1,0,44
16,2025-01-16,1,0,16:00-16:30,50,1,0,45
16,2025-01-16,1,0,16:00-16:30,50,1,0,46
16,2025-01-16,1,0,16:00-16:30,50,1,0,47
16,2025-01-16,1,0,16:00-16:30,50,1,0,48
16,2025-01-16,1,0,16:00-16:30,50,1,0,49
16,2025-01-16,1,0,16:00-16:30,50,1,0,50
16,2025-01-16,1,0,16:30-17:00,50,1,0,1
16,2025-01-16,1,0,16:30-17:00,50,1,0,2
16,2025-01-16,1,0,16:30-17:00,50,0,1,3
16,2025-01-16,1,0,16:30-17:00,50,1,0,4
16,2025-01-16,1,0,16:30-17:00,50,0,1,5
16,2025-01-16,1,0,16:30-17:00,50,0,1,6
16,2025-01-16,1,0,16:30-17:00,50,0,1,7
16,2025-01-16,1,0,16:30-17:00,50,0,1,8
16,2025-01-16,1,0,16:30-17:00,50,1,0,9
16,2025-01-16,1,0,16:30-17:00,50,0,1,10
16,2025-01-16,1,0,16:30-17:00,50,0,1,11
16,2025-01-16,1,0,16:30-17:00,50,0,1,12
16,2025-01-16,1,0,16:30-17:00,50,0,1,13
16,2025-01-16,1,0,16:30-17:00,50,0,1,14
16,2025-01-16,1,0,16:30-17:00,50,1,0,15
16,2025-01-16,1,0,16:30-17:00,50,0,1,16
16,2025-01-16,1,0,16:30-17:00,50,0,1,17
16,2025-01-16,1,0,16:30-17:00,50,0,1,18
16,2025-01-16,1,0,16:30-17:00,50,0,1,19
16,2025-01-16,1,0,16:30-17:00,50,1,0,20
16,2025-01-16,1,0,16:30-17:00,50,0,1,21
16,2025-01-16,1,0,16:30-17:00,50,0,1,22
16,2025-01-16,1,0,16:30-17:00,50,0,1,23
16,2025-01-16,1,0,16:30-17:00,50,1,0,24
16,2025-01-16,1,0,16:30-17:00,50,0,1,25
16,2025-01-16,1,0,16:30-17:00,50,1,0,26
16,2025-01-16,1,0,16:30-17:00,50,1,0,27
16,2025-01-16,1,0,16:30-17:00,50,1,0,28
16,2025-01-16,1,0,16:30-17:00,50,0,1,29
16,2025-01-16,1,0,16:30-17:00,50,0,1,30
16,2025-01-16,1,0,16:30-17:00,50,0,1,31
16,2025-01-16,1,0,16:30-17:00,50,0,1,32
16,2025-01-16,1,0,16:30-17:00,50,1,0,33
16,2025-01-16,1,0,16:30-17:00,50,0,1,34
16,2025-01-16,1,0,16:30-17:00,50,1,0,35
16,2025-01-16,1,0,16:30-17:00,50,1,0,36
16,2025-01-16,1,0,16:30-17:00,50,1,0,37
16,2025-01-16,1,0,16:30-17:00,50,1,0,38
16,2025-01-16,1,0,16:30-17:00,50,1,0,39
16,2025-01-16,1,0,16:30-17:00,50,1,0,40
16,2025-01-16,1,0,16:30-17:00,50,1,0,41
16,2025-01-16,1,0,16:30-17:00,50,0,1,42
16,2025-01-16,1,0,16:30-17:00,50,0,1,43
16,2025-01-16,1,0,16:30-17:00,50,1,0,44
16,2025-01-16,1,0,16:30-17:00,50,0,1,45
16,2025-01-16,1,0,16:30-17:00,50,1,0,46
16,2025-01-16,1,0,16:30-17:00,50,0,1,47
16,2025-01-16,1,0,16:30-17:00,50,1,0,48
16,2025-01-16,1,0,16:30-17:00,50,1,0,49
16,2025-01-16,1,0,16:30-17:00,50,0,1,50
16,2025-01-16,1,0,17:00-17:30,50,0,1,1
16,2025-01-16,1,0,17:00-17:30,50,0,1,2
16,2025-01-16,1,0,17:00-17:30,50,1,0,3
16,2025-01-16,1,0,17:00-17:30,50,1,0,4
16,2025-01-16,1,0,17:00-17:30,50,0,1,5
16,2025-01-16,1,0,17:00-17:30,50,0,1,6
16,2025-01-16,1,0,17:00-17:30,50,1,0,7
16,2025-01-16,1,0,17:00-17:30,50,1,0,8
16,2025-01-16,1,0,17:00-17:30,50,1,0,9
16,2025-01-16,1,0,17:00-17:30,50,1,0,10
16,2025-01-16,1,0,17:00-17:30,50,0,1,11
16,2025-01-16,1,0,17:00-17:30,50,0,1,12
16,2025-01-16,1,0,17:00-17:30,50,1,0,13
16,2025-01-16,1,0,17:00-17:30,50,1,0,14
16,2025-01-16,1,0,17:00-17:30,50,1,0,15
16,2025-01-16,1,0,17:00-17:30,50,0,1,16
16,2025-01-16,1,0,17:00-17:30,50,1,0,17
16,2025-01-16,1,0,17:00-17:30,50,0,1,18
16,2025-01-16,1,0,17:00-17:30,50,1,0,19
16,2025-01-16,1,0,17:00-17:30,50,0,1,20
16,2025-01-16,1,0,17:00-17:30,50,1,0,21
16,2025-01-16,1,0,17:00-17:30,50,0,1,22
16,2025-01-16,1,0,17:00-17:30,50,0,1,23
16,2025-01-16,1,0,17:00-17:30,50,1,0,24
16,2025-01-16,1,0,17:00-17:30,50,0,1,25
16,2025-01-16,1,0,17:00-17:30,50,1,0,26
16,2025-01-16,1,0,17:00-17:30,50,0,1,27
16,2025-01-16,1,0,17:00-17:30,50,0,1,28
16,2025-01-16,1,0,17:00-17:30,50,0,1,29
16,2025-01-16,1,0,17:00-17:30,50,0,1,30
16,2025-01-16,1,0,17:00-17:30,50,1,0,31
16,2025-01-16,1,0,17:00-17:30,50,0,1,32
16,2025-01-16,1,0,17:00-17:30,50,1,0,33
16,2025-01-16,1,0,17:00-17:30,50,0,1,34
16,2025-01-16,1,0,17:00-17:30,50,0,1,35
16,2025-01-16,1,0,17:00-17:30,50,1,0,36
16,2025-01-16,1,0,17:00-17:30,50,0,1,37
16,2025-01-16,1,0,17:00-17:30,50,1,0,38
16,2025-01-16,1,0,17:00-17:30,50,0,1,39
16,2025-01-16,1,0,17:00-17:30,50,1,0,40
16,2025-01-16,1,0,17:00-17:30,50,1,0,41
16,2025-01-16,1,0,17:00-17:30,50,0,1,42
16,2025-01-16,1,0,17:00-17:30,50,1,0,43
16,2025-01-16,1,0,17:00-17:30,50,0,1,44
16,2025-01-16,1,0,17:00-17:30,50,0,1,45
16,2025-01-16,1,0,17:00-17:30,50,1,0,46
16,2025-01-16,1,0,17:00-17:30,50,0,1,47
16,2025-01-16,1,0,17:00-17:30,50,0,1,48
16,2025-01-16,1,0,17:00-17:30,50,0,1,49
16,2025-01-16,1,0,17:00-17:30,50,1,0,50
16,2025-01-16,1,0,17:30-18:00,50,1,0,1
16,2025-01-16,1,0,17:30-18:00,50,0,1,2
16,2025-01-16,1,0,17:30-18:00,50,0,1,3
16,2025-01-16,1,0,17:30-18:00,50,0,1,4
16,2025-01-16,1,0,17:30-18:00,50,0,1,5
16,2025-01-16,1,0,17:30-18:00,50,1,0,6
16,2025-01-16,1,0,17:30-18:00,50,1,0,7
16,2025-01-16,1,0,17:30-18:00,50,1,0,8
16,2025-01-16,1,0,17:30-18:00,50,0,1,9
16,2025-01-16,1,0,17:30-18:00,50,0,1,10
16,2025-01-16,1,0,17:30-18:00,50,0,1,11
16,2025-01-16,1,0,17:30-18:00,50,1,0,12
16,2025-01-16,1,0,17:30-18:00,50,0,1,13
16,2025-01-16,1,0,17:30-18:00,50,0,1,14
16,2025-01-16,1,0,17:30-18:00,50,0,1,15
16,2025-01-16,1,0,17:30-18:00,50,0,1,16
16,2025-01-16,1,0,17:30-18:00,50,0,1,17
16,2025-01-16,1,0,17:30-18:00,50,1,0,18
16,2025-01-16,1,0,17:30-18:00,50,1,0,19
16,2025-01-16,1,0,17:30-18:00,50,1,0,20
16,2025-01-16,1,0,17:30-18:00,50,1,0,21
16,2025-01-16,1,0,17:30-18:00,50,1,0,22
16,2025-01-16,1,0,17:30-18:00,50,0,1,23
16,2025-01-16,1,0,17:30-18:00,50,0,1,24
16,2025-01-16,1,0,17:30-18:00,50,1,0,25
16,2025-01-16,1,0,17:30-18:00,50,1,0,26
16,2025-01-16,1,0,17:30-18:00,50,1,0,27
16,2025-01-16,1,0,17:30-18:00,50,0,1,28
16,2025-01-16,1,0,17:30-18:00,50,0,1,29
16,2025-01-16,1,0,17:30-18:00,50,1,0,30
16,2025-01-16,1,0,17:30-18:00,50,0,1,31
16,2025-01-16,1,0,17:30-18:00,50,0,1,32
16,2025-01-16,1,0,17:30-18:00,50,1,0,33
16,2025-01-16,1,0,17:30-18:00,50,0,1,34
16,2025-01-16,1,0,17:30-18:00,50,0,1,35
16,2025-01-16,1,0,17:30-18:00,50,1,0,36
16,2025-01-16,1,0,17:30-18:00,50,0,1,37
16,2025-01-16,1,0,17:30-18:00,50,0,1,38
16,2025-01-16,1,0,17:30-18:00,50,1,0,39
16,2025-01-16,1,0,17:30-18:00,50,0,1,40
16,2025-01-16,1,0,17:30-18:00,50,0,1,41
16,2025-01-16,1,0,17:30-18:00,50,0,1,42
16,2025-01-16,1,0,17:30-18:00,50,1,0,43
16,2025-01-16,1,0,17:30-18:00,50,0,1,44
16,2025-01-16,1,0,17:30-18:00,50,0,1,45
16,2025-01-16,1,0,17:30-18:00,50,1,0,46
16,2025-01-16,1,0,17:30-18:00,50,1,0,47
16,2025-01-16,1,0,17:30-18:00,50,0,1,48
16,2025-01-16,1,0,17:30-18:00,50,1,0,49
16,2025-01-16,1,0,17:30-18:00,50,0,1,50
16,2025-01-16,1,0,18:00-18:30,50,0,1,1
16,2025-01-16,1,0,18:00-18:30,50,0,1,2
16,2025-01-16,1,0,18:00-18:30,50,0,1,3
16,2025-01-16,1,0,18:00-18:30,50,1,0,4
16,2025-01-16,1,0,18:00-18:30,50,0,1,5
16,2025-01-16,1,0,18:00-18:30,50,0,1,6
16,2025-01-16,1,0,18:00-18:30,50,0,1,7
16,2025-01-16,1,0,18:00-18:30,50,1,0,8
16,2025-01-16,1,0,18:00-18:30,50,1,0,9
16,2025-01-16,1,0,18:00-18:30,50,1,0,10
16,2025-01-16,1,0,18:00-18:30,50,0,1,11
16,2025-01-16,1,0,18:00-18:30,50,1,0,12
16,2025-01-16,1,0,18:00-18:30,50,1,0,13
16,2025-01-16,1,0,18:00-18:30,50,0,1,14
16,2025-01-16,1,0,18:00-18:30,50,0,1,15
16,2025-01-16,1,0,18:00-18:30,50,0,1,16
16,2025-01-16,1,0,18:00-18:30,50,0,1,17
16,2025-01-16,1,0,18:00-18:30,50,0,1,18
16,2025-01-16,1,0,18:00-18:30,50,0,1,19
16,2025-01-16,1,0,18:00-18:30,50,1,0,20
16,2025-01-16,1,0,18:00-18:30,50,1,0,21
16,2025-01-16,1,0,18:00-18:30,50,0,1,22
16,2025-01-16,1,0,18:00-18:30,50,0,1,23
16,2025-01-16,1,0,18:00-18:30,50,1,0,24
16,2025-01-16,1,0,18:00-18:30,50,0,1,25
16,2025-01-16,1,0,18:00-18:30,50,0,1,26
16,2025-01-16,1,0,18:00-18:30,50,0,1,27
16,2025-01-16,1,0,18:00-18:30,50,0,1,28
16,2025-01-16,1,0,18:00-18:30,50,1,0,29
16,2025-01-16,1,0,18:00-18:30,50,0,1,30
16,2025-01-16,1,0,18:00-18:30,50,1,0,31
16,2025-01-16,1,0,18:00-18:30,50,0,1,32
16,2025-01-16,1,0,18:00-18:30,50,1,0,33
16,2025-01-16,1,0,18:00-18:30,50,0,1,34
16,2025-01-16,1,0,18:00-18:30,50,0,1,35
16,2025-01-16,1,0,18:00-18:30,50,1,0,36
16,2025-01-16,1,0,18:00-18:30,50,1,0,37
16,2025-01-16,1,0,18:00-18:30,50,1,0,38
16,2025-01-16,1,0,18:00-18:30,50,0,1,39
16,2025-01-16,1,0,18:00-18:30,50,1,0,40
16,2025-01-16,1,0,18:00-18:30,50,0,1,41
16,2025-01-16,1,0,18:00-18:30,50,0,1,42
16,2025-01-16,1,0,18:00-18:30,50,0,1,43
16,2025-01-16,1,0,18:00-18:30,50,1,0,44
16,2025-01-16,1,0,18:00-18:30,50,1,0,45
16,2025-01-16,1,0,18:00-18:30,50,1,0,46
16,2025-01-16,1,0,18:00-18:30,50,0,1,47
16,2025-01-16,1,0,18:00-18:30,50,0,1,48
16,2025-01-16,1,0,18:00-18:30,50,1,0,49
16,2025-01-16,1,0,18:00-18:30,50,0,1,50
16,2025-01-16,1,0,18:30-19:00,50,1,0,1
16,2025-01-16,1,0,18:30-19:00,50,0,1,2
16,2025-01-16,1,0,18:30-19:00,50,0,1,3
16,2025-01-16,1,0,18:30-19:00,50,1,0,4
16,2025-01-16,1,0,18:30-19:00,50,0,1,5
16,2025-01-16,1,0,18:30-19:00,50,0,1,6
16,2025-01-16,1,0,18:30-19:00,50,1,0,7
16,2025-01-16,1,0,18:30-19:00,50,0,1,8
16,2025-01-16,1,0,18:30-19:00,50,1,0,9
16,2025-01-16,1,0,18:30-19:00,50,1,0,10
16,2025-01-16,1,0,18:30-19:00,50,0,1,11
16,2025-01-16,1,0,18:30-19:00,50,0,1,12
16,2025-01-16,1,0,18:30-19:00,50,1,0,13
16,2025-01-16,1,0,18:30-19:00,50,0,1,14
16,2025-01-16,1,0,18:30-19:00,50,0,1,15
16,2025-01-16,1,0,18:30-19:00,50,1,0,16
16,2025-01-16,1,0,18:30-19:00,50,1,0,17
16,2025-01-16,1,0,18:30-19:00,50,0,1,18
16,2025-01-16,1,0,18:30-19:00,50,0,1,19
16,2025-01-16,1,0,18:30-19:00,50,0,1,20
16,2025-01-16,1,0,18:30-19:00,50,1,0,21
16,2025-01-16,1,0,18:30-19:00,50,0,1,22
16,2025-01-16,1,0,18:30-19:00,50,1,0,23
16,2025-01-16,1,0,18:30-19:00,50,0,1,24
16,2025-01-16,1,0,18:30-19:00,50,0,1,25
16,2025-01-16,1,0,18:30-19:00,50,0,1,26
16,2025-01-16,1,0,18:30-19:00,50,0,1,27
16,2025-01-16,1,0,18:30-19:00,50,0,1,28
16,2025-01-16,1,0,18:30-19:00,50,0,1,29
16,2025-01-16,1,0,18:30-19:00,50,1,0,30
16,2025-01-16,1,0,18:30-19:00,50,0,1,31
16,2025-01-16,1,0,18:30-19:00,50,0,1,32
16,2025-01-16,1,0,18:30-19:00,50,0,1,33
16,2025-01-16,1,0,18:30-19:00,50,0,1,34
16,2025-01-16,1,0,18:30-19:00,50,1,0,35
16,2025-01-16,1,0,18:30-19:00,50,0,1,36
16,2025-01-16,1,0,18:30-19:00,50,0,1,37
16,2025-01-16,1,0,18:30-19:00,50,1,0,38
16,2025-01-16,1,0,18:30-19:00,50,0,1,39
16,2025-01-16,1,0,18:30-19:00,50,0,1,40
16,2025-01-16,1,0,18:30-19:00,50,1,0,41
16,2025-01-16,1,0,18:30-19:00,50,1,0,42
16,2025-01-16,1,0,18:30-19:00,50,1,0,43
16,2025-01-16,1,0,18:30-19:00,50,0,1,44
16,2025-01-16,1,0,18:30-19:00,50,1,0,45
16,2025-01-16,1,0,18:30-19:00,50,0,1,46
16,2025-01-16,1,0,18:30-19:00,50,0,1,47
16,2025-01-16,1,0,18:30-19:00,50,1,0,48
16,2025-01-16,1,0,18:30-19:00,50,1,0,49
16,2025-01-16,1,0,18:30-19:00,50,1,0,50
17,2025-01-17,2,0,07:00-07:30,50,1,0,1
17,2025-01-17,2,0,07:00-07:30,50,1,0,2
17,2025-01-17,2,0,07:00-07:30,50,0,1,3
17,2025-01-17,2,0,07:00-07:30,50,0,1,4
17,2025-01-17,2,0,07:00-07:30,50,1,0,5
17,2025-01-17,2,0,07:00-07:30,50,0,1,6
17,2025-01-17,2,0,07:00-07:30,50,1,0,7
17,2025-01-17,2,0,07:00-07:30,50,1,0,8
17,2025-01-17,2,0,07:00-07:30,50,1,0,9
17,2025-01-17,2,0,07:00-07:30,50,1,0,10
17,2025-01-17,2,0,07:00-07:30,50,0,1,11
17,2025-01-17,2,0,07:00-07:30,50,0,1,12
17,2025-01-17,2,0,07:00-07:30,50,1,0,13
17,2025-01-17,2,0,07:00-07:30,50,1,0,14
17,2025-01-17,2,0,07:00-07:30,50,0,1,15
17,2025-01-17,2,0,07:00-07:30,50,1,0,16
17,2025-01-17,2,0,07:00-07:30,50,0,1,17
17,2025-01-17,2,0,07:00-07:30,50,1,0,18
17,2025-01-17,2,0,07:00-07:30,50,1,0,19
17,2025-01-17,2,0,07:00-07:30,50,1,0,20
17,2025-01-17,2,0,07:00-07:30,50,1,0,21
17,2025-01-17,2,0,07:00-07:30,50,1,0,22
17,2025-01-17,2,0,07:00-07:30,50,1,0,23
17,2025-01-17,2,0,07:00-07:30,50,1,0,24
17,2025-01-17,2,0,07:00-07:30,50,1,0,25
17,2025-01-17,2,0,07:00-07:30,50,1,0,26
17,2025-01-17,2,0,07:00-07:30,50,0,1,27
17,2025-01-17,2,0,07:00-07:30,50,0,1,28
17,2025-01-17,2,0,07:00-07:30,50,1,0,29
17,2025-01-17,2,0,07:00-07:30,50,1,0,30
17,2025-01-17,2,0,07:00-07:30,50,1,0,31
17,2025-01-17,2,0,07:00-07:30,50,1,0,32
17,2025-01-17,2,0,07:00-07:30,50,1,0,33
17,2025-01-17,2,0,07:00-07:30,50,0,1,34
17,2025-01-17,2,0,07:00-07:30,50,1,0,35
17,2025-01-17,2,0,07:00-07:30,50,1,0,36
17,2025-01-17,2,0,07:00-07:30,50,1,0,37
17,2025-01-17,2,0,07:00-07:30,50,1,0,38
17,2025-01-17,2,0,07:00-07:30,50,1,0,39
17,2025-01-17,2,0,07:00-07:30,50,1,0,40
17,2025-01-17,2,0,07:00-07:30,50,1,0,41
17,2025-01-17,2,0,07:00-07:30,50,1,0,42
17,2025-01-17,2,0,07:00-07:30,50,0,1,43
17,2025-01-17,2,0,07:00-07:30,50,0,1,44
17,2025-01-17,2,0,07:00-07:30,50,1,0,45
17,2025-01-17,2,0,07:00-07:30,50,1,0,46
17,2025-01-17,2,0,07:00-07:30,50,1,0,47
17,2025-01-17,2,0,07:00-07:30,50,0,1,48
17,2025-01-17,2,0,07:00-07:30,50,1,0,49
17,2025-01-17,2,0,07:00-07:30,50,1,0,50
17,2025-01-17,2,0,07:30-08:00,50,0,1,1
17,2025-01-17,2,0,07:30-08:00,50,0,1,2
17,2025-01-17,2,0,07:30-08:00,50,1,0,3
17,2025-01-17,2,0,07:30-08:00,50,1,0,4
17,2025-01-17,2,0,07:30-08:00,50,0,1,5
17,2025-01-17,2,0,07:30-08:00,50,1,0,6
17,2025-01-17,2,0,07:30-08:00,50,0,1,7
17,2025-01-17,2,0,07:30-08:00,50,1,0,8
17,2025-01-17,2,0,07:30-08:00,50,0,1,9
17,2025-01-17,2,0,07:30-08:00,50,0,1,10
17,2025-01-17,2,0,07:30-08:00,50,0,1,11
17,2025-01-17,2,0,07:30-08:00,50,1,0,12
17,2025-01-17,2,0,07:30-08:00,50,1,0,13
17,2025-01-17,2,0,07:30-08:00,50,1,0,14
17,2025-01-17,2,0,07:30-08:00,50,0,1,15
17,2025-01-17,2,0,07:30-08:00,50,1,0,16
17,2025-01-17,2,0,07:30-08:00,50,1,0,17
17,2025-01-17,2,0,07:30-08:00,50,1,0,18
17,2025-01-17,2,0,07:30-08:00,50,1,0,19
17,2025-01-17,2,0,07:30-08:00,50,1,0,20
17,2025-01-17,2,0,07:30-08:00,50,0,1,21
17,2025-01-17,2,0,07:30-08:00,50,0,1,22
17,2025-01-17,2,0,07:30-08:00,50,1,0,23
17,2025-01-17,2,0,07:30-08:00,50,1,0,24
17,2025-01-17,2,0,07:30-08:00,50,0,1,25
17,2025-01-17,2,0,07:30-08:00,50,1,0,26
17,2025-01-17,2,0,07:30-08:00,50,0,1,27
17,2025-01-17,2,0,07:30-08:00,50,0,1,28
17,2025-01-17,2,0,07:30-08:00,50,1,0,29
17,2025-01-17,2,0,07:30-08:00,50,1,0,30
17,2025-01-17,2,0,07:30-08:00,50,1,0,31
17,2025-01-17,2,0,07:30-08:00,50,0,1,32
17,2025-01-17,2,0,07:30-08:00,50,0,1,33
17,2025-01-17,2,0,07:30-08:00,50,1,0,34
17,2025-01-17,2,0,07:30-08:00,50,1,0,35
17,2025-01-17,2,0,07:30-08:00,50,1,0,36
17,2025-01-17,2,0,07:30-08:00,50,1,0,37
17,2025-01-17,2,0,07:30-08:00,50,0,1,38
17,2025-01-17,2,0,07:30-08:00,50,0,1,39
17,2025-01-17,2,0,07:30-08:00,50,0,1,40
17,2025-01-17,2,0,07:30-08:00,50,1,0,41
17,2025-01-17,2,0,07:30-08:00,50,0,1,42
17,2025-01-17,2,0,07:30-08:00,50,0,1,43
17,2025-01-17,2,0,07:30-08:00,50,0,1,44
17,2025-01-17,2,0,07:30-08:00,50,0,1,45
17,2025-01-17,2,0,07:30-08:00,50,0,1,46
17,2025-01-17,2,0,07:30-08:00,50,1,0,47
17,2025-01-17,2,0,07:30-08:00,50,1,0,48
17,2025-01-17,2,0,07:30-08:00,50,1,0,49
17,2025-01-17,2,0,07:30-08:00,50,0,1,50
17,2025-01-17,2,0,08:00-08:30,50,0,1,1
17,2025-01-17,2,0,08:00-08:30,50,1,0,2
17,2025-01-17,2,0,08:00-08:30,50,1,0,3
17,2025-01-17,2,0,08:00-08:30,50,1,0,4
17,2025-01-17,2,0,08:00-08:30,50,1,0,5
17,2025-01-17,2,0,08:00-08:30,50,1,0,6
17,2025-01-17,2,0,08:00-08:30,50,0,1,7
17,2025-01-17,2,0,08:00-08:30,50,1,0,8
17,2025-01-17,2,0,08:00-08:30,50,1,0,9
17,2025-01-17,2,0,08:00-08:30,50,1,0,10
17,2025-01-17,2,0,08:00-08:30,50,1,0,11
17,2025-01-17,2,0,08:00-08:30,50,0,1,12
17,2025-01-17,2,0,08:00-08:30,50,1,0,13
17,2025-01-17,2,0,08:00-08:30,50,1,0,14
17,2025-01-17,2,0,08:00-08:30,50,0,1,15
17,2025-01-17,2,0,08:00-08:30,50,1,0,16
17,2025-01-17,2,0,08:00-08:30,50,1,0,17
17,2025-01-17,2,0,08:00-08:30,50,0,1,18
17,2025-01-17,2,0,08:00-08:30,50,1,0,19
17,2025-01-17,2,0,08:00-08:30,50,1,0,20
17,2025-01-17,2,0,08:00-08:30,50,0,1,21
17,2025-01-17,2,0,08:00-08:30,50,0,1,22
17,2025-01-17,2,0,08:00-08:30,50,1,0,23
17,2025-01-17,2,0,08:00-08:30,50,1,0,24
17,2025-01-17,2,0,08:00-08:30,50,1,0,25
17,2025-01-17,2,0,08:00-08:30,50,0,1,26
17,2025-01-17,2,0,08:00-08:30,50,0,1,27
17,2025-01-17,2,0,08:00-08:30,50,1,0,28
17,2025-01-17,2,0,08:00-08:30,50,0,1,29
17,2025-01-17,2,0,08:00-08:30,50,1,0,30
17,2025-01-17,2,0,08:00-08:30,50,1,0,31
17,2025-01-17,2,0,08:00-08:30,50,0,1,32
17,2025-01-17,2,0,08:00-08:30,50,1,0,33
17,2025-01-17,2,0,08:00-08:30,50,0,1,34
17,2025-01-17,2,0,08:00-08:30,50,1,0,35
17,2025-01-17,2,0,08:00-08:30,50,1,0,36
17,2025-01-17,2,0,08:00-08:30,50,0,1,37
17,2025-01-17,2,0,08:00-08:30,50,1,0,38
17,2025-01-17,2,0,08:00-08:30,50,0,1,39
17,2025-01-17,2,0,08:00-08:30,50,1,0,40
17,2025-01-17,2,0,08:00-08:30,50,1,0,41
17,2025-01-17,2,0,08:00-08:30,50,1,0,42
17,2025-01-17,2,0,08:00-08:30,50,1,0,43
17,2025-01-17,2,0,08:00-08:30,50,1,0,44
17,2025-01-17,2,0,08:00-08:30,50,0,1,45
17,2025-01-17,2,0,08:00-08:30,50,1,0,46
17,2025-01-17,2,0,08:00-08:30,50,1,0,47
17,2025-01-17,2,0,08:00-08:30,50,1,0,48
17,2025-01-17,2,0,08:00-08:30,50,1,0,49
17,2025-01-17,2,0,08:00-08:30,50,1,0,50
17,2025-01-17,2,0,08:30-09:00,50,1,0,1
17,2025-01-17,2,0,08:30-09:00,50,1,0,2
17,2025-01-17,2,0,08:30-09:00,50,0,1,3
17,2025-01-17,2,0,08:30-09:00,50,1,0,4
17,2025-01-17,2,0,08:30-09:00,50,1,0,5
17,2025-01-17,2,0,08:30-09:00,50,0,1,6
17,2025-01-17,2,0,08:30-09:00,50,1,0,7
17,2025-01-17,2,0,08:30-09:00,50,1,0,8
17,2025-01-17,2,0,08:30-09:00,50,0,1,9
17,2025-01-17,2,0,08:30-09:00,50,1,0,10
17,2025-01-17,2,0,08:30-09:00,50,1,0,11
17,2025-01-17,2,0,08:30-09:00,50,0,1,12
17,2025-01-17,2,0,08:30-09:00,50,0,1,13
17,2025-01-17,2,0,08:30-09:00,50,0,1,14
17,2025-01-17,2,0,08:30-09:00,50,1,0,15
17,2025-01-17,2,0,08:30-09:00,50,0,1,16
17,2025-01-17,2,0,08:30-09:00,50,0,1,17
17,2025-01-17,2,0,08:30-09:00,50,1,0,18
17,2025-01-17,2,0,08:30-09:00,50,1,0,19
17,2025-01-17,2,0,08:30-09:00,50,1,0,20
17,2025-01-17,2,0,08:30-09:00,50,0,1,21
17,2025-01-17,2,0,08:30-09:00,50,0,1,22
17,2025-01-17,2,0,08:30-09:00,50,1,0,23
17,2025-01-17,2,0,08:30-09:00,50,0,1,24
17,2025-01-17,2,0,08:30-09:00,50,1,0,25
17,2025-01-17,2,0,08:30-09:00,50,0,1,26
17,2025-01-17,2,0,08:30-09:00,50,0,1,27
17,2025-01-17,2,0,08:30-09:00,50,0,1,28
17,2025-01-17,2,0,08:30-09:00,50,1,0,29
17,2025-01-17,2,0,08:30-09:00,50,1,0,30
17,2025-01-17,2,0,08:30-09:00,50,0,1,31
17,2025-01-17,2,0,08:30-09:00,50,1,0,32
17,2025-01-17,2,0,08:30-09:00,50,1,0,33
17,2025-01-17,2,0,08:30-09:00,50,0,1,34
17,2025-01-17,2,0,08:30-09:00,50,1,0,35
17,2025-01-17,2,0,08:30-09:00,50,1,0,36
17,2025-01-17,2,0,08:30-09:00,50,1,0,37
17,2025-01-17,2,0,08:30-09:00,50,1,0,38
17,2025-01-17,2,0,08:30-09:00,50,0,1,39
17,2025-01-17,2,0,08:30-09:00,50,1,0,40
17,2025-01-17,2,0,08:30-09:00,50,0,1,41
17,2025-01-17,2,0,08:30-09:00,50,1,0,42
17,2025-01-17,2,0,08:30-09:00,50,0,1,43
17,2025-01-17,2,0,08:30-09:00,50,0,1,44
17,2025-01-17,2,0,08:30-09:00,50,1,0,45
17,2025-01-17,2,0,08:30-09:00,50,1,0,46
17,2025-01-17,2,0,08:30-09:00,50,1,0,47
17,2025-01-17,2,0,08:30-09:00,50,1,0,48
17,2025-01-17,2,0,08:30-09:00,50,1,0,49
17,2025-01-17,2,0,08:30-09:00,50,1,0,50
17,2025-01-17,2,0,09:00-09:30,50,1,0,1
17,2025-01-17,2,0,09:00-09:30,50,1,0,2
17,2025-01-17,2,0,09:00-09:30,50,1,0,3
17,2025-01-17,2,0,09:00-09:30,50,1,0,4
17,2025-01-17,2,0,09:00-09:30,50,0,1,5
17,2025-01-17,2,0,09:00-09:30,50,0,1,6
17,2025-01-17,2,0,09:00-09:30,50,1,0,7
17,2025-01-17,2,0,09:00-09:30,50,0,1,8
17,2025-01-17,2,0,09:00-09:30,50,0,1,9
17,2025-01-17,2,0,09:00-09:30,50,1,0,10
17,2025-01-17,2,0,09:00-09:30,50,0,1,11
17,2025-01-17,2,0,09:00-09:30,50,1,0,12
17,2025-01-17,2,0,09:00-09:30,50,0,1,13
17,2025-01-17,2,0,09:00-09:30,50,0,1,14
17,2025-01-17,2,0,09:00-09:30,50,0,1,15
17,2025-01-17,2,0,09:00-09:30,50,1,0,16
17,2025-01-17,2,0,09:00-09:30,50,0,1,17
17,2025-01-17,2,0,09:00-09:30,50,1,0,18
17,2025-01-17,2,0,09:00-09:30,50,0,1,19
17,2025-01-17,2,0,09:00-09:30,50,1,0,20
17,2025-01-17,2,0,09:00-09:30,50,1,0,21
17,2025-01-17,2,0,09:00-09:30,50,1,0,22
17,2025-01-17,2,0,09:00-09:30,50,1,0,23
17,2025-01-17,2,0,09:00-09:30,50,0,1,24
17,2025-01-17,2,0,09:00-09:30,50,1,0,25
17,2025-01-17,2,0,09:00-09:30,50,1,0,26
17,2025-01-17,2,0,09:00-09:30,50,0,1,27
17,2025-01-17,2,0,09:00-09:30,50,0,1,28
17,2025-01-17,2,0,09:00-09:30,50,0,1,29
17,2025-01-17,2,0,09:00-09:30,50,0,1,30
17,2025-01-17,2,0,09:00-09:30,50,0,1,31
17,2025-01-17,2,0,09:00-09:30,50,0,1,32
17,2025-01-17,2,0,09:00-09:30,50,0,1,33
17,2025-01-17,2,0,09:00-09:30,50,1,0,34
17,2025-01-17,2,0,09:00-09:30,50,0,1,35
17,2025-01-17,2,0,09:00-09:30,50,0,1,36
17,2025-01-17,2,0,09:00-09:30,50,0,1,37
17,2025-01-17,2,0,09:00-09:30,50,1,0,38
17,2025-01-17,2,0,09:00-09:30,50,1,0,39
17,2025-01-17,2,0,09:00-09:30,50,1,0,40
17,2025-01-17,2,0,09:00-09:30,50,1,0,41
17,2025-01-17,2,0,09:00-09:30,50,0,1,42
17,2025-01-17,2,0,09:00-09:30,50,1,0,43
17,2025-01-17,2,0,09:00-09:30,50,0,1,44
17,2025-01-17,2,0,09:00-09:30,50,0,1,45
17,2025-01-17,2,0,09:00-09:30,50,1,0,46
17,2025-01-17,2,0,09:00-09:30,50,1,0,47
17,2025-01-17,2,0,09:00-09:30,50,0,1,48
17,2025-01-17,2,0,09:00-09:30,50,0,1,49
17,2025-01-17,2,0,09:00-09:30,50,1,0,50
17,2025-01-17,2,0,09:30-10:00,50,0,1,1
17,2025-01-17,2,0,09:30-10:00,50,1,0,2
17,2025-01-17,2,0,09:30-10:00,50,1,0,3
17,2025-01-17,2,0,09:30-10:00,50,0,1,4
17,2025-01-17,2,0,09:30-10:00,50,1,0,5
17,2025-01-17,2,0,09:30-10:00,50,1,0,6
17,2025-01-17,2,0,09:30-10:00,50,0,1,7
17,2025-01-17,2,0,09:30-10:00,50,0,1,8
17,2025-01-17,2,0,09:30-10:00,50,0,1,9
17,2025-01-17,2,0,09:30-10:00,50,0,1,10
17,2025-01-17,2,0,09:30-10:00,50,1,0,11
17,2025-01-17,2,0,09:30-10:00,50,0,1,12
17,2025-01-17,2,0,09:30-10:00,50,0,1,13
17,2025-01-17,2,0,09:30-10:00,50,1,0,14
17,2025-01-17,2,0,09:30-10:00,50,0,1,15
17,2025-01-17,2,0,09:30-10:00,50,0,1,16
17,2025-01-17,2,0,09:30-10:00,50,0,1,17
17,2025-01-17,2,0,09:30-10:00,50,1,0,18
17,2025-01-17,2,0,09:30-10:00,50,1,0,19
17,2025-01-17,2,0,09:30-10:00,50,0,1,20
17,2025-01-17,2,0,09:30-10:00,50,0,1,21
17,2025-01-17,2,0,09:30-10:00,50,0,1,22
17,2025-01-17,2,0,09:30-10:00,50,1,0,23
17,2025-01-17,2,0,09:30-10:00,50,0,1,24
17,2025-01-17,2,0,09:30-10:00,50,0,1,25
17,2025-01-17,2,0,09:30-10:00,50,1,0,26
17,2025-01-17,2,0,09:30-10:00,50,0,1,27
17,2025-01-17,2,0,09:30-10:00,50,1,0,28
17,2025-01-17,2,0,09:30-10:00,50,0,1,29
17,2025-01-17,2,0,09:30-10:00,50,1,0,30
17,2025-01-17,2,0,09:30-10:00,50,1,0,31
17,2025-01-17,2,0,09:30-10:00,50,1,0,32
17,2025-01-17,2,0,09:30-10:00,50,0,1,33
17,2025-01-17,2,0,09:30-10:00,50,1,0,34
17,2025-01-17,2,0,09:30-10:00,50,1,0,35
17,2025-01-17,2,0,09:30-10:00,50,1,0,36
17,2025-01-17,2,0,09:30-10:00,50,0,1,37
17,2025-01-17,2,0,09:30-10:00,50,1,0,38
17,2025-01-17,2,0,09:30-10:00,50,1,0,39
17,2025-01-17,2,0,09:30-10:00,50,0,1,40
17,2025-01-17,2,0,09:30-10:00,50,1,0,41
17,2025-01-17,2,0,09:30-10:00,50,1,0,42
17,2025-01-17,2,0,09:30-10:00,50,1,0,43
17,2025-01-17,2,0,09:30-10:00,50,1,0,44
17,2025-01-17,2,0,09:30-10:00,50,1,0,45
17,2025-01-17,2,0,09:30-10:00,50,1,0,46
17,2025-01-17,2,0,09:30-10:00,50,0,1,47
17,2025-01-17,2,0,09:30-10:00,50,0,1,48
17,2025-01-17,2,0,09:30-10:00,50,0,1,49
17,2025-01-17,2,0,09:30-10:00,50,1,0,50
17,2025-01-17,2,0,16:00-16:30,50,0,1,1
17,2025-01-17,2,0,16:00-16:30,50,0,1,2
17,2025-01-17,2,0,16:00-16:30,50,1,0,3
17,2025-01-17,2,0,16:00-16:30,50,0,1,4
17,2025-01-17,2,0,16:00-16:30,50,1,0,5
17,2025-01-17,2,0,16:00-16:30,50,0,1,6
17,2025-01-17,2,0,16:00-16:30,50,1,0,7
17,2025-01-17,2,0,16:00-16:30,50,0,1,8
17,2025-01-17,2,0,16:00-16:30,50,0,1,9
17,2025-01-17,2,0,16:00-16:30,50,1,0,10
17,2025-01-17,2,0,16:00-16:30,50,1,0,11
17,2025-01-17,2,0,16:00-16:30,50,0,1,12
17,2025-01-17,2,0,16:00-16:30,50,0,1,13
17,2025-01-17,2,0,16:00-16:30,50,1,0,14
17,2025-01-17,2,0,16:00-16:30,50,0,1,15
17,2025-01-17,2,0,16:00-16:30,50,1,0,16
17,2025-01-17,2,0,16:00-16:30,50,0,1,17
17,2025-01-17,2,0,16:00-16:30,50,1,0,18
17,2025-01-17,2,0,16:00-16:30,50,0,1,19
17,2025-01-17,2,0,16:00-16:30,50,1,0,20
17,2025-01-17,2,0,16:00-16:30,50,0,1,21
17,2025-01-17,2,0,16:00-16:30,50,0,1,22
17,2025-01-17,2,0,16:00-16:30,50,0,1,23
17,2025-01-17,2,0,16:00-16:30,50,0,1,24
17,2025-01-17,2,0,16:00-16:30,50,1,0,25
17,2025-01-17,2,0,16:00-16:30,50,1,0,26
17,2025-01-17,2,0,16:00-16:30,50,1,0,27
17,2025-01-17,2,0,16:00-16:30,50,0,1,28
17,2025-01-17,2,0,16:00-16:30,50,1,0,29
17,2025-01-17,2,0,16:00-16:30,50,1,0,30
17,2025-01-17,2,0,16:00-16:30,50,0,1,31
17,2025-01-17,2,0,16:00-16:30,50,0,1,32
17,2025-01-17,2,0,16:00-16:30,50,1,0,33
17,2025-01-17,2,0,16:00-16:30,50,0,1,34
17,2025-01-17,2,0,16:00-16:30,50,1,0,35
17,2025-01-17,2,0,16:00-16:30,50,1,0,36
17,2025-01-17,2,0,16:00-16:30,50,0,1,37
17,2025-01-17,2,0,16:00-16:30,50,1,0,38
17,2025-01-17,2,0,16:00-16:30,50,1,0,39
17,2025-01-17,2,0,16:00-16:30,50,0,1,40
17,2025-01-17,2,0,16:00-16:30,50,0,1,41
17,2025-01-17,2,0,16:00-16:30,50,0,1,42
17,2025-01-17,2,0,16:00-16:30,50,1,0,43
17,2025-01-17,2,0,16:00-16:30,50,0,1,44
17,2025-01-17,2,0,16:00-16:30,50,1,0,45
17,2025-01-17,2,0,16:00-16:30,50,0,1,46
17,2025-01-17,2,0,16:00-16:30,50,0,1,47
17,2025-01-17,2,0,16:00-16:30,50,1,0,48
17,2025-01-17,2,0,16:00-16:30,50,0,1,49
17,2025-01-17,2,0,16:00-16:30,50,0,1,50
17,2025-01-17,2,0,16:30-17:00,50,1,0,1
17,2025-01-17,2,0,16:30-17:00,50,0,1,2
17,2025-01-17,2,0,16:30-17:00,50,0,1,3
17,2025-01-17,2,0,16:30-17:00,50,0,1,4
17,2025-01-17,2,0,16:30-17:00,50,1,0,5
17,2025-01-17,2,0,16:30-17:00,50,0,1,6
17,2025-01-17,2,0,16:30-17:00,50,1,0,7
17,2025-01-17,2,0,16:30-17:00,50,0,1,8
17,2025-01-17,2,0,16:30-17:00,50,1,0,9
17,2025-01-17,2,0,16:30-17:00,50,1,0,10
17,2025-01-17,2,0,16:30-17:00,50,1,0,11
17,2025-01-17,2,0,16:30-17:00,50,0,1,12
17,2025-01-17,2,0,16:30-17:00,50,1,0,13
17,2025-01-17,2,0,16:30-17:00,50,0,1,14
17,2025-01-17,2,0,16:30-17:00,50,1,0,15
17,2025-01-17,2,0,16:30-17:00,50,1,0,16
17,2025-01-17,2,0,16:30-17:00,50,1,0,17
17,2025-01-17,2,0,16:30-17:00,50,1,0,18
17,2025-01-17,2,0,16:30-17:00,50,0,1,19
17,2025-01-17,2,0,16:30-17:00,50,0,1,20
17,2025-01-17,2,0,16:30-17:00,50,1,0,21
17,2025-01-17,2,0,16:30-17:00,50,0,1,22
17,2025-01-17,2,0,16:30-17:00,50,1,0,23
17,2025-01-17,2,0,16:30-17:00,50,0,1,24
17,2025-01-17,2,0,16:30-17:00,50,0,1,25
17,2025-01-17,2,0,16:30-17:00,50,0,1,26
17,2025-01-17,2,0,16:30-17:00,50,0,1,27
17,2025-01-17,2,0,16:30-17:00,50,1,0,28
17,2025-01-17,2,0,16:30-17:00,50,1,0,29
17,2025-01-17,2,0,16:30-17:00,50,0,1,30
17,2025-01-17,2,0,16:30-17:00,50,1,0,31
17,2025-01-17,2,0,16:30-17:00,50,1,0,32
17,2025-01-17,2,0,16:30-17:00,50,0,1,33
17,2025-01-17,2,0,16:30-17:00,50,1,0,34
17,2025-01-17,2,0,16:30-17:00,50,0,1,35
17,2025-01-17,2,0,16:30-17:00,50,0,1,36
17,2025-01-17,2,0,16:30-17:00,50,0,1,37
17,2025-01-17,2,0,16:30-17:00,50,1,0,38
17,2025-01-17,2,0,16:30-17:00,50,1,0,39
17,2025-01-17,2,0,16:30-17:00,50,0,1,40
17,2025-01-17,2,0,16:30-17:00,50,1,0,41
17,2025-01-17,2,0,16:30-17:00,50,1,0,42
17,2025-01-17,2,0,16:30-17:00,50,0,1,43
17,2025-01-17,2,0,16:30-17:00,50,1,0,44
17,2025-01-17,2,0,16:30-17:00,50,1,0,45
17,2025-01-17,2,0,16:30-17:00,50,0,1,46
17,2025-01-17,2,0,16:30-17:00,50,0,1,47
17,2025-01-17,2,0,16:30-17:00,50,0,1,48
17,2025-01-17,2,0,16:30-17:00,50,0,1,49
17,2025-01-17,2,0,16:30-17:00,50,0,1,50
17,2025-01-17,2,0,17:00-17:30,50,0,1,1
17,2025-01-17,2,0,17:00-17:30,50,0,1,2
17,2025-01-17,2,0,17:00-17:30,50,1,0,3
17,2025-01-17,2,0,17:00-17:30,50,0,1,4
17,2025-01-17,2,0,17:00-17:30,50,0,1,5
17,2025-01-17,2,0,17:00-17:30,50,0,1,6
17,2025-01-17,2,0,17:00-17:30,50,1,0,7
17,2025-01-17,2,0,17:00-17:30,50,0,1,8
17,2025-01-17,2,0,17:00-17:30,50,1,0,9
17,2025-01-17,2,0,17:00-17:30,50,1,0,10
17,2025-01-17,2,0,17:00-17:30,50,0,1,11
17,2025-01-17,2,0,17:00-17:30,50,0,1,12
17,2025-01-17,2,0,17:00-17:30,50,1,0,13
17,2025-01-17,2,0,17:00-17:30,50,0,1,14
17,2025-01-17,2,0,17:00-17:30,50,0,1,15
17,2025-01-17,2,0,17:00-17:30,50,1,0,16
17,2025-01-17,2,0,17:00-17:30,50,1,0,17
17,2025-01-17,2,0,17:00-17:30,50,0,1,18
17,2025-01-17,2,0,17:00-17:30,50,1,0,19
17,2025-01-17,2,0,17:00-17:30,50,1,0,20
17,2025-01-17,2,0,17:00-17:30,50,1,0,21
17,2025-01-17,2,0,17:00-17:30,50,1,0,22
17,2025-01-17,2,0,17:00-17:30,50,1,0,23
17,2025-01-17,2,0,17:00-17:30,50,1,0,24
17,2025-01-17,2,0,17:00-17:30,50,0,1,25
17,2025-01-17,2,0,17:00-17:30,50,1,0,26
17,2025-01-17,2,0,17:00-17:30,50,0,1,27
17,2025-01-17,2,0,17:00-17:30,50,1,0,28
17,2025-01-17,2,0,17:00-17:30,50,1,0,29
17,2025-01-17,2,0,17:00-17:30,50,0,1,30
17,2025-01-17,2,0,17:00-17:30,50,0,1,31
17,2025-01-17,2,0,17:00-17:30,50,0,1,32
17,2025-01-17,2,0,17:00-17:30,50,0,1,33
17,2025-01-17,2,0,17:00-17:30,50,1,0,34
17,2025-01-17,2,0,17:00-17:30,50,0,1,35
17,2025-01-17,2,0,17:00-17:30,50,0,1,36
17,2025-01-17,2,0,17:00-17:30,50,0,1,37
17,2025-01-17,2,0,17:00-17:30,50,0,1,38
17,2025-01-17,2,0,17:00-17:30,50,0,1,39
17,2025-01-17,2,0,17:00-17:30,50,0,1,40
17,2025-01-17,2,0,17:00-17:30,50,1,0,41
17,2025-01-17,2,0,17:00-17:30,50,1,0,42
17,2025-01-17,2,0,17:00-17:30,50,0,1,43
17,2025-01-17,2,0,17:00-17:30,50,1,0,44
17,2025-01-17,2,0,17:00-17:30,50,0,1,45
17,2025-01-17,2,0,17:00-17:30,50,0,1,46
17,2025-01-17,2,0,17:00-17:30,50,0,1,47
17,2025-01-17,2,0,17:00-17:30,50,0,1,48
17,2025-01-17,2,0,17:00-17:30,50,1,0,49
17,2025-01-17,2,0,17:00-17:30,50,1,0,50
17,2025-01-17,2,0,17:30-18:00,50,0,1,1
17,2025-01-17,2,0,17:30-18:00,50,0,1,2
17,2025-01-17,2,0,17:30-18:00,50,0,1,3
17,2025-01-17,2,0,17:30-18:00,50,0,1,4
17,2025-01-17,2,0,17:30-18:00,50,0,1,5
17,2025-01-17,2,0,17:30-18:00,50,0,1,6
17,2025-01-17,2,0,17:30-18:00,50,0,1,7
17,2025-01-17,2,0,17:30-18:00,50,1,0,8
17,2025-01-17,2,0,17:30-18:00,50,0,1,9
17,2025-01-17,2,0,17:30-18:00,50,0,1,10
17,2025-01-17,2,0,17:30-18:00,50,0,1,11
17,2025-01-17,2,0,17:30-18:00,50,0,1,12
17,2025-01-17,2,0,17:30-18:00,50,1,0,13
17,2025-01-17,2,0,17:30-18:00,50,0,1,14
17,2025-01-17,2,0,17:30-18:00,50,1,0,15
17,2025-01-17,2,0,17:30-18:00,50,1,0,16
17,2025-01-17,2,0,17:30-18:00,50,1,0,17
17,2025-01-17,2,0,17:30-18:00,50,0,1,18
17,2025-01-17,2,0,17:30-18:00,50,1,0,19
17,2025-01-17,2,0,17:30-18:00,50,0,1,20
17,2025-01-17,2,0,17:30-18:00,50,1,0,21
17,2025-01-17,2,0,17:30-18:00,50,0,1,22
17,2025-01-17,2,0,17:30-18:00,50,1,0,23
17,2025-01-17,2,0,17:30-18:00,50,0,1,24
17,2025-01-17,2,0,17:30-18:00,50,1,0,25
17,2025-01-17,2,0,17:30-18:00,50,1,0,26
17,2025-01-17,2,0,17:30-18:00,50,0,1,27
17,2025-01-17,2,0,17:30-18:00,50,0,1,28
17,2025-01-17,2,0,17:30-18:00,50,0,1,29
17,2025-01-17,2,0,17:30-18:00,50,1,0,30
17,2025-01-17,2,0,17:30-18:00,50,1,0,31
17,2025-01-17,2,0,17:30-18:00,50,0,1,32
17,2025-01-17,2,0,17:30-18:00,50,1,0,33
17,2025-01-17,2,0,17:30-18:00,50,0,1,34
17,2025-01-17,2,0,17:30-18:00,50,1,0,35
17,2025-01-17,2,0,17:30-18:00,50,0,1,36
17,2025-01-17,2,0,17:30-18:00,50,0,1,37
17,2025-01-17,2,0,17:30-18:00,50,1,0,38
17,2025-01-17,2,0,17:30-18:00,50,0,1,39
17,2025-01-17,2,0,17:30-18:00,50,0,1,40
17,2025-01-17,2,0,17:30-18:00,50,0,1,41
17,2025-01-17,2,0,17:30-18:00,50,0,1,42
17,2025-01-17,2,0,17:30-18:00,50,0,1,43
17,2025-01-17,2,0,17:30-18:00,50,0,1,44
17,2025-01-17,2,0,17:30-18:00,50,0,1,45
17,2025-01-17,2,0,17:30-18:00,50,0,1,46
17,2025-01-17,2,0,17:30-18:00,50,1,0,47
17,2025-01-17,2,0,17:30-18:00,50,0,1,48
17,2025-01-17,2,0,17:30-18:00,50,0,1,49
17,2025-01-17,2,0,17:30-18:00,50,0,1,50
17,2025-01-17,2,0,18:00-18:30,50,0,1,1
17,2025-01-17,2,0,18:00-18:30,50,1,0,2
17,2025-01-17,2,0,18:00-18:30,50,0,1,3
17,2025-01-17,2,0,18:00-18:30,50,1,0,4
17,2025-01-17,2,0,18:00-18:30,50,0,1,5
17,2025-01-17,2,0,18:00-18:30,50,0,1,6
17,2025-01-17,2,0,18:00-18:30,50,1,0,7
17,2025-01-17,2,0,18:00-18:30,50,0,1,8
17,2025-01-17,2,0,18:00-18:30,50,0,1,9
17,2025-01-17,2,0,18:00-18:30,50,0,1,10
17,2025-01-17,2,0,18:00-18:30,50,0,1,11
17,2025-01-17,2,0,18:00-18:30,50,0,1,12
17,2025-01-17,2,0,18:00-18:30,50,0,1,13
17,2025-01-17,2,0,18:00-18:30,50,0,1,14
17,2025-01-17,2,0,18:00-18:30,50,1,0,15
17,2025-01-17,2,0,18:00-18:30,50,0,1,16
17,2025-01-17,2,0,18:00-18:30,50,0,1,17
17,2025-01-17,2,0,18:00-18:30,50,0,1,18
17,2025-01-17,2,0,18:00-18:30,50,0,1,19
17,2025-01-17,2,0,18:00-18:30,50,0,1,20
17,2025-01-17,2,0,18:00-18:30,50,1,0,21
17,2025-01-17,2,0,18:00-18:30,50,0,1,22
17,2025-01-17,2,0,18:00-18:30,50,1,0,23
17,2025-01-17,2,0,18:00-18:30,50,0,1,24
17,2025-01-17,2,0,18:00-18:30,50,1,0,25
17,2025-01-17,2,0,18:00-18:30,50,0,1,26
17,2025-01-17,2,0,18:00-18:30,50,0,1,27
17,2025-01-17,2,0,18:00-18:30,50,0,1,28
17,2025-01-17,2,0,18:00-18:30,50,0,1,29
17,2025-01-17,2,0,18:00-18:30,50,0,1,30
17,2025-01-17,2,0,18:00-18:30,50,1,0,31
17,2025-01-17,2,0,18:00-18:30,50,0,1,32
17,2025-01-17,2,0,18:00-18:30,50,1,0,33
17,2025-01-17,2,0,18:00-18:30,50,0,1,34
17,2025-01-17,2,0,18:00-18:30,50,1,0,35
17,2025-01-17,2,0,18:00-18:30,50,1,0,36
17,2025-01-17,2,0,18:00-18:30,50,1,0,37
17,2025-01-17,2,0,18:00-18:30,50,1,0,38
17,2025-01-17,2,0,18:00-18:30,50,1,0,39
17,2025-01-17,2,0,18:00-18:30,50,0,1,40
17,2025-01-17,2,0,18:00-18:30,50,0,1,41
17,2025-01-17,2,0,18:00-18:30,50,0,1,42
17,2025-01-17,2,0,18:00-18:30,50,0,1,43
17,2025-01-17,2,0,18:00-18:30,50,1,0,44
17,2025-01-17,2,0,18:00-18:30,50,1,0,45
17,2025-01-17,2,0,18:00-18:30,50,1,0,46
17,2025-01-17,2,0,18:00-18:30,50,1,0,47
17,2025-01-17,2,0,18:00-18:30,50,0,1,48
17,2025-01-17,2,0,18:00-18:30,50,0,1,49
17,2025-01-17,2,0,18:00-18:30,50,0,1,50
17,2025-01-17,2,0,18:30-19:00,50,0,1,1
17,2025-01-17,2,0,18:30-19:00,50,1,0,2
17,2025-01-17,2,0,18:30-19:00,50,0,1,3
17,2025-01-17,2,0,18:30-19:00,50,1,0,4
17,2025-01-17,2,0,18:30-19:00,50,0,1,5
17,2025-01-17,2,0,18:30-19:00,50,0,1,6
17,2025-01-17,2,0,18:30-19:00,50,1,0,7
17,2025-01-17,2,0,18:30-19:00,50,0,1,8
17,2025-01-17,2,0,18:30-19:00,50,0,1,9
17,2025-01-17,2,0,18:30-19:00,50,0,1,10
17,2025-01-17,2,0,18:30-19:00,50,0,1,11
17,2025-01-17,2,0,18:30-19:00,50,1,0,12
17,2025-01-17,2,0,18:30-19:00,50,0,1,13
17,2025-01-17,2,0,18:30-19:00,50,0,1,14
17,2025-01-17,2,0,18:30-19:00,50,1,0,15
17,2025-01-17,2,0,18:30-19:00,50,1,0,16
17,2025-01-17,2,0,18:30-19:00,50,1,0,17
17,2025-01-17,2,0,18:30-19:00,50,0,1,18
17,2025-01-17,2,0,18:30-19:00,50,0,1,19
17,2025-01-17,2,0,18:30-19:00,50,0,1,20
17,2025-01-17,2,0,18:30-19:00,50,0,1,21
17,2025-01-17,2,0,18:30-19:00,50,1,0,22
17,2025-01-17,2,0,18:30-19:00,50,1,0,23
17,2025-01-17,2,0,18:30-19:00,50,0,1,24
17,2025-01-17,2,0,18:30-19:00,50,0,1,25
17,2025-01-17,2,0,18:30-19:00,50,0,1,26
17,2025-01-17,2,0,18:30-19:00,50,0,1,27
17,2025-01-17,2,0,18:30-19:00,50,0,1,28
17,2025-01-17,2,0,18:30-19:00,50,0,1,29
17,2025-01-17,2,0,18:30-19:00,50,0,1,30
17,2025-01-17,2,0,18:30-19:00,50,1,0,31
17,2025-01-17,2,0,18:30-19:00,50,1,0,32
17,2025-01-17,2,0,18:30-19:00,50,0,1,33
17,2025-01-17,2,0,18:30-19:00,50,1,0,34
17,2025-01-17,2,0,18:30-19:00,50,0,1,35
17,2025-01-17,2,0,18:30-19:00,50,0,1,36
17,2025-01-17,2,0,18:30-19:00,50,1,0,37
17,2025-01-17,2,0,18:30-19:00,50,0,1,38
17,2025-01-17,2,0,18:30-19:00,50,0,1,39
17,2025-01-17,2,0,18:30-19:00,50,0,1,40
17,2025-01-17,2,0,18:30-19:00,50,0,1,41
17,2025-01-17,2,0,18:30-19:00,50,1,0,42
17,2025-01-17,2,0,18:30-19:00,50,0,1,43
17,2025-01-17,2,0,18:30-19:00,50,0,1,44
17,2025-01-17,2,0,18:30-19:00,50,1,0,45
17,2025-01-17,2,0,18:30-19:00,50,1,0,46
17,2025-01-17,2,0,18:30-19:00,50,1,0,47
17,2025-01-17,2,0,18:30-19:00,50,0,1,48
17,2025-01-17,2,0,18:30-19:00,50,0,1,49
17,2025-01-17,2,0,18:30-19:00,50,1,0,50
18,2025-01-18,3,0,07:00-07:30,50,1,0,1
18,2025-01-18,3,0,07:00-07:30,50,0,1,2
18,2025-01-18,3,0,07:00-07:30,50,1,0,3
18,2025-01-18,3,0,07:00-07:30,50,1,0,4
18,2025-01-18,3,0,07:00-07:30,50,1,0,5
18,2025-01-18,3,0,07:00-07:30,50,1,0,6
18,2025-01-18,3,0,07:00-07:30,50,1,0,7
18,2025-01-18,3,0,07:00-07:30,50,1,0,8
18,2025-01-18,3,0,07:00-07:30,50,1,0,9
18,2025-01-18,3,0,07:00-07:30,50,0,1,10
18,2025-01-18,3,0,07:00-07:30,50,1,0,11
18,2025-01-18,3,0,07:00-07:30,50,1,0,12
18,2025-01-18,3,0,07:00-07:30,50,1,0,13
18,2025-01-18,3,0,07:00-07:30,50,0,1,14
18,2025-01-18,3,0,07:00-07:30,50,1,0,15
18,2025-01-18,3,0,07:00-07:30,50,1,0,16
18,2025-01-18,3,0,07:00-07:30,50,0,1,17
18,2025-01-18,3,0,07:00-07:30,50,1,0,18
18,2025-01-18,3,0,07:00-07:30,50,0,1,19
18,2025-01-18,3,0,07:00-07:30,50,0,1,20
18,2025-01-18,3,0,07:00-07:30,50,1,0,21
18,2025-01-18,3,0,07:00-07:30,50,1,0,22
18,2025-01-18,3,0,07:00-07:30,50,1,0,23
18,2025-01-18,3,0,07:00-07:30,50,1,0,24
18,2025-01-18,3,0,07:00-07:30,50,0,1,25
18,2025-01-18,3,0,07:00-07:30,50,1,0,26
18,2025-01-18,3,0,07:00-07:30,50,0,1,27
18,2025-01-18,3,0,07:00-07:30,50,0,1,28
18,2025-01-18,3,0,07:00-07:30,50,1,0,29
18,2025-01-18,3,0,07:00-07:30,50,1,0,30
18,2025-01-18,3,0,07:00-07:30,50,0,1,31
18,2025-01-18,3,0,07:00-07:30,50,1,0,32
18,2025-01-18,3,0,07:00-07:30,50,0,1,33
18,2025-01-18,3,0,07:00-07:30,50,1,0,34
18,2025-01-18,3,0,07:00-07:30,50,1,0,35
18,2025-01-18,3,0,07:00-07:30,50,1,0,36
18,2025-01-18,3,0,07:00-07:30,50,1,0,37
18,2025-01-18,3,0,07:00-07:30,50,1,0,38
18,2025-01-18,3,0,07:00-07:30,50,0,1,39
18,2025-01-18,3,0,07:00-07:30,50,1,0,40
18,2025-01-18,3,0,07:00-07:30,50,1,0,41
18,2025-01-18,3,0,07:00-07:30,50,1,0,42
18,2025-01-18,3,0,07:00-07:30,50,1,0,43
18,2025-01-18,3,0,07:00-07:30,50,1,0,44
18,2025-01-18,3,0,07:00-07:30,50,0,1,45
18,2025-01-18,3,0,07:00-07:30,50,1,0,46
18,2025-01-18,3,0,07:00-07:30,50,1,0,47
18,2025-01-18,3,0,07:00-07:30,50,0,1,48
18,2025-01-18,3,0,07:00-07:30,50,1,0,49
18,2025-01-18,3,0,07:00-07:30,50,1,0,50
18,2025-01-18,3,0,07:30-08:00,50,0,1,1
18,2025-01-18,3,0,07:30-08:00,50,1,0,2
18,2025-01-18,3,0,07:30-08:00,50,1,0,3
18,2025-01-18,3,0,07:30-08:00,50,1,0,4
18,2025-01-18,3,0,07:30-08:00,50,1,0,5
18,2025-01-18,3,0,07:30-08:00,50,1,0,6
18,2025-01-18,3,0,07:30-08:00,50,1,0,7
18,2025-01-18,3,0,07:30-08:00,50,1,0,8
18,2025-01-18,3,0,07:30-08:00,50,1,0,9
18,2025-01-18,3,0,07:30-08:00,50,1,0,10
18,2025-01-18,3,0,07:30-08:00,50,1,0,11
18,2025-01-18,3,0,07:30-08:00,50,1,0,12
18,2025-01-18,3,0,07:30-08:00,50,1,0,13
18,2025-01-18,3,0,07:30-08:00,50,1,0,14
18,2025-01-18,3,0,07:30-08:00,50,1,0,15
18,2025-01-18,3,0,07:30-08:00,50,0,1,16
18,2025-01-18,3,0,07:30-08:00,50,0,1,17
18,2025-01-18,3,0,07:30-08:00,50,1,0,18
18,2025-01-18,3,0,07:30-08:00,50,1,0,19
18,2025-01-18,3,0,07:30-08:00,50,0,1,20
18,2025-01-18,3,0,07:30-08:00,50,0,1,21
18,2025-01-18,3,0,07:30-08:00,50,1,0,22
18,2025-01-18,3,0,07:30-08:00,50,0,1,23
18,2025-01-18,3,0,07:30-08:00,50,1,0,24
18,2025-01-18,3,0,07:30-08:00,50,1,0,25
18,2025-01-18,3,0,07:30-08:00,50,0,1,26
18,2025-01-18,3,0,07:30-08:00,50,1,0,27
18,2025-01-18,3,0,07:30-08:00,50,0,1,28
18,2025-01-18,3,0,07:30-08:00,50,1,0,29
18,2025-01-18,3,0,07:30-08:00,50,1,0,30
18,2025-01-18,3,0,07:30-08:00,50,0,1,31
18,2025-01-18,3,0,07:30-08:00,50,1,0,32
18,2025-01-18,3,0,07:30-08:00,50,1,0,33
18,2025-01-18,3,0,07:30-08:00,50,1,0,34
18,2025-01-18,3,0,07:30-08:00,50,0,1,35
18,2025-01-18,3,0,07:30-08:00,50,1,0,36
18,2025-01-18,3,0,07:30-08:00,50,0,1,37
18,2025-01-18,3,0,07:30-08:00,50,1,0,38
18,2025-01-18,3,0,07:30-08:00,50,1,0,39
18,2025-01-18,3,0,07:30-08:00,50,1,0,40
18,2025-01-18,3,0,07:30-08:00,50,0,1,41
18,2025-01-18,3,0,07:30-08:00,50,1,0,42
18,2025-01-18,3,0,07:30-08:00,50,1,0,43
18,2025-01-18,3,0,07:30-08:00,50,0,1,44
18,2025-01-18,3,0,07:30-08:00,50,1,0,45
18,2025-01-18,3,0,07:30-08:00,50,1,0,46
18,2025-01-18,3,0,07:30-08:00,50,1,0,47
18,2025-01-18,3,0,07:30-08:00,50,1,0,48
18,2025-01-18,3,0,07:30-08:00,50,0,1,49
18,2025-01-18,3,0,07:30-08:00,50,0,1,50
18,2025-01-18,3,0,08:00-08:30,50,1,0,1
18,2025-01-18,3,0,08:00-08:30,50,1,0,2
18,2025-01-18,3,0,08:00-08:30,50,0,1,3
18,2025-01-18,3,0,08:00-08:30,50,0,1,4
18,2025-01-18,3,0,08:00-08:30,50,1,0,5
18,2025-01-18,3,0,08:00-08:30,50,1,0,6
18,2025-01-18,3,0,08:00-08:30,50,0,1,7
18,2025-01-18,3,0,08:00-08:30,50,0,1,8
18,2025-01-18,3,0,08:00-08:30,50,1,0,9
18,2025-01-18,3,0,08:00-08:30,50,1,0,10
18,2025-01-18,3,0,08:00-08:30,50,1,0,11
18,2025-01-18,3,0,08:00-08:30,50,0,1,12
18,2025-01-18,3,0,08:00-08:30,50,1,0,13
18,2025-01-18,3,0,08:00-08:30,50,0,1,14
18,2025-01-18,3,0,08:00-08:30,50,1,0,15
18,2025-01-18,3,0,08:00-08:30,50,1,0,16
18,2025-01-18,3,0,08:00-08:30,50,1,0,17
18,2025-01-18,3,0,08:00-08:30,50,0,1,18
18,2025-01-18,3,0,08:00-08:30,50,1,0,19
18,2025-01-18,3,0,08:00-08:30,50,0,1,20
18,2025-01-18,3,0,08:00-08:30,50,1,0,21
18,2025-01-18,3,0,08:00-08:30,50,1,0,22
18,2025-01-18,3,0,08:00-08:30,50,0,1,23
18,2025-01-18,3,0,08:00-08:30,50,0,1,24
18,2025-01-18,3,0,08:00-08:30,50,0,1,25
18,2025-01-18,3,0,08:00-08:30,50,1,0,26
18,2025-01-18,3,0,08:00-08:30,50,0,1,27
18,2025-01-18,3,0,08:00-08:30,50,1,0,28
18,2025-01-18,3,0,08:00-08:30,50,0,1,29
18,2025-01-18,3,0,08:00-08:30,50,1,0,30
18,2025-01-18,3,0,08:00-08:30,50,1,0,31
18,2025-01-18,3,0,08:00-08:30,50,0,1,32
18,2025-01-18,3,0,08:00-08:30,50,0,1,33
18,2025-01-18,3,0,08:00-08:30,50,0,1,34
18,2025-01-18,3,0,08:00-08:30,50,1,0,35
18,2025-01-18,3,0,08:00-08:30,50,1,0,36
18,2025-01-18,3,0,08:00-08:30,50,0,1,37
18,2025-01-18,3,0,08:00-08:30,50,0,1,38
18,2025-01-18,3,0,08:00-08:30,50,1,0,39
18,2025-01-18,3,0,08:00-08:30,50,1,0,40
18,2025-01-18,3,0,08:00-08:30,50,0,1,41
18,2025-01-18,3,0,08:00-08:30,50,0,1,42
18,2025-01-18,3,0,08:00-08:30,50,1,0,43
18,2025-01-18,3,0,08:00-08:30,50,1,0,44
18,2025-01-18,3,0,08:00-08:30,50,0,1,45
18,2025-01-18,3,0,08:00-08:30,50,1,0,46
18,2025-01-18,3,0,08:00-08:30,50,1,0,47
18,2025-01-18,3,0,08:00-08:30,50,1,0,48
18,2025-01-18,3,0,08:00-08:30,50,0,1,49
18,2025-01-18,3,0,08:00-08:30,50,0,1,50
18,2025-01-18,3,0,08:30-09:00,50,1,0,1
18,2025-01-18,3,0,08:30-09:00,50,1,0,2
18,2025-01-18,3,0,08:30-09:00,50,1,0,3
18,2025-01-18,3,0,08:30-09:00,50,0,1,4
18,2025-01-18,3,0,08:30-09:00,50,0,1,5
18,2025-01-18,3,0,08:30-09:00,50,0,1,6
18,2025-01-18,3,0,08:30-09:00,50,0,1,7
18,2025-01-18,3,0,08:30-09:00,50,1,0,8
18,2025-01-18,3,0,08:30-09:00,50,0,1,9
18,2025-01-18,3,0,08:30-09:00,50,1,0,10
18,2025-01-18,3,0,08:30-09:00,50,0,1,11
18,2025-01-18,3,0,08:30-09:00,50,0,1,12
18,2025-01-18,3,0,08:30-09:00,50,1,0,13
18,2025-01-18,3,0,08:30-09:00,50,1,0,14
18,2025-01-18,3,0,08:30-09:00,50,1,0,15
18,2025-01-18,3,0,08:30-09:00,50,0,1,16
18,2025-01-18,3,0,08:30-09:00,50,1,0,17
18,2025-01-18,3,0,08:30-09:00,50,1,0,18
18,2025-01-18,3,0,08:30-09:00,50,0,1,19
18,2025-01-18,3,0,08:30-09:00,50,0,1,20
18,2025-01-18,3,0,08:30-09:00,50,0,1,21
18,2025-01-18,3,0,08:30-09:00,50,1,0,22
18,2025-01-18,3,0,08:30-09:00,50,0,1,23
18,2025-01-18,3,0,08:30-09:00,50,1,0,24
18,2025-01-18,3,0,08:30-09:00,50,1,0,25
18,2025-01-18,3,0,08:30-09:00,50,1,0,26
18,2025-01-18,3,0,08:30-09:00,50,1,0,27
18,2025-01-18,3,0,08:30-09:00,50,1,0,28
18,2025-01-18,3,0,08:30-09:00,50,1,0,29
18,2025-01-18,3,0,08:30-09:00,50,1,0,30
18,2025-01-18,3,0,08:30-09:00,50,0,1,31
18,2025-01-18,3,0,08:30-09:00,50,0,1,32
18,2025-01-18,3,0,08:30-09:00,50,0,1,33
18,2025-01-18,3,0,08:30-09:00,50,1,0,34
18,2025-01-18,3,0,08:30-09:00,50,0,1,35
18,2025-01-18,3,0,08:30-09:00,50,1,0,36
18,2025-01-18,3,0,08:30-09:00,50,1,0,37
18,2025-01-18,3,0,08:30-09:00,50,0,1,38
18,2025-01-18,3,0,08:30-09:00,50,1,0,39
18,2025-01-18,3,0,08:30-09:00,50,1,0,40
18,2025-01-18,3,0,08:30-09:00,50,1,0,41
18,2025-01-18,3,0,08:30-09:00,50,0,1,42
18,2025-01-18,3,0,08:30-09:00,50,0,1,43
18,2025-01-18,3,0,08:30-09:00,50,0,1,44
18,2025-01-18,3,0,08:30-09:00,50,0,1,45
18,2025-01-18,3,0,08:30-09:00,50,1,0,46
18,2025-01-18,3,0,08:30-09:00,50,1,0,47
18,2025-01-18,3,0,08:30-09:00,50,0,1,48
18,2025-01-18,3,0,08:30-09:00,50,0,1,49
18,2025-01-18,3,0,08:30-09:00,50,1,0,50
18,2025-01-18,3,0,09:00-09:30,50,1,0,1
18,2025-01-18,3,0,09:00-09:30,50,0,1,2
18,2025-01-18,3,0,09:00-09:30,50,0,1,3
18,2025-01-18,3,0,09:00-09:30,50,1,0,4
18,2025-01-18,3,0,09:00-09:30,50,0,1,5
18,2025-01-18,3,0,09:00-09:30,50,0,1,6
18,2025-01-18,3,0,09:00-09:30,50,0,1,7
18,2025-01-18,3,0,09:00-09:30,50,0,1,8
18,2025-01-18,3,0,09:00-09:30,50,0,1,9
18,2025-01-18,3,0,09:00-09:30,50,1,0,10
18,2025-01-18,3,0,09:00-09:30,50,0,1,11
18,2025-01-18,3,0,09:00-09:30,50,1,0,12
18,2025-01-18,3,0,09:00-09:30,50,1,0,13
18,2025-01-18,3,0,09:00-09:30,50,1,0,14
18,2025-01-18,3,0,09:00-09:30,50,1,0,15
18,2025-01-18,3,0,09:00-09:30,50,1,0,16
18,2025-01-18,3,0,09:00-09:30,50,0,1,17
18,2025-01-18,3,0,09:00-09:30,50,1,0,18
18,2025-01-18,3,0,09:00-09:30,50,1,0,19
18,2025-01-18,3,0,09:00-09:30,50,0,1,20
18,2025-01-18,3,0,09:00-09:30,50,0,1,21
18,2025-01-18,3,0,09:00-09:30,50,1,0,22
18,2025-01-18,3,0,09:00-09:30,50,0,1,23
18,2025-01-18,3,0,09:00-09:30,50,0,1,24
18,2025-01-18,3,0,09:00-09:30,50,1,0,25
18,2025-01-18,3,0,09:00-09:30,50,0,1,26
18,2025-01-18,3,0,09:00-09:30,50,1,0,27
18,2025-01-18,3,0,09:00-09:30,50,1,0,28
18,2025-01-18,3,0,09:00-09:30,50,0,1,29
18,2025-01-18,3,0,09:00-09:30,50,0,1,30
18,2025-01-18,3,0,09:00-09:30,50,1,0,31
18,2025-01-18,3,0,09:00-09:30,50,1,0,32
18,2025-01-18,3,0,09:00-09:30,50,0,1,33
18,2025-01-18,3,0,09:00-09:30,50,0,1,34
18,2025-01-18,3,0,09:00-09:30,50,1,0,35
18,2025-01-18,3,0,09:00-09:30,50,1,0,36
18,2025-01-18,3,0,09:00-09:30,50,1,0,37
18,2025-01-18,3,0,09:00-09:30,50,0,1,38
18,2025-01-18,3,0,09:00-09:30,50,0,1,39
18,2025-01-18,3,0,09:00-09:30,50,1,0,40
18,2025-01-18,3,0,09:00-09:30,50,1,0,41
18,2025-01-18,3,0,09:00-09:30,50,0,1,42
18,2025-01-18,3,0,09:00-09:30,50,0,1,43
18,2025-01-18,3,0,09:00-09:30,50,0,1,44
18,2025-01-18,3,0,09:00-09:30,50,0,1,45
18,2025-01-18,3,0,09:00-09:30,50,0,1,46
18,2025-01-18,3,0,09:00-09:30,50,1,0,47
18,2025-01-18,3,0,09:00-09:30,50,1,0,48
18,2025-01-18,3,0,09:00-09:30,50,0,1,49
18,2025-01-18,3,0,09:00-09:30,50,0,1,50
18,2025-01-18,3,0,09:30-10:00,50,0,1,1
18,2025-01-18,3,0,09:30-10:00,50,1,0,2
18,2025-01-18,3,0,09:30-10:00,50,1,0,3
18,2025-01-18,3,0,09:30-10:00,50,1,0,4
18,2025-01-18,3,0,09:30-10:00,50,1,0,5
18,2025-01-18,3,0,09:30-10:00,50,0,1,6
18,2025-01-18,3,0,09:30-10:00,50,0,1,7
18,2025-01-18,3,0,09:30-10:00,50,0,1,8
18,2025-01-18,3,0,09:30-10:00,50,0,1,9
18,2025-01-18,3,0,09:30-10:00,50,0,1,10
18,2025-01-18,3,0,09:30-10:00,50,0,1,11
18,2025-01-18,3,0,09:30-10:00,50,1,0,12
18,2025-01-18,3,0,09:30-10:00,50,0,1,13
18,2025-01-18,3,0,09:30-10:00,50,0,1,14
18,2025-01-18,3,0,09:30-10:00,50,0,1,15
18,2025-01-18,3,0,09:30-10:00,50,0,1,16
18,2025-01-18,3,0,09:30-10:00,50,1,0,17
18,2025-01-18,3,0,09:30-10:00,50,1,0,18
18,2025-01-18,3,0,09:30-10:00,50,1,0,19
18,2025-01-18,3,0,09:30-10:00,50,0,1,20
18,2025-01-18,3,0,09:30-10:00,50,1,0,21
18,2025-01-18,3,0,09:30-10:00,50,1,0,22
18,2025-01-18,3,0,09:30-10:00,50,0,1,23
18,2025-01-18,3,0,09:30-10:00,50,0,1,24
18,2025-01-18,3,0,09:30-10:00,50,0,1,25
18,2025-01-18,3,0,09:30-10:00,50,0,1,26
18,2025-01-18,3,0,09:30-10:00,50,1,0,27
18,2025-01-18,3,0,09:30-10:00,50,1,0,28
18,2025-01-18,3,0,09:30-10:00,50,1,0,29
18,2025-01-18,3,0,09:30-10:00,50,1,0,30
18,2025-01-18,3,0,09:30-10:00,50,0,1,31
18,2025-01-18,3,0,09:30-10:00,50,1,0,32
18,2025-01-18,3,0,09:30-10:00,50,1,0,33
18,2025-01-18,3,0,09:30-10:00,50,1,0,34
18,2025-01-18,3,0,09:30-10:00,50,1,0,35
18,2025-01-18,3,0,09:30-10:00,50,1,0,36
18,2025-01-18,3,0,09:30-10:00,50,0,1,37
18,2025-01-18,3,0,09:30-10:00,50,1,0,38
18,2025-01-18,3,0,09:30-10:00,50,0,1,39
18,2025-01-18,3,0,09:30-10:00,50,0,1,40
18,2025-01-18,3,0,09:30-10:00,50,1,0,41
18,2025-01-18,3,0,09:30-10:00,50,1,0,42
18,2025-01-18,3,0,09:30-10:00,50,0,1,43
18,2025-01-18,3,0,09:30-10:00,50,1,0,44
18,2025-01-18,3,0,09:30-10:00,50,0,1,45
18,2025-01-18,3,0,09:30-10:00,50,1,0,46
18,2025-01-18,3,0,09:30-10:00,50,0,1,47
18,2025-01-18,3,0,09:30-10:00,50,0,1,48
18,2025-01-18,3,0,09:30-10:00,50,1,0,49
18,2025-01-18,3,0,09:30-10:00,50,1,0,50
18,2025-01-18,3,0,16:00-16:30,50,1,0,1
18,2025-01-18,3,0,16:00-16:30,50,0,1,2
18,2025-01-18,3,0,16:00-16:30,50,1,0,3
18,2025-01-18,3,0,16:00-16:30,50,1,0,4
18,2025-01-18,3,0,16:00-16:30,50,1,0,5
18,2025-01-18,3,0,16:00-16:30,50,1,0,6
18,2025-01-18,3,0,16:00-16:30,50,1,0,7
18,2025-01-18,3,0,16:00-16:30,50,0,1,8
18,2025-01-18,3,0,16:00-16:30,50,1,0,9
18,2025-01-18,3,0,16:00-16:30,50,1,0,10
18,2025-01-18,3,0,16:00-16:30,50,1,0,11
18,2025-01-18,3,0,16:00-16:30,50,0,1,12
18,2025-01-18,3,0,16:00-16:30,50,0,1,13
18,2025-01-18,3,0,16:00-16:30,50,0,1,14
18,2025-01-18,3,0,16:00-16:30,50,0,1,15
18,2025-01-18,3,0,16:00-16:30,50,0,1,16
18,2025-01-18,3,0,16:00-16:30,50,0,1,17
18,2025-01-18,3,0,16:00-16:30,50,0,1,18
18,2025-01-18,3,0,16:00-16:30,50,1,0,19
18,2025-01-18,3,0,16:00-16:30,50,1,0,20
18,2025-01-18,3,0,16:00-16:30,50,1,0,21
18,2025-01-18,3,0,16:00-16:30,50,0,1,22
18,2025-01-18,3,0,16:00-16:30,50,0,1,23
18,2025-01-18,3,0,16:00-16:30,50,1,0,24
18,2025-01-18,3,0,16:00-16:30,50,1,0,25
18,2025-01-18,3,0,16:00-16:30,50,1,0,26
18,2025-01-18,3,0,16:00-16:30,50,0,1,27
18,2025-01-18,3,0,16:00-16:30,50,1,0,28
18,2025-01-18,3,0,16:00-16:30,50,1,0,29
18,2025-01-18,3,0,16:00-16:30,50,0,1,30
18,2025-01-18,3,0,16:00-16:30,50,1,0,31
18,2025-01-18,3,0,16:00-16:30,50,0,1,32
18,2025-01-18,3,0,16:00-16:30,50,0,1,33
18,2025-01-18,3,0,16:00-16:30,50,1,0,34
18,2025-01-18,3,0,16:00-16:30,50,1,0,35
18,2025-01-18,3,0,16:00-16:30,50,1,0,36
18,2025-01-18,3,0,16:00-16:30,50,0,1,37
18,2025-01-18,3,0,16:00-16:30,50,1,0,38
18,2025-01-18,3,0,16:00-16:30,50,1,0,39
18,2025-01-18,3,0,16:00-16:30,50,1,0,40
18,2025-01-18,3,0,16:00-16:30,50,1,0,41
18,2025-01-18,3,0,16:00-16:30,50,1,0,42
18,2025-01-18,3,0,16:00-16:30,50,1,0,43
18,2025-01-18,3,0,16:00-16:30,50,0,1,44
18,2025-01-18,3,0,16:00-16:30,50,0,1,45
18,2025-01-18,3,0,16:00-16:30,50,1,0,46
18,2025-01-18,3,0,16:00-16:30,50,0,1,47
18,2025-01-18,3,0,16:00-16:30,50,1,0,48
18,2025-01-18,3,0,16:00-16:30,50,0,1,49
18,2025-01-18,3,0,16:00-16:30,50,0,1,50
18,2025-01-18,3,0,16:30-17:00,50,0,1,1
18,2025-01-18,3,0,16:30-17:00,50,0,1,2
18,2025-01-18,3,0,16:30-17:00,50,0,1,3
18,2025-01-18,3,0,16:30-17:00,50,0,1,4
18,2025-01-18,3,0,16:30-17:00,50,0,1,5
18,2025-01-18,3,0,16:30-17:00,50,0,1,6
18,2025-01-18,3,0,16:30-17:00,50,1,0,7
18,2025-01-18,3,0,16:30-17:00,50,1,0,8
18,2025-01-18,3,0,16:30-17:00,50,1,0,9
18,2025-01-18,3,0,16:30-17:00,50,1,0,10
18,2025-01-18,3,0,16:30-17:00,50,1,0,11
18,2025-01-18,3,0,16:30-17:00,50,1,0,12
18,2025-01-18,3,0,16:30-17:00,50,1,0,13
18,2025-01-18,3,0,16:30-17:00,50,0,1,14
18,2025-01-18,3,0,16:30-17:00,50,1,0,15
18,2025-01-18,3,0,16:30-17:00,50,0,1,16
18,2025-01-18,3,0,16:30-17:00,50,0,1,17
18,2025-01-18,3,0,16:30-17:00,50,1,0,18
18,2025-01-18,3,0,16:30-17:00,50,0,1,19
18,2025-01-18,3,0,16:30-17:00,50,0,1,20
18,2025-01-18,3,0,16:30-17:00,50,1,0,21
18,2025-01-18,3,0,16:30-17:00,50,0,1,22
18,2025-01-18,3,0,16:30-17:00,50,0,1,23
18,2025-01-18,3,0,16:30-17:00,50,0,1,24
18,2025-01-18,3,0,16:30-17:00,50,1,0,25
18,2025-01-18,3,0,16:30-17:00,50,1,0,26
18,2025-01-18,3,0,16:30-17:00,50,1,0,27
18,2025-01-18,3,0,16:30-17:00,50,1,0,28
18,2025-01-18,3,0,16:30-17:00,50,0,1,29
18,2025-01-18,3,0,16:30-17:00,50,1,0,30
18,2025-01-18,3,0,16:30-17:00,50,0,1,31
18,2025-01-18,3,0,16:30-17:00,50,1,0,32
18,2025-01-18,3,0,16:30-17:00,50,0,1,33
18,2025-01-18,3,0,16:30-17:00,50,1,0,34
18,2025-01-18,3,0,16:30-17:00,50,1,0,35
18,2025-01-18,3,0,16:30-17:00,50,0,1,36
18,2025-01-18,3,0,16:30-17:00,50,1,0,37
18,2025-01-18,3,0,16:30-17:00,50,1,0,38
18,2025-01-18,3,0,16:30-17:00,50,1,0,39
18,2025-01-18,3,0,16:30-17:00,50,1,0,40
18,2025-01-18,3,0,16:30-17:00,50,1,0,41
18,2025-01-18,3,0,16:30-17:00,50,1,0,42
18,2025-01-18,3,0,16:30-17:00,50,1,0,43
18,2025-01-18,3,0,16:30-17:00,50,0,1,44
18,2025-01-18,3,0,16:30-17:00,50,1,0,45
18,2025-01-18,3,0,16:30-17:00,50,0,1,46
18,2025-01-18,3,0,16:30-17:00,50,1,0,47
18,2025-01-18,3,0,16:30-17:00,50,0,1,48
18,2025-01-18,3,0,16:30-17:00,50,0,1,49
18,2025-01-18,3,0,16:30-17:00,50,1,0,50
18,2025-01-18,3,0,17:00-17:30,50,0,1,1
18,2025-01-18,3,0,17:00-17:30,50,0,1,2
18,2025-01-18,3,0,17:00-17:30,50,0,1,3
18,2025-01-18,3,0,17:00-17:30,50,1,0,4
18,2025-01-18,3,0,17:00-17:30,50,1,0,5
18,2025-01-18,3,0,17:00-17:30,50,1,0,6
18,2025-01-18,3,0,17:00-17:30,50,0,1,7
18,2025-01-18,3,0,17:00-17:30,50,0,1,8
18,2025-01-18,3,0,17:00-17:30,50,0,1,9
18,2025-01-18,3,0,17:00-17:30,50,1,0,10
18,2025-01-18,3,0,17:00-17:30,50,1,0,11
18,2025-01-18,3,0,17:00-17:30,50,0,1,12
18,2025-01-18,3,0,17:00-17:30,50,1,0,13
18,2025-01-18,3,0,17:00-17:30,50,1,0,14
18,2025-01-18,3,0,17:00-17:30,50,1,0,15
18,2025-01-18,3,0,17:00-17:30,50,1,0,16
18,2025-01-18,3,0,17:00-17:30,50,1,0,17
18,2025-01-18,3,0,17:00-17:30,50,1,0,18
18,2025-01-18,3,0,17:00-17:30,50,0,1,19
18,2025-01-18,3,0,17:00-17:30,50,1,0,20
18,2025-01-18,3,0,17:00-17:30,50,0,1,21
18,2025-01-18,3,0,17:00-17:30,50,1,0,22
18,2025-01-18,3,0,17:00-17:30,50,0,1,23
18,2025-01-18,3,0,17:00-17:30,50,0,1,24
18,2025-01-18,3,0,17:00-17:30,50,1,0,25
18,2025-01-18,3,0,17:00-17:30,50,1,0,26
18,2025-01-18,3,0,17:00-17:30,50,0,1,27
18,2025-01-18,3,0,17:00-17:30,50,1,0,28
18,2025-01-18,3,0,17:00-17:30,50,0,1,29
18,2025-01-18,3,0,17:00-17:30,50,1,0,30
18,2025-01-18,3,0,17:00-17:30,50,0,1,31
18,2025-01-18,3,0,17:00-17:30,50,1,0,32
18,2025-01-18,3,0,17:00-17:30,50,0,1,33
18,2025-01-18,3,0,17:00-17:30,50,1,0,34
18,2025-01-18,3,0,17:00-17:30,50,1,0,35
18,2025-01-18,3,0,17:00-17:30,50,0,1,36
18,2025-01-18,3,0,17:00-17:30,50,1,0,37
18,2025-01-18,3,0,17:00-17:30,50,0,1,38
18,2025-01-18,3,0,17:00-17:30,50,1,0,39
18,2025-01-18,3,0,17:00-17:30,50,0,1,40
18,2025-01-18,3,0,17:00-17:30,50,0,1,41
18,2025-01-18,3,0,17:00-17:30,50,0,1,42
18,2025-01-18,3,0,17:00-17:30,50,1,0,43
18,2025-01-18,3,0,17:00-17:30,50,0,1,44
18,2025-01-18,3,0,17:00-17:30,50,1,0,45
18,2025-01-18,3,0,17:00-17:30,50,0,1,46
18,2025-01-18,3,0,17:00-17:30,50,0,1,47
18,2025-01-18,3,0,17:00-17:30,50,0,1,48
18,2025-01-18,3,0,17:00-17:30,50,1,0,49
18,2025-01-18,3,0,17:00-17:30,50,0,1,50
18,2025-01-18,3,0,17:30-18:00,50,1,0,1
18,2025-01-18,3,0,17:30-18:00,50,0,1,2
18,2025-01-18,3,0,17:30-18:00,50,1,0,3
18,2025-01-18,3,0,17:30-18:00,50,0,1,4
18,2025-01-18,3,0,17:30-18:00,50,0,1,5
18,2025-01-18,3,0,17:30-18:00,50,0,1,6
18,2025-01-18,3,0,17:30-18:00,50,1,0,7
18,2025-01-18,3,0,17:30-18:00,50,0,1,8
18,2025-01-18,3,0,17:30-18:00,50,0,1,9
18,2025-01-18,3,0,17:30-18:00,50,0,1,10
18,2025-01-18,3,0,17:30-18:00,50,0,1,11
18,2025-01-18,3,0,17:30-18:00,50,0,1,12
18,2025-01-18,3,0,17:30-18:00,50,1,0,13
18,2025-01-18,3,0,17:30-18:00,50,1,0,14
18,2025-01-18,3,0,17:30-18:00,50,1,0,15
18,2025-01-18,3,0,17:30-18:00,50,0,1,16
18,2025-01-18,3,0,17:30-18:00,50,0,1,17
18,2025-01-18,3,0,17:30-18:00,50,1,0,18
18,2025-01-18,3,0,17:30-18:00,50,0,1,19
18,2025-01-18,3,0,17:30-18:00,50,0,1,20
18,2025-01-18,3,0,17:30-18:00,50,0,1,21
18,2025-01-18,3,0,17:30-18:00,50,0,1,22
18,2025-01-18,3,0,17:30-18:00,50,0,1,23
18,2025-01-18,3,0,17:30-18:00,50,0,1,24
18,2025-01-18,3,0,17:30-18:00,50,0,1,25
18,2025-01-18,3,0,17:30-18:00,50,0,1,26
18,2025-01-18,3,0,17:30-18:00,50,0,1,27
18,2025-01-18,3,0,17:30-18:00,50,0,1,28
18,2025-01-18,3,0,17:30-18:00,50,1,0,29
18,2025-01-18,3,0,17:30-18:00,50,1,0,30
18,2025-01-18,3,0,17:30-18:00,50,0,1,31
18,2025-01-18,3,0,17:30-18:00,50,0,1,32
18,2025-01-18,3,0,17:30-18:00,50,1,0,33
18,2025-01-18,3,0,17:30-18:00,50,1,0,34
18,2025-01-18,3,0,17:30-18:00,50,0,1,35
18,2025-01-18,3,0,17:30-18:00,50,0,1,36
18,2025-01-18,3,0,17:30-18:00,50,0,1,37
18,2025-01-18,3,0,17:30-18:00,50,0,1,38
18,2025-01-18,3,0,17:30-18:00,50,1,0,39
18,2025-01-18,3,0,17:30-18:00,50,0,1,40
18,2025-01-18,3,0,17:30-18:00,50,0,1,41
18,2025-01-18,3,0,17:30-18:00,50,0,1,42
18,2025-01-18,3,0,17:30-18:00,50,0,1,43
18,2025-01-18,3,0,17:30-18:00,50,0,1,44
18,2025-01-18,3,0,17:30-18:00,50,0,1,45
18,2025-01-18,3,0,17:30-18:00,50,0,1,46
18,2025-01-18,3,0,17:30-18:00,50,1,0,47
18,2025-01-18,3,0,17:30-18:00,50,1,0,48
18,2025-01-18,3,0,17:30-18:00,50,1,0,49
18,2025-01-18,3,0,17:30-18:00,50,1,0,50
18,2025-01-18,3,0,18:00-18:30,50,1,0,1
18,2025-01-18,3,0,18:00-18:30,50,1,0,2
18,2025-01-18,3,0,18:00-18:30,50,0,1,3
18,2025-01-18,3,0,18:00-18:30,50,1,0,4
18,2025-01-18,3,0,18:00-18:30,50,0,1,5
18,2025-01-18,3,0,18:00-18:30,50,0,1,6
18,2025-01-18,3,0,18:00-18:30,50,0,1,7
18,2025-01-18,3,0,18:00-18:30,50,0,1,8
18,2025-01-18,3,0,18:00-18:30,50,1,0,9
18,2025-01-18,3,0,18:00-18:30,50,0,1,10
18,2025-01-18,3,0,18:00-18:30,50,1,0,11
18,2025-01-18,3,0,18:00-18:30,50,0,1,12
18,2025-01-18,3,0,18:00-18:30,50,0,1,13
18,2025-01-18,3,0,18:00-18:30,50,1,0,14
18,2025-01-18,3,0,18:00-18:30,50,0,1,15
18,2025-01-18,3,0,18:00-18:30,50,0,1,16
18,2025-01-18,3,0,18:00-18:30,50,0,1,17
18,2025-01-18,3,0,18:00-18:30,50,0,1,18
18,2025-01-18,3,0,18:00-18:30,50,0,1,19
18,2025-01-18,3,0,18:00-18:30,50,1,0,20
18,2025-01-18,3,0,18:00-18:30,50,0,1,21
18,2025-01-18,3,0,18:00-18:30,50,0,1,22
18,2025-01-18,3,0,18:00-18:30,50,1,0,23
18,2025-01-18,3,0,18:00-18:30,50,1,0,24
18,2025-01-18,3,0,18:00-18:30,50,0,1,25
18,2025-01-18,3,0,18:00-18:30,50,1,0,26
18,2025-01-18,3,0,18:00-18:30,50,0,1,27
18,2025-01-18,3,0,18:00-18:30,50,0,1,28
18,2025-01-18,3,0,18:00-18:30,50,0,1,29
18,2025-01-18,3,0,18:00-18:30,50,1,0,30
18,2025-01-18,3,0,18:00-18:30,50,1,0,31
18,2025-01-18,3,0,18:00-18:30,50,0,1,32
18,2025-01-18,3,0,18:00-18:30,50,0,1,33
18,2025-01-18,3,0,18:00-18:30,50,0,1,34
18,2025-01-18,3,0,18:00-18:30,50,0,1,35
18,2025-01-18,3,0,18:00-18:30,50,1,0,36
18,2025-01-18,3,0,18:00-18:30,50,1,0,37
18,2025-01-18,3,0,18:00-18:30,50,0,1,38
18,2025-01-18,3,0,18:00-18:30,50,0,1,39
18,2025-01-18,3,0,18:00-18:30,50,1,0,40
18,2025-01-18,3,0,18:00-18:30,50,0,1,41
18,2025-01-18,3,0,18:00-18:30,50,0,1,42
18,2025-01-18,3,0,18:00-18:30,50,1,0,43
18,2025-01-18,3,0,18:00-18:30,50,0,1,44
18,2025-01-18,3,0,18:00-18:30,50,1,0,45
18,2025-01-18,3,0,18:00-18:30,50,1,0,46
18,2025-01-18,3,0,18:00-18:30,50,0,1,47
18,2025-01-18,3,0,18:00-18:30,50,1,0,48
18,2025-01-18,3,0,18:00-18:30,50,0,1,49
18,2025-01-18,3,0,18:00-18:30,50,1,0,50
18,2025-01-18,3,0,18:30-19:00,50,0,1,1
18,2025-01-18,3,0,18:30-19:00,50,0,1,2
18,2025-01-18,3,0,18:30-19:00,50,0,1,3
18,2025-01-18,3,0,18:30-19:00,50,0,1,4
18,2025-01-18,3,0,18:30-19:00,50,0,1,5
18,2025-01-18,3,0,18:30-19:00,50,1,0,6
18,2025-01-18,3,0,18:30-19:00,50,0,1,7
18,2025-01-18,3,0,18:30-19:00,50,1,0,8
18,2025-01-18,3,0,18:30-19:00,50,1,0,9
18,2025-01-18,3,0,18:30-19:00,50,1,0,10
18,2025-01-18,3,0,18:30-19:00,50,1,0,11
18,2025-01-18,3,0,18:30-19:00,50,0,1,12
18,2025-01-18,3,0,18:30-19:00,50,0,1,13
18,2025-01-18,3,0,18:30-19:00,50,0,1,14
18,2025-01-18,3,0,18:30-19:00,50,0,1,15
18,2025-01-18,3,0,18:30-19:00,50,1,0,16
18,2025-01-18,3,0,18:30-19:00,50,1,0,17
18,2025-01-18,3,0,18:30-19:00,50,0,1,18
18,2025-01-18,3,0,18:30-19:00,50,0,1,19
18,2025-01-18,3,0,18:30-19:00,50,0,1,20
18,2025-01-18,3,0,18:30-19:00,50,0,1,21
18,2025-01-18,3,0,18:30-19:00,50,1,0,22
18,2025-01-18,3,0,18:30-19:00,50,0,1,23
18,2025-01-18,3,0,18:30-19:00,50,0,1,24
18,2025-01-18,3,0,18:30-19:00,50,0,1,25
18,2025-01-18,3,0,18:30-19:00,50,0,1,26
18,2025-01-18,3,0,18:30-19:00,50,0,1,27
18,2025-01-18,3,0,18:30-19:00,50,1,0,28
18,2025-01-18,3,0,18:30-19:00,50,1,0,29
18,2025-01-18,3,0,18:30-19:00,50,0,1,30
18,2025-01-18,3,0,18:30-19:00,50,0,1,31
18,2025-01-18,3,0,18:30-19:00,50,0,1,32
18,2025-01-18,3,0,18:30-19:00,50,0,1,33
18,2025-01-18,3,0,18:30-19:00,50,0,1,34
18,2025-01-18,3,0,18:30-19:00,50,0,1,35
18,2025-01-18,3,0,18:30-19:00,50,1,0,36
18,2025-01-18,3,0,18:30-19:00,50,0,1,37
18,2025-01-18,3,0,18:30-19:00,50,1,0,38
18,2025-01-18,3,0,18:30-19:00,50,0,1,39
18,2025-01-18,3,0,18:30-19:00,50,1,0,40
18,2025-01-18,3,0,18:30-19:00,50,0,1,41
18,2025-01-18,3,0,18:30-19:00,50,1,0,42
18,2025-01-18,3,0,18:30-19:00,50,1,0,43
18,2025-01-18,3,0,18:30-19:00,50,1,0,44
18,2025-01-18,3,0,18:30-19:00,50,0,1,45
18,2025-01-18,3,0,18:30-19:00,50,0,1,46
18,2025-01-18,3,0,18:30-19:00,50,1,0,47
18,2025-01-18,3,0,18:30-19:00,50,1,0,48
18,2025-01-18,3,0,18:30-19:00,50,0,1,49
18,2025-01-18,3,0,18:30-19:00,50,1,0,50
19,2025-01-19,4,0,07:00-07:30,50,0,1,1
19,2025-01-19,4,0,07:00-07:30,50,1,0,2
19,2025-01-19,4,0,07:00-07:30,50,1,0,3
19,2025-01-19,4,0,07:00-07:30,50,1,0,4
19,2025-01-19,4,0,07:00-07:30,50,1,0,5
19,2025-01-19,4,0,07:00-07:30,50,1,0,6
19,2025-01-19,4,0,07:00-07:30,50,1,0,7
19,2025-01-19,4,0,07:00-07:30,50,1,0,8
19,2025-01-19,4,0,07:00-07:30,50,1,0,9
19,2025-01-19,4,0,07:00-07:30,50,1,0,10
19,2025-01-19,4,0,07:00-07:30,50,1,0,11
19,2025-01-19,4,0,07:00-07:30,50,0,1,12
19,2025-01-19,4,0,07:00-07:30,50,0,1,13
19,2025-01-19,4,0,07:00-07:30,50,1,0,14
19,2025-01-19,4,0,07:00-07:30,50,1,0,15
19,2025-01-19,4,0,07:00-07:30,50,1,0,16
19,2025-01-19,4,0,07:00-07:30,50,1,0,17
19,2025-01-19,4,0,07:00-07:30,50,1,0,18
19,2025-01-19,4,0,07:00-07:30,50,1,0,19
19,2025-01-19,4,0,07:00-07:30,50,0,1,20
19,2025-01-19,4,0,07:00-07:30,50,1,0,21
19,2025-01-19,4,0,07:00-07:30,50,0,1,22
19,2025-01-19,4,0,07:00-07:30,50,1,0,23
19,2025-01-19,4,0,07:00-07:30,50,0,1,24
19,2025-01-19,4,0,07:00-07:30,50,0,1,25
19,2025-01-19,4,0,07:00-07:30,50,1,0,26
19,2025-01-19,4,0,07:00-07:30,50,1,0,27
19,2025-01-19,4,0,07:00-07:30,50,1,0,28
19,2025-01-19,4,0,07:00-07:30,50,1,0,29
19,2025-01-19,4,0,07:00-07:30,50,1,0,30
19,2025-01-19,4,0,07:00-07:30,50,0,1,31
19,2025-01-19,4,0,07:00-07:30,50,0,1,32
19,2025-01-19,4,0,07:00-07:30,50,0,1,33
19,2025-01-19,4,0,07:00-07:30,50,0,1,34
19,2025-01-19,4,0,07:00-07:30,50,1,0,35
19,2025-01-19,4,0,07:00-07:30,50,1,0,36
19,2025-01-19,4,0,07:00-07:30,50,1,0,37
19,2025-01-19,4,0,07:00-07:30,50,1,0,38
19,2025-01-19,4,0,07:00-07:30,50,1,0,39
19,2025-01-19,4,0,07:00-07:30,50,0,1,40
19,2025-01-19,4,0,07:00-07:30,50,1,0,41
19,2025-01-19,4,0,07:00-07:30,50,0,1,42
19,2025-01-19,4,0,07:00-07:30,50,1,0,43
19,2025-01-19,4,0,07:00-07:30,50,0,1,44
19,2025-01-19,4,0,07:00-07:30,50,1,0,45
19,2025-01-19,4,0,07:00-07:30,50,1,0,46
19,2025-01-19,4,0,07:00-07:30,50,0,1,47
19,2025-01-19,4,0,07:00-07:30,50,1,0,48
19,2025-01-19,4,0,07:00-07:30,50,1,0,49
19,2025-01-19,4,0,07:00-07:30,50,1,0,50
19,2025-01-19,4,0,07:30-08:00,50,1,0,1
19,2025-01-19,4,0,07:30-08:00,50,0,1,2
19,2025-01-19,4,0,07:30-08:00,50,1,0,3
19,2025-01-19,4,0,07:30-08:00,50,1,0,4
19,2025-01-19,4,0,07:30-08:00,50,1,0,5
19,2025-01-19,4,0,07:30-08:00,50,0,1,6
19,2025-01-19,4,0,07:30-08:00,50,1,0,7
19,2025-01-19,4,0,07:30-08:00,50,0,1,8
19,2025-01-19,4,0,07:30-08:00,50,1,0,9
19,2025-01-19,4,0,07:30-08:00,50,1,0,10
19,2025-01-19,4,0,07:30-08:00,50,1,0,11
19,2025-01-19,4,0,07:30-08:00,50,1,0,12
19,2025-01-19,4,0,07:30-08:00,50,1,0,13
19,2025-01-19,4,0,07:30-08:00,50,0,1,14
19,2025-01-19,4,0,07:30-08:00,50,1,0,15
19,2025-01-19,4,0,07:30-08:00,50,1,0,16
19,2025-01-19,4,0,07:30-08:00,50,1,0,17
19,2025-01-19,4,0,07:30-08:00,50,1,0,18
19,2025-01-19,4,0,07:30-08:00,50,1,0,19
19,2025-01-19,4,0,07:30-08:00,50,1,0,20
19,2025-01-19,4,0,07:30-08:00,50,1,0,21
19,2025-01-19,4,0,07:30-08:00,50,1,0,22
19,2025-01-19,4,0,07:30-08:00,50,1,0,23
19,2025-01-19,4,0,07:30-08:00,50,1,0,24
19,2025-01-19,4,0,07:30-08:00,50,1,0,25
19,2025-01-19,4,0,07:30-08:00,50,0,1,26
19,2025-01-19,4,0,07:30-08:00,50,1,0,27
19,2025-01-19,4,0,07:30-08:00,50,1,0,28
19,2025-01-19,4,0,07:30-08:00,50,0,1,29
19,2025-01-19,4,0,07:30-08:00,50,1,0,30
19,2025-01-19,4,0,07:30-08:00,50,1,0,31
19,2025-01-19,4,0,07:30-08:00,50,1,0,32
19,2025-01-19,4,0,07:30-08:00,50,1,0,33
19,2025-01-19,4,0,07:30-08:00,50,0,1,34
19,2025-01-19,4,0,07:30-08:00,50,1,0,35
19,2025-01-19,4,0,07:30-08:00,50,0,1,36
19,2025-01-19,4,0,07:30-08:00,50,0,1,37
19,2025-01-19,4,0,07:30-08:00,50,1,0,38
19,2025-01-19,4,0,07:30-08:00,50,1,0,39
19,2025-01-19,4,0,07:30-08:00,50,0,1,40
19,2025-01-19,4,0,07:30-08:00,50,0,1,41
19,2025-01-19,4,0,07:30-08:00,50,1,0,42
19,2025-01-19,4,0,07:30-08:00,50,1,0,43
19,2025-01-19,4,0,07:30-08:00,50,0,1,44
19,2025-01-19,4,0,07:30-08:00,50,0,1,45
19,2025-01-19,4,0,07:30-08:00,50,0,1,46
19,2025-01-19,4,0,07:30-08:00,50,1,0,47
19,2025-01-19,4,0,07:30-08:00,50,1,0,48
19,2025-01-19,4,0,07:30-08:00,50,1,0,49
19,2025-01-19,4,0,07:30-08:00,50,1,0,50
19,2025-01-19,4,0,08:00-08:30,50,1,0,1
19,2025-01-19,4,0,08:00-08:30,50,0,1,2
19,2025-01-19,4,0,08:00-08:30,50,1,0,3
19,2025-01-19,4,0,08:00-08:30,50,1,0,4
19,2025-01-19,4,0,08:00-08:30,50,0,1,5
19,2025-01-19,4,0,08:00-08:30,50,0,1,6
19,2025-01-19,4,0,08:00-08:30,50,1,0,7
19,2025-01-19,4,0,08:00-08:30,50,1,0,8
19,2025-01-19,4,0,08:00-08:30,50,0,1,9
19,2025-01-19,4,0,08:00-08:30,50,0,1,10
19,2025-01-19,4,0,08:00-08:30,50,0,1,11
19,2025-01-19,4,0,08:00-08:30,50,0,1,12
19,2025-01-19,4,0,08:00-08:30,50,0,1,13
19,2025-01-19,4,0,08:00-08:30,50,1,0,14
19,2025-01-19,4,0,08:00-08:30,50,1,0,15
19,2025-01-19,4,0,08:00-08:30,50,0,1,16
19,2025-01-19,4,0,08:00-08:30,50,0,1,17
19,2025-01-19,4,0,08:00-08:30,50,1,0,18
19,2025-01-19,4,0,08:00-08:30,50,1,0,19
19,2025-01-19,4,0,08:00-08:30,50,0,1,20
19,2025-01-19,4,0,08:00-08:30,50,1,0,21
19,2025-01-19,4,0,08:00-08:30,50,1,0,22
19,2025-01-19,4,0,08:00-08:30,50,0,1,23
19,2025-01-19,4,0,08:00-08:30,50,1,0,24
19,2025-01-19,4,0,08:00-08:30,50,0,1,25
19,2025-01-19,4,0,08:00-08:30,50,1,0,26
19,2025-01-19,4,0,08:00-08:30,50,1,0,27
19,2025-01-19,4,0,08:00-08:30,50,1,0,28
19,2025-01-19,4,0,08:00-08:30,50,0,1,29
19,2025-01-19,4,0,08:00-08:30,50,1,0,30
19,2025-01-19,4,0,08:00-08:30,50,1,0,31
19,2025-01-19,4,0,08:00-08:30,50,0,1,32
19,2025-01-19,4,0,08:00-08:30,50,1,0,33
19,2025-01-19,4,0,08:00-08:30,50,0,1,34
19,2025-01-19,4,0,08:00-08:30,50,1,0,35
19,2025-01-19,4,0,08:00-08:30,50,1,0,36
19,2025-01-19,4,0,08:00-08:30,50,0,1,37
19,2025-01-19,4,0,08:00-08:30,50,0,1,38
19,2025-01-19,4,0,08:00-08:30,50,1,0,39
19,2025-01-19,4,0,08:00-08:30,50,0,1,40
19,2025-01-19,4,0,08:00-08:30,50,1,0,41
19,2025-01-19,4,0,08:00-08:30,50,1,0,42
19,2025-01-19,4,0,08:00-08:30,50,1,0,43
19,2025-01-19,4,0,08:00-08:30,50,0,1,44
19,2025-01-19,4,0,08:00-08:30,50,1,0,45
19,2025-01-19,4,0,08:00-08:30,50,0,1,46
19,2025-01-19,4,0,08:00-08:30,50,0,1,47
19,2025-01-19,4,0,08:00-08:30,50,1,0,48
19,2025-01-19,4,0,08:00-08:30,50,1,0,49
19,2025-01-19,4,0,08:00-08:30,50,1,0,50
19,2025-01-19,4,0,08:30-09:00,50,1,0,1
19,2025-01-19,4,0,08:30-09:00,50,0,1,2
19,2025-01-19,4,0,08:30-09:00,50,1,0,3
19,2025-01-19,4,0,08:30-09:00,50,1,0,4
19,2025-01-19,4,0,08:30-09:00,50,0,1,5
19,2025-01-19,4,0,08:30-09:00,50,1,0,6
19,2025-01-19,4,0,08:30-09:00,50,1,0,7
19,2025-01-19,4,0,08:30-09:00,50,0,1,8
19,2025-01-19,4,0,08:30-09:00,50,1,0,9
19,2025-01-19,4,0,08:30-09:00,50,1,0,10
19,2025-01-19,4,0,08:30-09:00,50,1,0,11
19,2025-01-19,4,0,08:30-09:00,50,0,1,12
19,2025-01-19,4,0,08:30-09:00,50,0,1,13
19,2025-01-19,4,0,08:30-09:00,50,0,1,14
19,2025-01-19,4,0,08:30-09:00,50,0,1,15
19,2025-01-19,4,0,08:30-09:00,50,1,0,16
19,2025-01-19,4,0,08:30-09:00,50,0,1,17
19,2025-01-19,4,0,08:30-09:00,50,1,0,18
19,2025-01-19,4,0,08:30-09:00,50,0,1,19
19,2025-01-19,4,0,08:30-09:00,50,1,0,20
19,2025-01-19,4,0,08:30-09:00,50,1,0,21
19,2025-01-19,4,0,08:30-09:00,50,1,0,22
19,2025-01-19,4,0,08:30-09:00,50,0,1,23
19,2025-01-19,4,0,08:30-09:00,50,1,0,24
19,2025-01-19,4,0,08:30-09:00,50,1,0,25
19,2025-01-19,4,0,08:30-09:00,50,0,1,26
19,2025-01-19,4,0,08:30-09:00,50,0,1,27
19,2025-01-19,4,0,08:30-09:00,50,0,1,28
19,2025-01-19,4,0,08:30-09:00,50,1,0,29
19,2025-01-19,4,0,08:30-09:00,50,1,0,30
19,2025-01-19,4,0,08:30-09:00,50,1,0,31
19,2025-01-19,4,0,08:30-09:00,50,1,0,32
19,2025-01-19,4,0,08:30-09:00,50,1,0,33
19,2025-01-19,4,0,08:30-09:00,50,1,0,34
19,2025-01-19,4,0,08:30-09:00,50,1,0,35
19,2025-01-19,4,0,08:30-09:00,50,0,1,36
19,2025-01-19,4,0,08:30-09:00,50,1,0,37
19,2025-01-19,4,0,08:30-09:00,50,1,0,38
19,2025-01-19,4,0,08:30-09:00,50,0,1,39
19,2025-01-19,4,0,08:30-09:00,50,1,0,40
19,2025-01-19,4,0,08:30-09:00,50,0,1,41
19,2025-01-19,4,0,08:30-09:00,50,1,0,42
19,2025-01-19,4,0,08:30-09:00,50,0,1,43
19,2025-01-19,4,0,08:30-09:00,50,1,0,44
19,2025-01-19,4,0,08:30-09:00,50,0,1,45
19,2025-01-19,4,0,08:30-09:00,50,0,1,46
19,2025-01-19,4,0,08:30-09:00,50,1,0,47
19,2025-01-19,4,0,08:30-09:00,50,1,0,48
19,2025-01-19,4,0,08:30-09:00,50,1,0,49
19,2025-01-19,4,0,08:30-09:00,50,1,0,50
19,2025-01-19,4,0,09:00-09:30,50,1,0,1
19,2025-01-19,4,0,09:00-09:30,50,1,0,2
19,2025-01-19,4,0,09:00-09:30,50,0,1,3
19,2025-01-19,4,0,09:00-09:30,50,1,0,4
19,2025-01-19,4,0,09:00-09:30,50,0,1,5
19,2025-01-19,4,0,09:00-09:30,50,1,0,6
19,2025-01-19,4,0,09:00-09:30,50,0,1,7
19,2025-01-19,4,0,09:00-09:30,50,0,1,8
19,2025-01-19,4,0,09:00-09:30,50,0,1,9
19,2025-01-19,4,0,09:00-09:30,50,1,0,10
19,2025-01-19,4,0,09:00-09:30,50,1,0,11
19,2025-01-19,4,0,09:00-09:30,50,0,1,12
19,2025-01-19,4,0,09:00-09:30,50,0,1,13
19,2025-01-19,4,0,09:00-09:30,50,0,1,14
19,2025-01-19,4,0,09:00-09:30,50,1,0,15
19,2025-01-19,4,0,09:00-09:30,50,0,1,16
19,2025-01-19,4,0,09:00-09:30,50,1,0,17
19,2025-01-19,4,0,09:00-09:30,50,1,0,18
19,2025-01-19,4,0,09:00-09:30,50,1,0,19
19,2025-01-19,4,0,09:00-09:30,50,0,1,20
19,2025-01-19,4,0,09:00-09:30,50,0,1,21
19,2025-01-19,4,0,09:00-09:30,50,1,0,22
19,2025-01-19,4,0,09:00-09:30,50,1,0,23
19,2025-01-19,4,0,09:00-09:30,50,0,1,24
19,2025-01-19,4,0,09:00-09:30,50,1,0,25
19,2025-01-19,4,0,09:00-09:30,50,0,1,26
19,2025-01-19,4,0,09:00-09:30,50,1,0,27
19,2025-01-19,4,0,09:00-09:30,50,1,0,28
19,2025-01-19,4,0,09:00-09:30,50,1,0,29
19,2025-01-19,4,0,09:00-09:30,50,0,1,30
19,2025-01-19,4,0,09:00-09:30,50,0,1,31
19,2025-01-19,4,0,09:00-09:30,50,1,0,32
19,2025-01-19,4,0,09:00-09:30,50,0,1,33
19,2025-01-19,4,0,09:00-09:30,50,1,0,34
19,2025-01-19,4,0,09:00-09:30,50,0,1,35
19,2025-01-19,4,0,09:00-09:30,50,1,0,36
19,2025-01-19,4,0,09:00-09:30,50,0,1,37
19,2025-01-19,4,0,09:00-09:30,50,0,1,38
19,2025-01-19,4,0,09:00-09:30,50,1,0,39
19,2025-01-19,4,0,09:00-09:30,50,1,0,40
19,2025-01-19,4,0,09:00-09:30,50,1,0,41
19,2025-01-19,4,0,09:00-09:30,50,1,0,42
19,2025-01-19,4,0,09:00-09:30,50,1,0,43
19,2025-01-19,4,0,09:00-09:30,50,1,0,44
19,2025-01-19,4,0,09:00-09:30,50,0,1,45
19,2025-01-19,4,0,09:00-09:30,50,1,0,46
19,2025-01-19,4,0,09:00-09:30,50,0,1,47
19,2025-01-19,4,0,09:00-09:30,50,0,1,48
19,2025-01-19,4,0,09:00-09:30,50,1,0,49
19,2025-01-19,4,0,09:00-09:30,50,1,0,50
19,2025-01-19,4,0,09:30-10:00,50,1,0,1
19,2025-01-19,4,0,09:30-10:00,50,1,0,2
19,2025-01-19,4,0,09:30-10:00,50,1,0,3
19,2025-01-19,4,0,09:30-10:00,50,1,0,4
19,2025-01-19,4,0,09:30-10:00,50,1,0,5
19,2025-01-19,4,0,09:30-10:00,50,0,1,6
19,2025-01-19,4,0,09:30-10:00,50,1,0,7
19,2025-01-19,4,0,09:30-10:00,50,1,0,8
19,2025-01-19,4,0,09:30-10:00,50,0,1,9
19,2025-01-19,4,0,09:30-10:00,50,0,1,10
19,2025-01-19,4,0,09:30-10:00,50,1,0,11
19,2025-01-19,4,0,09:30-10:00,50,1,0,12
19,2025-01-19,4,0,09:30-10:00,50,1,0,13
19,2025-01-19,4,0,09:30-10:00,50,0,1,14
19,2025-01-19,4,0,09:30-10:00,50,1,0,15
19,2025-01-19,4,0,09:30-10:00,50,1,0,16
19,2025-01-19,4,0,09:30-10:00,50,0,1,17
19,2025-01-19,4,0,09:30-10:00,50,1,0,18
19,2025-01-19,4,0,09:30-10:00,50,0,1,19
19,2025-01-19,4,0,09:30-10:00,50,1,0,20
19,2025-01-19,4,0,09:30-10:00,50,0,1,21
19,2025-01-19,4,0,09:30-10:00,50,0,1,22
19,2025-01-19,4,0,09:30-10:00,50,1,0,23
19,2025-01-19,4,0,09:30-10:00,50,1,0,24
19,2025-01-19,4,0,09:30-10:00,50,0,1,25
19,2025-01-19,4,0,09:30-10:00,50,1,0,26
19,2025-01-19,4,0,09:30-10:00,50,0,1,27
19,2025-01-19,4,0,09:30-10:00,50,0,1,28
19,2025-01-19,4,0,09:30-10:00,50,0,1,29
19,2025-01-19,4,0,09:30-10:00,50,0,1,30
19,2025-01-19,4,0,09:30-10:00,50,0,1,31
19,2025-01-19,4,0,09:30-10:00,50,1,0,32
19,2025-01-19,4,0,09:30-10:00,50,1,0,33
19,2025-01-19,4,0,09:30-10:00,50,1,0,34
19,2025-01-19,4,0,09:30-10:00,50,0,1,35
19,2025-01-19,4,0,09:30-10:00,50,0,1,36
19,2025-01-19,4,0,09:30-10:00,50,1,0,37
19,2025-01-19,4,0,09:30-10:00,50,0,1,38
19,2025-01-19,4,0,09:30-10:00,50,0,1,39
19,2025-01-19,4,0,09:30-10:00,50,0,1,40
19,2025-01-19,4,0,09:30-10:00,50,0,1,41
19,2025-01-19,4,0,09:30-10:00,50,1,0,42
19,2025-01-19,4,0,09:30-10:00,50,1,0,43
19,2025-01-19,4,0,09:30-10:00,50,1,0,44
19,2025-01-19,4,0,09:30-10:00,50,0,1,45
19,2025-01-19,4,0,09:30-10:00,50,0,1,46
19,2025-01-19,4,0,09:30-10:00,50,0,1,47
19,2025-01-19,4,0,09:30-10:00,50,1,0,48
19,2025-01-19,4,0,09:30-10:00,50,0,1,49
19,2025-01-19,4,0,09:30-10:00,50,0,1,50
19,2025-01-19,4,0,16:00-16:30,50,1,0,1
19,2025-01-19,4,0,16:00-16:30,50,1,0,2
19,2025-01-19,4,0,16:00-16:30,50,1,0,3
19,2025-01-19,4,0,16:00-16:30,50,0,1,4
19,2025-01-19,4,0,16:00-16:30,50,1,0,5
19,2025-01-19,4,0,16:00-16:30,50,0,1,6
19,2025-01-19,4,0,16:00-16:30,50,0,1,7
19,2025-01-19,4,0,16:00-16:30,50,0,1,8
19,2025-01-19,4,0,16:00-16:30,50,0,1,9
19,2025-01-19,4,0,16:00-16:30,50,1,0,10
19,2025-01-19,4,0,16:00-16:30,50,1,0,11
19,2025-01-19,4,0,16:00-16:30,50,0,1,12
19,2025-01-19,4,0,16:00-16:30,50,0,1,13
19,2025-01-19,4,0,16:00-16:30,50,0,1,14
19,2025-01-19,4,0,16:00-16:30,50,0,1,15
19,2025-01-19,4,0,16:00-16:30,50,1,0,16
19,2025-01-19,4,0,16:00-16:30,50,1,0,17
19,2025-01-19,4,0,16:00-16:30,50,1,0,18
19,2025-01-19,4,0,16:00-16:30,50,0,1,19
19,2025-01-19,4,0,16:00-16:30,50,0,1,20
19,2025-01-19,4,0,16:00-16:30,50,0,1,21
19,2025-01-19,4,0,16:00-16:30,50,1,0,22
19,2025-01-19,4,0,16:00-16:30,50,1,0,23
19,2025-01-19,4,0,16:00-16:30,50,1,0,24
19,2025-01-19,4,0,16:00-16:30,50,1,0,25
19,2025-01-19,4,0,16:00-16:30,50,1,0,26
19,2025-01-19,4,0,16:00-16:30,50,0,1,27
19,2025-01-19,4,0,16:00-16:30,50,1,0,28
19,2025-01-19,4,0,16:00-16:30,50,0,1,29
19,2025-01-19,4,0,16:00-16:30,50,0,1,30
19,2025-01-19,4,0,16:00-16:30,50,0,1,31
19,2025-01-19,4,0,16:00-16:30,50,1,0,32
19,2025-01-19,4,0,16:00-16:30,50,1,0,33
19,2025-01-19,4,0,16:00-16:30,50,1,0,34
19,2025-01-19,4,0,16:00-16:30,50,1,0,35
19,2025-01-19,4,0,16:00-16:30,50,1,0,36
19,2025-01-19,4,0,16:00-16:30,50,1,0,37
19,2025-01-19,4,0,16:00-16:30,50,1,0,38
19,2025-01-19,4,0,16:00-16:30,50,1,0,39
19,2025-01-19,4,0,16:00-16:30,50,1,0,40
19,2025-01-19,4,0,16:00-16:30,50,1,0,41
19,2025-01-19,4,0,16:00-16:30,50,0,1,42
19,2025-01-19,4,0,16:00-16:30,50,0,1,43
19,2025-01-19,4,0,16:00-16:30,50,1,0,44
19,2025-01-19,4,0,16:00-16:30,50,1,0,45
19,2025-01-19,4,0,16:00-16:30,50,1,0,46
19,2025-01-19,4,0,16:00-16:30,50,0,1,47
19,2025-01-19,4,0,16:00-16:30,50,1,0,48
19,2025-01-19,4,0,16:00-16:30,50,0,1,49
19,2025-01-19,4,0,16:00-16:30,50,0,1,50
19,2025-01-19,4,0,16:30-17:00,50,1,0,1
19,2025-01-19,4,0,16:30-17:00,50,1,0,2
19,2025-01-19,4,0,16:30-17:00,50,1,0,3
19,2025-01-19,4,0,16:30-17:00,50,1,0,4
19,2025-01-19,4,0,16:30-17:00,50,1,0,5
19,2025-01-19,4,0,16:30-17:00,50,0,1,6
19,2025-01-19,4,0,16:30-17:00,50,1,0,7
19,2025-01-19,4,0,16:30-17:00,50,1,0,8
19,2025-01-19,4,0,16:30-17:00,50,1,0,9
19,2025-01-19,4,0,16:30-17:00,50,0,1,10
19,2025-01-19,4,0,16:30-17:00,50,1,0,11
19,2025-01-19,4,0,16:30-17:00,50,0,1,12
19,2025-01-19,4,0,16:30-17:00,50,1,0,13
19,2025-01-19,4,0,16:30-17:00,50,0,1,14
19,2025-01-19,4,0,16:30-17:00,50,1,0,15
19,2025-01-19,4,0,16:30-17:00,50,0,1,16
19,2025-01-19,4,0,16:30-17:00,50,1,0,17
19,2025-01-19,4,0,16:30-17:00,50,1,0,18
19,2025-01-19,4,0,16:30-17:00,50,1,0,19
19,2025-01-19,4,0,16:30-17:00,50,1,0,20
19,2025-01-19,4,0,16:30-17:00,50,1,0,21
19,2025-01-19,4,0,16:30-17:00,50,1,0,22
19,2025-01-19,4,0,16:30-17:00,50,1,0,23
19,2025-01-19,4,0,16:30-17:00,50,1,0,24
19,2025-01-19,4,0,16:30-17:00,50,1,0,25
19,2025-01-19,4,0,16:30-17:00,50,0,1,26
19,2025-01-19,4,0,16:30-17:00,50,0,1,27
19,2025-01-19,4,0,16:30-17:00,50,1,0,28
19,2025-01-19,4,0,16:30-17:00,50,0,1,29
19,2025-01-19,4,0,16:30-17:00,50,0,1,30
19,2025-01-19,4,0,16:30-17:00,50,0,1,31
19,2025-01-19,4,0,16:30-17:00,50,1,0,32
19,2025-01-19,4,0,16:30-17:00,50,1,0,33
19,2025-01-19,4,0,16:30-17:00,50,1,0,34
19,2025-01-19,4,0,16:30-17:00,50,1,0,35
19,2025-01-19,4,0,16:30-17:00,50,0,1,36
19,2025-01-19,4,0,16:30-17:00,50,0,1,37
19,2025-01-19,4,0,16:30-17:00,50,0,1,38
19,2025-01-19,4,0,16:30-17:00,50,1,0,39
19,2025-01-19,4,0,16:30-17:00,50,0,1,40
19,2025-01-19,4,0,16:30-17:00,50,0,1,41
19,2025-01-19,4,0,16:30-17:00,50,0,1,42
19,2025-01-19,4,0,16:30-17:00,50,1,0,43
19,2025-01-19,4,0,16:30-17:00,50,0,1,44
19,2025-01-19,4,0,16:30-17:00,50,1,0,45
19,2025-01-19,4,0,16:30-17:00,50,1,0,46
19,2025-01-19,4,0,16:30-17:00,50,1,0,47
19,2025-01-19,4,0,16:30-17:00,50,1,0,48
19,2025-01-19,4,0,16:30-17:00,50,0,1,49
19,2025-01-19,4,0,16:30-17:00,50,0,1,50
19,2025-01-19,4,0,17:00-17:30,50,1,0,1
19,2025-01-19,4,0,17:00-17:30,50,0,1,2
19,2025-01-19,4,0,17:00-17:30,50,0,1,3
19,2025-01-19,4,0,17:00-17:30,50,0,1,4
19,2025-01-19,4,0,17:00-17:30,50,0,1,5
19,2025-01-19,4,0,17:00-17:30,50,0,1,6
19,2025-01-19,4,0,17:00-17:30,50,1,0,7
19,2025-01-19,4,0,17:00-17:30,50,0,1,8
19,2025-01-19,4,0,17:00-17:30,50,1,0,9
19,2025-01-19,4,0,17:00-17:30,50,0,1,10
19,2025-01-19,4,0,17:00-17:30,50,0,1,11
19,2025-01-19,4,0,17:00-17:30,50,1,0,12
19,2025-01-19,4,0,17:00-17:30,50,0,1,13
19,2025-01-19,4,0,17:00-17:30,50,1,0,14
19,2025-01-19,4,0,17:00-17:30,50,0,1,15
19,2025-01-19,4,0,17:00-17:30,50,0,1,16
19,2025-01-19,4,0,17:00-17:30,50,1,0,17
19,2025-01-19,4,0,17:00-17:30,50,0,1,18
19,2025-01-19,4,0,17:00-17:30,50,0,1,19
19,2025-01-19,4,0,17:00-17:30,50,0,1,20
19,2025-01-19,4,0,17:00-17:30,50,1,0,21
19,2025-01-19,4,0,17:00-17:30,50,0,1,22
19,2025-01-19,4,0,17:00-17:30,50,1,0,23
19,2025-01-19,4,0,17:00-17:30,50,0,1,24
19,2025-01-19,4,0,17:00-17:30,50,1,0,25
19,2025-01-19,4,0,17:00-17:30,50,0,1,26
19,2025-01-19,4,0,17:00-17:30,50,0,1,27
19,2025-01-19,4,0,17:00-17:30,50,1,0,28
19,2025-01-19,4,0,17:00-17:30,50,1,0,29
19,2025-01-19,4,0,17:00-17:30,50,0,1,30
19,2025-01-19,4,0,17:00-17:30,50,1,0,31
19,2025-01-19,4,0,17:00-17:30,50,1,0,32
19,2025-01-19,4,0,17:00-17:30,50,0,1,33
19,2025-01-19,4,0,17:00-17:30,50,1,0,34
19,2025-01-19,4,0,17:00-17:30,50,1,0,35
19,2025-01-19,4,0,17:00-17:30,50,0,1,36
19,2025-01-19,4,0,17:00-17:30,50,0,1,37
19,2025-01-19,4,0,17:00-17:30,50,1,0,38
19,2025-01-19,4,0,17:00-17:30,50,1,0,39
19,2025-01-19,4,0,17:00-17:30,50,0,1,40
19,2025-01-19,4,0,17:00-17:30,50,1,0,41
19,2025-01-19,4,0,17:00-17:30,50,1,0,42
19,2025-01-19,4,0,17:00-17:30,50,0,1,43
19,2025-01-19,4,0,17:00-17:30,50,1,0,44
19,2025-01-19,4,0,17:00-17:30,50,0,1,45
19,2025-01-19,4,0,17:00-17:30,50,0,1,46
19,2025-01-19,4,0,17:00-17:30,50,0,1,47
19,2025-01-19,4,0,17:00-17:30,50,0,1,48
19,2025-01-19,4,0,17:00-17:30,50,0,1,49
19,2025-01-19,4,0,17:00-17:30,50,1,0,50
19,2025-01-19,4,0,17:30-18:00,50,1,0,1
19,2025-01-19,4,0,17:30-18:00,50,0,1,2
19,2025-01-19,4,0,17:30-18:00,50,1,0,3
19,2025-01-19,4,0,17:30-18:00,50,0,1,4
19,2025-01-19,4,0,17:30-18:00,50,0,1,5
19,2025-01-19,4,0,17:30-18:00,50,0,1,6
19,2025-01-19,4,0,17:30-18:00,50,0,1,7
19,2025-01-19,4,0,17:30-18:00,50,1,0,8
19,2025-01-19,4,0,17:30-18:00,50,0,1,9
19,2025-01-19,4,0,17:30-18:00,50,1,0,10
19,2025-01-19,4,0,17:30-18:00,50,0,1,11
19,2025-01-19,4,0,17:30-18:00,50,1,0,12
19,2025-01-19,4,0,17:30-18:00,50,0,1,13
19,2025-01-19,4,0,17:30-18:00,50,1,0,14
19,2025-01-19,4,0,17:30-18:00,50,0,1,15
19,2025-01-19,4,0,17:30-18:00,50,0,1,16
19,2025-01-19,4,0,17:30-18:00,50,0,1,17
19,2025-01-19,4,0,17:30-18:00,50,0,1,18
19,2025-01-19,4,0,17:30-18:00,50,1,0,19
19,2025-01-19,4,0,17:30-18:00,50,1,0,20
19,2025-01-19,4,0,17:30-18:00,50,0,1,21
19,2025-01-19,4,0,17:30-18:00,50,1,0,22
19,2025-01-19,4,0,17:30-18:00,50,1,0,23
19,2025-01-19,4,0,17:30-18:00,50,0,1,24
19,2025-01-19,4,0,17:30-18:00,50,1,0,25
19,2025-01-19,4,0,17:30-18:00,50,1,0,26
19,2025-01-19,4,0,17:30-18:00,50,0,1,27
19,2025-01-19,4,0,17:30-18:00,50,0,1,28
19,2025-01-19,4,0,17:30-18:00,50,1,0,29
19,2025-01-19,4,0,17:30-18:00,50,0,1,30
19,2025-01-19,4,0,17:30-18:00,50,1,0,31
19,2025-01-19,4,0,17:30-18:00,50,1,0,32
19,2025-01-19,4,0,17:30-18:00,50,0,1,33
19,2025-01-19,4,0,17:30-18:00,50,0,1,34
19,2025-01-19,4,0,17:30-18:00,50,0,1,35
19,2025-01-19,4,0,17:30-18:00,50,0,1,36
19,2025-01-19,4,0,17:30-18:00,50,1,0,37
19,2025-01-19,4,0,17:30-18:00,50,1,0,38
19,2025-01-19,4,0,17:30-18:00,50,0,1,39
19,2025-01-19,4,0,17:30-18:00,50,1,0,40
19,2025-01-19,4,0,17:30-18:00,50,1,0,41
19,2025-01-19,4,0,17:30-18:00,50,0,1,42
19,2025-01-19,4,0,17:30-18:00,50,1,0,43
19,2025-01-19,4,0,17:30-18:00,50,0,1,44
19,2025-01-19,4,0,17:30-18:00,50,1,0,45
19,2025-01-19,4,0,17:30-18:00,50,1,0,46
19,2025-01-19,4,0,17:30-18:00,50,0,1,47
19,2025-01-19,4,0,17:30-18:00,50,0,1,48
19,2025-01-19,4,0,17:30-18:00,50,0,1,49
19,2025-01-19,4,0,17:30-18:00,50,0,1,50
19,2025-01-19,4,0,18:00-18:30,50,1,0,1
19,2025-01-19,4,0,18:00-18:30,50,0,1,2
19,2025-01-19,4,0,18:00-18:30,50,0,1,3
19,2025-01-19,4,0,18:00-18:30,50,0,1,4
19,2025-01-19,4,0,18:00-18:30,50,1,0,5
19,2025-01-19,4,0,18:00-18:30,50,0,1,6
19,2025-01-19,4,0,18:00-18:30,50,1,0,7
19,2025-01-19,4,0,18:00-18:30,50,0,1,8
19,2025-01-19,4,0,18:00-18:30,50,0,1,9
19,2025-01-19,4,0,18:00-18:30,50,0,1,10
19,2025-01-19,4,0,18:00-18:30,50,0,1,11
19,2025-01-19,4,0,18:00-18:30,50,0,1,12
19,2025-01-19,4,0,18:00-18:30,50,0,1,13
19,2025-01-19,4,0,18:00-18:30,50,1,0,14
19,2025-01-19,4,0,18:00-18:30,50,1,0,15
19,2025-01-19,4,0,18:00-18:30,50,1,0,16
19,2025-01-19,4,0,18:00-18:30,50,0,1,17
19,2025-01-19,4,0,18:00-18:30,50,0,1,18
19,2025-01-19,4,0,18:00-18:30,50,0,1,19
19,2025-01-19,4,0,18:00-18:30,50,1,0,20
19,2025-01-19,4,0,18:00-18:30,50,0,1,21
19,2025-01-19,4,0,18:00-18:30,50,0,1,22
19,2025-01-19,4,0,18:00-18:30,50,0,1,23
19,2025-01-19,4,0,18:00-18:30,50,0,1,24
19,2025-01-19,4,0,18:00-18:30,50,0,1,25
19,2025-01-19,4,0,18:00-18:30,50,0,1,26
19,2025-01-19,4,0,18:00-18:30,50,0,1,27
19,2025-01-19,4,0,18:00-18:30,50,0,1,28
19,2025-01-19,4,0,18:00-18:30,50,0,1,29
19,2025-01-19,4,0,18:00-18:30,50,1,0,30
19,2025-01-19,4,0,18:00-18:30,50,0,1,31
19,2025-01-19,4,0,18:00-18:30,50,0,1,32
19,2025-01-19,4,0,18:00-18:30,50,0,1,33
19,2025-01-19,4,0,18:00-18:30,50,0,1,34
19,2025-01-19,4,0,18:00-18:30,50,0,1,35
19,2025-01-19,4,0,18:00-18:30,50,1,0,36
19,2025-01-19,4,0,18:00-18:30,50,0,1,37
19,2025-01-19,4,0,18:00-18:30,50,0,1,38
19,2025-01-19,4,0,18:00-18:30,50,0,1,39
19,2025-01-19,4,0,18:00-18:30,50,0,1,40
19,2025-01-19,4,0,18:00-18:30,50,1,0,41
19,2025-01-19,4,0,18:00-18:30,50,1,0,42
19,2025-01-19,4,0,18:00-18:30,50,1,0,43
19,2025-01-19,4,0,18:00-18:30,50,1,0,44
19,2025-01-19,4,0,18:00-18:30,50,0,1,45
19,2025-01-19,4,0,18:00-18:30,50,0,1,46
19,2025-01-19,4,0,18:00-18:30,50,0,1,47
19,2025-01-19,4,0,18:00-18:30,50,0,1,48
19,2025-01-19,4,0,18:00-18:30,50,1,0,49
19,2025-01-19,4,0,18:00-18:30,50,1,0,50
19,2025-01-19,4,0,18:30-19:00,50,0,1,1
19,2025-01-19,4,0,18:30-19:00,50,0,1,2
19,2025-01-19,4,0,18:30-19:00,50,0,1,3
19,2025-01-19,4,0,18:30-19:00,50,0,1,4
19,2025-01-19,4,0,18:30-19:00,50,0,1,5
19,2025-01-19,4,0,18:30-19:00,50,1,0,6
19,2025-01-19,4,0,18:30-19:00,50,1,0,7
19,2025-01-19,4,0,18:30-19:00,50,1,0,8
19,2025-01-19,4,0,18:30-19:00,50,1,0,9
19,2025-01-19,4,0,18:30-19:00,50,0,1,10
19,2025-01-19,4,0,18:30-19:00,50,1,0,11
19,2025-01-19,4,0,18:30-19:00,50,1,0,12
19,2025-01-19,4,0,18:30-19:00,50,0,1,13
19,2025-01-19,4,0,18:30-19:00,50,1,0,14
19,2025-01-19,4,0,18:30-19:00,50,0,1,15
19,2025-01-19,4,0,18:30-19:00,50,0,1,16
19,2025-01-19,4,0,18:30-19:00,50,1,0,17
19,2025-01-19,4,0,18:30-19:00,50,0,1,18
19,2025-01-19,4,0,18:30-19:00,50,0,1,19
19,2025-01-19,4,0,18:30-19:00,50,0,1,20
19,2025-01-19,4,0,18:30-19:00,50,0,1,21
19,2025-01-19,4,0,18:30-19:00,50,0,1,22
19,2025-01-19,4,0,18:30-19:00,50,0,1,23
19,2025-01-19,4,0,18:30-19:00,50,1,0,24
19,2025-01-19,4,0,18:30-19:00,50,1,0,25
19,2025-01-19,4,0,18:30-19:00,50,1,0,26
19,2025-01-19,4,0,18:30-19:00,50,1,0,27
19,2025-01-19,4,0,18:30-19:00,50,1,0,28
19,2025-01-19,4,0,18:30-19:00,50,1,0,29
19,2025-01-19,4,0,18:30-19:00,50,0,1,30
19,2025-01-19,4,0,18:30-19:00,50,0,1,31
19,2025-01-19,4,0,18:30-19:00,50,0,1,32
19,2025-01-19,4,0,18:30-19:00,50,0,1,33
19,2025-01-19,4,0,18:30-19:00,50,1,0,34
19,2025-01-19,4,0,18:30-19:00,50,0,1,35
19,2025-01-19,4,0,18:30-19:00,50,1,0,36
19,2025-01-19,4,0,18:30-19:00,50,1,0,37
19,2025-01-19,4,0,18:30-19:00,50,0,1,38
19,2025-01-19,4,0,18:30-19:00,50,0,1,39
19,2025-01-19,4,0,18:30-19:00,50,1,0,40
19,2025-01-19,4,0,18:30-19:00,50,0,1,41
19,2025-01-19,4,0,18:30-19:00,50,0,1,42
19,2025-01-19,4,0,18:30-19:00,50,0,1,43
19,2025-01-19,4,0,18:30-19:00,50,0,1,44
19,2025-01-19,4,0,18:30-19:00,50,0,1,45
19,2025-01-19,4,0,18:30-19:00,50,0,1,46
19,2025-01-19,4,0,18:30-19:00,50,1,0,47
19,2025-01-19,4,0,18:30-19:00,50,0,1,48
19,2025-01-19,4,0,18:30-19:00,50,0,1,49
19,2025-01-19,4,0,18:30-19:00,50,0,1,50
20,2025-01-20,5,1,07:00-07:30,50,0,1,1
20,2025-01-20,5,1,07:00-07:30,50,0,1,2
20,2025-01-20,5,1,07:00-07:30,50,0,1,3
20,2025-01-20,5,1,07:00-07:30,50,0,1,4
20,2025-01-20,5,1,07:00-07:30,50,0,1,5
20,2025-01-20,5,1,07:00-07:30,50,1,0,6
20,2025-01-20,5,1,07:00-07:30,50,1,0,7
20,2025-01-20,5,1,07:00-07:30,50,0,1,8
20,2025-01-20,5,1,07:00-07:30,50,0,1,9
20,2025-01-20,5,1,07:00-07:30,50,0,1,10
20,2025-01-20,5,1,07:00-07:30,50,0,1,11
20,2025-01-20,5,1,07:00-07:30,50,0,1,12
20,2025-01-20,5,1,07:00-07:30,50,0,1,13
20,2025-01-20,5,1,07:00-07:30,50,0,1,14
20,2025-01-20,5,1,07:00-07:30,50,0,1,15
20,2025-01-20,5,1,07:00-07:30,50,1,0,16
20,2025-01-20,5,1,07:00-07:30,50,0,1,17
20,2025-01-20,5,1,07:00-07:30,50,0,1,18
20,2025-01-20,5,1,07:00-07:30,50,0,1,19
20,2025-01-20,5,1,07:00-07:30,50,0,1,20
20,2025-01-20,5,1,07:00-07:30,50,1,0,21
20,2025-01-20,5,1,07:00-07:30,50,0,1,22
20,2025-01-20,5,1,07:00-07:30,50,1,0,23
20,2025-01-20,5,1,07:00-07:30,50,0,1,24
20,2025-01-20,5,1,07:00-07:30,50,0,1,25
20,2025-01-20,5,1,07:00-07:30,50,1,0,26
20,2025-01-20,5,1,07:00-07:30,50,0,1,27
20,2025-01-20,5,1,07:00-07:30,50,0,1,28
20,2025-01-20,5,1,07:00-07:30,50,0,1,29
20,2025-01-20,5,1,07:00-07:30,50,0,1,30
20,2025-01-20,5,1,07:00-07:30,50,1,0,31
20,2025-01-20,5,1,07:00-07:30,50,0,1,32
20,2025-01-20,5,1,07:00-07:30,50,1,0,33
20,2025-01-20,5,1,07:00-07:30,50,0,1,34
20,2025-01-20,5,1,07:00-07:30,50,1,0,35
20,2025-01-20,5,1,07:00-07:30,50,1,0,36
20,2025-01-20,5,1,07:00-07:30,50,0,1,37
20,2025-01-20,5,1,07:00-07:30,50,1,0,38
20,2025-01-20,5,1,07:00-07:30,50,0,1,39
20,2025-01-20,5,1,07:00-07:30,50,0,1,40
20,2025-01-20,5,1,07:00-07:30,50,0,1,41
20,2025-01-20,5,1,07:00-07:30,50,1,0,42
20,2025-01-20,5,1,07:00-07:30,50,0,1,43
20,2025-01-20,5,1,07:00-07:30,50,0,1,44
20,2025-01-20,5,1,07:00-07:30,50,0,1,45
20,2025-01-20,5,1,07:00-07:30,50,1,0,46
20,2025-01-20,5,1,07:00-07:30,50,1,0,47
20,2025-01-20,5,1,07:00-07:30,50,1,0,48
20,2025-01-20,5,1,07:00-07:30,50,0,1,49
20,2025-01-20,5,1,07:00-07:30,50,1,0,50
20,2025-01-20,5,1,07:30-08:00,50,1,0,1
20,2025-01-20,5,1,07:30-08:00,50,0,1,2
20,2025-01-20,5,1,07:30-08:00,50,0,1,3
20,2025-01-20,5,1,07:30-08:00,50,0,1,4
20,2025-01-20,5,1,07:30-08:00,50,0,1,5
20,2025-01-20,5,1,07:30-08:00,50,1,0,6
20,2025-01-20,5,1,07:30-08:00,50,0,1,7
20,2025-01-20,5,1,07:30-08:00,50,0,1,8
20,2025-01-20,5,1,07:30-08:00,50,0,1,9
20,2025-01-20,5,1,07:30-08:00,50,0,1,10
20,2025-01-20,5,1,07:30-08:00,50,0,1,11
20,2025-01-20,5,1,07:30-08:00,50,0,1,12
20,2025-01-20,5,1,07:30-08:00,50,0,1,13
20,2025-01-20,5,1,07:30-08:00,50,0,1,14
20,2025-01-20,5,1,07:30-08:00,50,0,1,15
20,2025-01-20,5,1,07:30-08:00,50,0,1,16
20,2025-01-20,5,1,07:30-08:00,50,1,0,17
20,2025-01-20,5,1,07:30-08:00,50,0,1,18
20,2025-01-20,5,1,07:30-08:00,50,0,1,19
20,2025-01-20,5,1,07:30-08:00,50,0,1,20
20,2025-01-20,5,1,07:30-08:00,50,1,0,21
20,2025-01-20,5,1,07:30-08:00,50,1,0,22
20,2025-01-20,5,1,07:30-08:00,50,0,1,23
20,2025-01-20,5,1,07:30-08:00,50,0,1,24
20,2025-01-20,5,1,07:30-08:00,50,0,1,25
20,2025-01-20,5,1,07:30-08:00,50,0,1,26
20,2025-01-20,5,1,07:30-08:00,50,0,1,27
20,2025-01-20,5,1,07:30-08:00,50,1,0,28
20,2025-01-20,5,1,07:30-08:00,50,0,1,29
20,2025-01-20,5,1,07:30-08:00,50,0,1,30
20,2025-01-20,5,1,07:30-08:00,50,0,1,31
20,2025-01-20,5,1,07:30-08:00,50,0,1,32
20,2025-01-20,5,1,07:30-08:00,50,1,0,33
20,2025-01-20,5,1,07:30-08:00,50,1,0,34
20,2025-01-20,5,1,07:30-08:00,50,0,1,35
20,2025-01-20,5,1,07:30-08:00,50,0,1,36
20,2025-01-20,5,1,07:30-08:00,50,1,0,37
20,2025-01-20,5,1,07:30-08:00,50,0,1,38
20,2025-01-20,5,1,07:30-08:00,50,0,1,39
20,2025-01-20,5,1,07:30-08:00,50,0,1,40
20,2025-01-20,5,1,07:30-08:00,50,0,1,41
20,2025-01-20,5,1,07:30-08:00,50,0,1,42
20,2025-01-20,5,1,07:30-08:00,50,0,1,43
20,2025-01-20,5,1,07:30-08:00,50,0,1,44
20,2025-01-20,5,1,07:30-08:00,50,0,1,45
20,2025-01-20,5,1,07:30-08:00,50,1,0,46
20,2025-01-20,5,1,07:30-08:00,50,1,0,47
20,2025-01-20,5,1,07:30-08:00,50,1,0,48
20,2025-01-20,5,1,07:30-08:00,50,0,1,49
20,2025-01-20,5,1,07:30-08:00,50,1,0,50
20,2025-01-20,5,1,08:00-08:30,50,0,1,1
20,2025-01-20,5,1,08:00-08:30,50,0,1,2
20,2025-01-20,5,1,08:00-08:30,50,1,0,3
20,2025-01-20,5,1,08:00-08:30,50,0,1,4
20,2025-01-20,5,1,08:00-08:30,50,0,1,5
20,2025-01-20,5,1,08:00-08:30,50,1,0,6
20,2025-01-20,5,1,08:00-08:30,50,1,0,7
20,2025-01-20,5,1,08:00-08:30,50,0,1,8
20,2025-01-20,5,1,08:00-08:30,50,0,1,9
20,2025-01-20,5,1,08:00-08:30,50,0,1,10
20,2025-01-20,5,1,08:00-08:30,50,0,1,11
20,2025-01-20,5,1,08:00-08:30,50,1,0,12
20,2025-01-20,5,1,08:00-08:30,50,0,1,13
20,2025-01-20,5,1,08:00-08:30,50,0,1,14
20,2025-01-20,5,1,08:00-08:30,50,0,1,15
20,2025-01-20,5,1,08:00-08:30,50,0,1,16
20,2025-01-20,5,1,08:00-08:30,50,0,1,17
20,2025-01-20,5,1,08:00-08:30,50,1,0,18
20,2025-01-20,5,1,08:00-08:30,50,1,0,19
20,2025-01-20,5,1,08:00-08:30,50,0,1,20
20,2025-01-20,5,1,08:00-08:30,50,0,1,21
20,2025-01-20,5,1,08:00-08:30,50,0,1,22
20,2025-01-20,5,1,08:00-08:30,50,0,1,23
20,2025-01-20,5,1,08:00-08:30,50,0,1,24
20,2025-01-20,5,1,08:00-08:30,50,0,1,25
20,2025-01-20,5,1,08:00-08:30,50,1,0,26
20,2025-01-20,5,1,08:00-08:30,50,0,1,27
20,2025-01-20,5,1,08:00-08:30,50,0,1,28
20,2025-01-20,5,1,08:00-08:30,50,1,0,29
20,2025-01-20,5,1,08:00-08:30,50,1,0,30
20,2025-01-20,5,1,08:00-08:30,50,0,1,31
20,2025-01-20,5,1,08:00-08:30,50,0,1,32
20,2025-01-20,5,1,08:00-08:30,50,1,0,33
20,2025-01-20,5,1,08:00-08:30,50,1,0,34
20,2025-01-20,5,1,08:00-08:30,50,1,0,35
20,2025-01-20,5,1,08:00-08:30,50,0,1,36
20,2025-01-20,5,1,08:00-08:30,50,0,1,37
20,2025-01-20,5,1,08:00-08:30,50,1,0,38
20,2025-01-20,5,1,08:00-08:30,50,1,0,39
20,2025-01-20,5,1,08:00-08:30,50,0,1,40
20,2025-01-20,5,1,08:00-08:30,50,1,0,41
20,2025-01-20,5,1,08:00-08:30,50,0,1,42
20,2025-01-20,5,1,08:00-08:30,50,0,1,43
20,2025-01-20,5,1,08:00-08:30,50,1,0,44
20,2025-01-20,5,1,08:00-08:30,50,0,1,45
20,2025-01-20,5,1,08:00-08:30,50,0,1,46
20,2025-01-20,5,1,08:00-08:30,50,0,1,47
20,2025-01-20,5,1,08:00-08:30,50,1,0,48
20,2025-01-20,5,1,08:00-08:30,50,0,1,49
20,2025-01-20,5,1,08:00-08:30,50,0,1,50
20,2025-01-20,5,1,08:30-09:00,50,1,0,1
20,2025-01-20,5,1,08:30-09:00,50,1,0,2
20,2025-01-20,5,1,08:30-09:00,50,0,1,3
20,2025-01-20,5,1,08:30-09:00,50,0,1,4
20,2025-01-20,5,1,08:30-09:00,50,0,1,5
20,2025-01-20,5,1,08:30-09:00,50,1,0,6
20,2025-01-20,5,1,08:30-09:00,50,0,1,7
20,2025-01-20,5,1,08:30-09:00,50,0,1,8
20,2025-01-20,5,1,08:30-09:00,50,0,1,9
20,2025-01-20,5,1,08:30-09:00,50,0,1,10
20,2025-01-20,5,1,08:30-09:00,50,0,1,11
20,2025-01-20,5,1,08:30-09:00,50,0,1,12
20,2025-01-20,5,1,08:30-09:00,50,0,1,13
20,2025-01-20,5,1,08:30-09:00,50,1,0,14
20,2025-01-20,5,1,08:30-09:00,50,0,1,15
20,2025-01-20,5,1,08:30-09:00,50,1,0,16
20,2025-01-20,5,1,08:30-09:00,50,0,1,17
20,2025-01-20,5,1,08:30-09:00,50,0,1,18
20,2025-01-20,5,1,08:30-09:00,50,1,0,19
20,2025-01-20,5,1,08:30-09:00,50,0,1,20
20,2025-01-20,5,1,08:30-09:00,50,0,1,21
20,2025-01-20,5,1,08:30-09:00,50,1,0,22
20,2025-01-20,5,1,08:30-09:00,50,0,1,23
20,2025-01-20,5,1,08:30-09:00,50,0,1,24
20,2025-01-20,5,1,08:30-09:00,50,0,1,25
20,2025-01-20,5,1,08:30-09:00,50,0,1,26
20,2025-01-20,5,1,08:30-09:00,50,0,1,27
20,2025-01-20,5,1,08:30-09:00,50,0,1,28
20,2025-01-20,5,1,08:30-09:00,50,0,1,29
20,2025-01-20,5,1,08:30-09:00,50,1,0,30
20,2025-01-20,5,1,08:30-09:00,50,0,1,31
20,2025-01-20,5,1,08:30-09:00,50,0,1,32
20,2025-01-20,5,1,08:30-09:00,50,1,0,33
20,2025-01-20,5,1,08:30-09:00,50,1,0,34
20,2025-01-20,5,1,08:30-09:00,50,0,1,35
20,2025-01-20,5,1,08:30-09:00,50,1,0,36
20,2025-01-20,5,1,08:30-09:00,50,0,1,37
20,2025-01-20,5,1,08:30-09:00,50,0,1,38
20,2025-01-20,5,1,08:30-09:00,50,1,0,39
20,2025-01-20,5,1,08:30-09:00,50,0,1,40
20,2025-01-20,5,1,08:30-09:00,50,0,1,41
20,2025-01-20,5,1,08:30-09:00,50,0,1,42
20,2025-01-20,5,1,08:30-09:00,50,0,1,43
20,2025-01-20,5,1,08:30-09:00,50,0,1,44
20,2025-01-20,5,1,08:30-09:00,50,0,1,45
20,2025-01-20,5,1,08:30-09:00,50,0,1,46
20,2025-01-20,5,1,08:30-09:00,50,0,1,47
20,2025-01-20,5,1,08:30-09:00,50,0,1,48
20,2025-01-20,5,1,08:30-09:00,50,0,1,49
20,2025-01-20,5,1,08:30-09:00,50,0,1,50
20,2025-01-20,5,1,09:00-09:30,50,1,0,1
20,2025-01-20,5,1,09:00-09:30,50,0,1,2
20,2025-01-20,5,1,09:00-09:30,50,0,1,3
20,2025-01-20,5,1,09:00-09:30,50,0,1,4
20,2025-01-20,5,1,09:00-09:30,50,0,1,5
20,2025-01-20,5,1,09:00-09:30,50,0,1,6
20,2025-01-20,5,1,09:00-09:30,50,0,1,7
20,2025-01-20,5,1,09:00-09:30,50,0,1,8
20,2025-01-20,5,1,09:00-09:30,50,1,0,9
20,2025-01-20,5,1,09:00-09:30,50,0,1,10
20,2025-01-20,5,1,09:00-09:30,50,0,1,11
20,2025-01-20,5,1,09:00-09:30,50,0,1,12
20,2025-01-20,5,1,09:00-09:30,50,0,1,13
20,2025-01-20,5,1,09:00-09:30,50,1,0,14
20,2025-01-20,5,1,09:00-09:30,50,0,1,15
20,2025-01-20,5,1,09:00-09:30,50,0,1,16
20,2025-01-20,5,1,09:00-09:30,50,1,0,17
20,2025-01-20,5,1,09:00-09:30,50,0,1,18
20,2025-01-20,5,1,09:00-09:30,50,0,1,19
20,2025-01-20,5,1,09:00-09:30,50,0,1,20
20,2025-01-20,5,1,09:00-09:30,50,0,1,21
20,2025-01-20,5,1,09:00-09:30,50,0,1,22
20,2025-01-20,5,1,09:00-09:30,50,0,1,23
20,2025-01-20,5,1,09:00-09:30,50,0,1,24
20,2025-01-20,5,1,09:00-09:30,50,0,1,25
20,2025-01-20,5,1,09:00-09:30,50,0,1,26
20,2025-01-20,5,1,09:00-09:30,50,0,1,27
20,2025-01-20,5,1,09:00-09:30,50,0,1,28
20,2025-01-20,5,1,09:00-09:30,50,0,1,29
20,2025-01-20,5,1,09:00-09:30,50,0,1,30
20,2025-01-20,5,1,09:00-09:30,50,0,1,31
20,2025-01-20,5,1,09:00-09:30,50,0,1,32
20,2025-01-20,5,1,09:00-09:30,50,0,1,33
20,2025-01-20,5,1,09:00-09:30,50,0,1,34
20,2025-01-20,5,1,09:00-09:30,50,0,1,35
20,2025-01-20,5,1,09:00-09:30,50,0,1,36
20,2025-01-20,5,1,09:00-09:30,50,0,1,37
20,2025-01-20,5,1,09:00-09:30,50,0,1,38
20,2025-01-20,5,1,09:00-09:30,50,0,1,39
20,2025-01-20,5,1,09:00-09:30,50,0,1,40
20,2025-01-20,5,1,09:00-09:30,50,0,1,41
20,2025-01-20,5,1,09:00-09:30,50,0,1,42
20,2025-01-20,5,1,09:00-09:30,50,0,1,43
20,2025-01-20,5,1,09:00-09:30,50,0,1,44
20,2025-01-20,5,1,09:00-09:30,50,0,1,45
20,2025-01-20,5,1,09:00-09:30,50,0,1,46
20,2025-01-20,5,1,09:00-09:30,50,0,1,47
20,2025-01-20,5,1,09:00-09:30,50,0,1,48
20,2025-01-20,5,1,09:00-09:30,50,0,1,49
20,2025-01-20,5,1,09:00-09:30,50,0,1,50
20,2025-01-20,5,1,09:30-10:00,50,0,1,1
20,2025-01-20,5,1,09:30-10:00,50,0,1,2
20,2025-01-20,5,1,09:30-10:00,50,0,1,3
20,2025-01-20,5,1,09:30-10:00,50,0,1,4
20,2025-01-20,5,1,09:30-10:00,50,0,1,5
20,2025-01-20,5,1,09:30-10:00,50,0,1,6
20,2025-01-20,5,1,09:30-10:00,50,0,1,7
20,2025-01-20,5,1,09:30-10:00,50,0,1,8
20,2025-01-20,5,1,09:30-10:00,50,0,1,9
20,2025-01-20,5,1,09:30-10:00,50,1,0,10
20,2025-01-20,5,1,09:30-10:00,50,0,1,11
20,2025-01-20,5,1,09:30-10:00,50,0,1,12
20,2025-01-20,5,1,09:30-10:00,50,1,0,13
20,2025-01-20,5,1,09:30-10:00,50,0,1,14
20,2025-01-20,5,1,09:30-10:00,50,0,1,15
20,2025-01-20,5,1,09:30-10:00,50,0,1,16
20,2025-01-20,5,1,09:30-10:00,50,1,0,17
20,2025-01-20,5,1,09:30-10:00,50,0,1,18
20,2025-01-20,5,1,09:30-10:00,50,0,1,19
20,2025-01-20,5,1,09:30-10:00,50,1,0,20
20,2025-01-20,5,1,09:30-10:00,50,0,1,21
20,2025-01-20,5,1,09:30-10:00,50,0,1,22
20,2025-01-20,5,1,09:30-10:00,50,0,1,23
20,2025-01-20,5,1,09:30-10:00,50,1,0,24
20,2025-01-20,5,1,09:30-10:00,50,0,1,25
20,2025-01-20,5,1,09:30-10:00,50,0,1,26
20,2025-01-20,5,1,09:30-10:00,50,0,1,27
20,2025-01-20,5,1,09:30-10:00,50,0,1,28
20,2025-01-20,5,1,09:30-10:00,50,0,1,29
20,2025-01-20,5,1,09:30-10:00,50,1,0,30
20,2025-01-20,5,1,09:30-10:00,50,1,0,31
20,2025-01-20,5,1,09:30-10:00,50,0,1,32
20,2025-01-20,5,1,09:30-10:00,50,0,1,33
20,2025-01-20,5,1,09:30-10:00,50,1,0,34
20,2025-01-20,5,1,09:30-10:00,50,0,1,35
20,2025-01-20,5,1,09:30-10:00,50,0,1,36
20,2025-01-20,5,1,09:30-10:00,50,0,1,37
20,2025-01-20,5,1,09:30-10:00,50,0,1,38
20,2025-01-20,5,1,09:30-10:00,50,0,1,39
20,2025-01-20,5,1,09:30-10:00,50,0,1,40
20,2025-01-20,5,1,09:30-10:00,50,0,1,41
20,2025-01-20,5,1,09:30-10:00,50,0,1,42
20,2025-01-20,5,1,09:30-10:00,50,0,1,43
20,2025-01-20,5,1,09:30-10:00,50,0,1,44
20,2025-01-20,5,1,09:30-10:00,50,0,1,45
20,2025-01-20,5,1,09:30-10:00,50,0,1,46
20,2025-01-20,5,1,09:30-10:00,50,0,1,47
20,2025-01-20,5,1,09:30-10:00,50,0,1,48
20,2025-01-20,5,1,09:30-10:00,50,0,1,49
20,2025-01-20,5,1,09:30-10:00,50,1,0,50
20,2025-01-20,5,1,16:00-16:30,50,1,0,1
20,2025-01-20,5,1,16:00-16:30,50,0,1,2
20,2025-01-20,5,1,16:00-16:30,50,0,1,3
20,2025-01-20,5,1,16:00-16:30,50,0,1,4
20,2025-01-20,5,1,16:00-16:30,50,1,0,5
20,2025-01-20,5,1,16:00-16:30,50,0,1,6
20,2025-01-20,5,1,16:00-16:30,50,0,1,7
20,2025-01-20,5,1,16:00-16:30,50,0,1,8
20,2025-01-20,5,1,16:00-16:30,50,1,0,9
20,2025-01-20,5,1,16:00-16:30,50,0,1,10
20,2025-01-20,5,1,16:00-16:30,50,1,0,11
20,2025-01-20,5,1,16:00-16:30,50,0,1,12
20,2025-01-20,5,1,16:00-16:30,50,1,0,13
20,2025-01-20,5,1,16:00-16:30,50,0,1,14
20,2025-01-20,5,1,16:00-16:30,50,0,1,15
20,2025-01-20,5,1,16:00-16:30,50,1,0,16
20,2025-01-20,5,1,16:00-16:30,50,1,0,17
20,2025-01-20,5,1,16:00-16:30,50,0,1,18
20,2025-01-20,5,1,16:00-16:30,50,0,1,19
20,2025-01-20,5,1,16:00-16:30,50,1,0,20
20,2025-01-20,5,1,16:00-16:30,50,0,1,21
20,2025-01-20,5,1,16:00-16:30,50,0,1,22
20,2025-01-20,5,1,16:00-16:30,50,0,1,23
20,2025-01-20,5,1,16:00-16:30,50,0,1,24
20,2025-01-20,5,1,16:00-16:30,50,0,1,25
20,2025-01-20,5,1,16:00-16:30,50,0,1,26
20,2025-01-20,5,1,16:00-16:30,50,0,1,27
20,2025-01-20,5,1,16:00-16:30,50,0,1,28
20,2025-01-20,5,1,16:00-16:30,50,0,1,29
20,2025-01-20,5,1,16:00-16:30,50,0,1,30
20,2025-01-20,5,1,16:00-16:30,50,1,0,31
20,2025-01-20,5,1,16:00-16:30,50,0,1,32
20,2025-01-20,5,1,16:00-16:30,50,0,1,33
20,2025-01-20,5,1,16:00-16:30,50,1,0,34
20,2025-01-20,5,1,16:00-16:30,50,0,1,35
20,2025-01-20,5,1,16:00-16:30,50,0,1,36
20,2025-01-20,5,1,16:00-16:30,50,0,1,37
20,2025-01-20,5,1,16:00-16:30,50,1,0,38
20,2025-01-20,5,1,16:00-16:30,50,0,1,39
20,2025-01-20,5,1,16:00-16:30,50,0,1,40
20,2025-01-20,5,1,16:00-16:30,50,0,1,41
20,2025-01-20,5,1,16:00-16:30,50,0,1,42
20,2025-01-20,5,1,16:00-16:30,50,0,1,43
20,2025-01-20,5,1,16:00-16:30,50,0,1,44
20,2025-01-20,5,1,16:00-16:30,50,0,1,45
20,2025-01-20,5,1,16:00-16:30,50,0,1,46
20,2025-01-20,5,1,16:00-16:30,50,0,1,47
20,2025-01-20,5,1,16:00-16:30,50,0,1,48
20,2025-01-20,5,1,16:00-16:30,50,1,0,49
20,2025-01-20,5,1,16:00-16:30,50,0,1,50
20,2025-01-20,5,1,16:30-17:00,50,0,1,1
20,2025-01-20,5,1,16:30-17:00,50,0,1,2
20,2025-01-20,5,1,16:30-17:00,50,0,1,3
20,2025-01-20,5,1,16:30-17:00,50,1,0,4
20,2025-01-20,5,1,16:30-17:00,50,0,1,5
20,2025-01-20,5,1,16:30-17:00,50,0,1,6
20,2025-01-20,5,1,16:30-17:00,50,0,1,7
20,2025-01-20,5,1,16:30-17:00,50,0,1,8
20,2025-01-20,5,1,16:30-17:00,50,0,1,9
20,2025-01-20,5,1,16:30-17:00,50,0,1,10
20,2025-01-20,5,1,16:30-17:00,50,0,1,11
20,2025-01-20,5,1,16:30-17:00,50,0,1,12
20,2025-01-20,5,1,16:30-17:00,50,0,1,13
20,2025-01-20,5,1,16:30-17:00,50,0,1,14
20,2025-01-20,5,1,16:30-17:00,50,0,1,15
20,2025-01-20,5,1,16:30-17:00,50,1,0,16
20,2025-01-20,5,1,16:30-17:00,50,0,1,17
20,2025-01-20,5,1,16:30-17:00,50,1,0,18
20,2025-01-20,5,1,16:30-17:00,50,0,1,19
20,2025-01-20,5,1,16:30-17:00,50,0,1,20
20,2025-01-20,5,1,16:30-17:00,50,0,1,21
20,2025-01-20,5,1,16:30-17:00,50,1,0,22
20,2025-01-20,5,1,16:30-17:00,50,0,1,23
20,2025-01-20,5,1,16:30-17:00,50,0,1,24
20,2025-01-20,5,1,16:30-17:00,50,0,1,25
20,2025-01-20,5,1,16:30-17:00,50,0,1,26
20,2025-01-20,5,1,16:30-17:00,50,0,1,27
20,2025-01-20,5,1,16:30-17:00,50,0,1,28
20,2025-01-20,5,1,16:30-17:00,50,0,1,29
20,2025-01-20,5,1,16:30-17:00,50,1,0,30
20,2025-01-20,5,1,16:30-17:00,50,0,1,31
20,2025-01-20,5,1,16:30-17:00,50,1,0,32
20,2025-01-20,5,1,16:30-17:00,50,1,0,33
20,2025-01-20,5,1,16:30-17:00,50,0,1,34
20,2025-01-20,5,1,16:30-17:00,50,0,1,35
20,2025-01-20,5,1,16:30-17:00,50,0,1,36
20,2025-01-20,5,1,16:30-17:00,50,0,1,37
20,2025-01-20,5,1,16:30-17:00,50,0,1,38
20,2025-01-20,5,1,16:30-17:00,50,1,0,39
20,2025-01-20,5,1,16:30-17:00,50,0,1,40
20,2025-01-20,5,1,16:30-17:00,50,0,1,41
20,2025-01-20,5,1,16:30-17:00,50,0,1,42
20,2025-01-20,5,1,16:30-17:00,50,0,1,43
20,2025-01-20,5,1,16:30-17:00,50,0,1,44
20,2025-01-20,5,1,16:30-17:00,50,0,1,45
20,2025-01-20,5,1,16:30-17:00,50,0,1,46
20,2025-01-20,5,1,16:30-17:00,50,0,1,47
20,2025-01-20,5,1,16:30-17:00,50,0,1,48
20,2025-01-20,5,1,16:30-17:00,50,0,1,49
20,2025-01-20,5,1,16:30-17:00,50,0,1,50
20,2025-01-20,5,1,17:00-17:30,50,0,1,1
20,2025-01-20,5,1,17:00-17:30,50,1,0,2
20,2025-01-20,5,1,17:00-17:30,50,0,1,3
20,2025-01-20,5,1,17:00-17:30,50,0,1,4
20,2025-01-20,5,1,17:00-17:30,50,0,1,5
20,2025-01-20,5,1,17:00-17:30,50,1,0,6
20,2025-01-20,5,1,17:00-17:30,50,0,1,7
20,2025-01-20,5,1,17:00-17:30,50,0,1,8
20,2025-01-20,5,1,17:00-17:30,50,0,1,9
20,2025-01-20,5,1,17:00-17:30,50,0,1,10
20,2025-01-20,5,1,17:00-17:30,50,0,1,11
20,2025-01-20,5,1,17:00-17:30,50,0,1,12
20,2025-01-20,5,1,17:00-17:30,50,0,1,13
20,2025-01-20,5,1,17:00-17:30,50,0,1,14
20,2025-01-20,5,1,17:00-17:30,50,1,0,15
20,2025-01-20,5,1,17:00-17:30,50,0,1,16
20,2025-01-20,5,1,17:00-17:30,50,1,0,17
20,2025-01-20,5,1,17:00-17:30,50,0,1,18
20,2025-01-20,5,1,17:00-17:30,50,0,1,19
20,2025-01-20,5,1,17:00-17:30,50,0,1,20
20,2025-01-20,5,1,17:00-17:30,50,0,1,21
20,2025-01-20,5,1,17:00-17:30,50,1,0,22
20,2025-01-20,5,1,17:00-17:30,50,0,1,23
20,2025-01-20,5,1,17:00-17:30,50,0,1,24
20,2025-01-20,5,1,17:00-17:30,50,0,1,25
20,2025-01-20,5,1,17:00-17:30,50,0,1,26
20,2025-01-20,5,1,17:00-17:30,50,1,0,27
20,2025-01-20,5,1,17:00-17:30,50,0,1,28
20,2025-01-20,5,1,17:00-17:30,50,0,1,29
20,2025-01-20,5,1,17:00-17:30,50,1,0,30
20,2025-01-20,5,1,17:00-17:30,50,0,1,31
20,2025-01-20,5,1,17:00-17:30,50,0,1,32
20,2025-01-20,5,1,17:00-17:30,50,1,0,33
20,2025-01-20,5,1,17:00-17:30,50,0,1,34
20,2025-01-20,5,1,17:00-17:30,50,0,1,35
20,2025-01-20,5,1,17:00-17:30,50,1,0,36
20,2025-01-20,5,1,17:00-17:30,50,0,1,37
20,2025-01-20,5,1,17:00-17:30,50,0,1,38
20,2025-01-20,5,1,17:00-17:30,50,0,1,39
20,2025-01-20,5,1,17:00-17:30,50,1,0,40
20,2025-01-20,5,1,17:00-17:30,50,0,1,41
20,2025-01-20,5,1,17:00-17:30,50,0,1,42
20,2025-01-20,5,1,17:00-17:30,50,0,1,43
20,2025-01-20,5,1,17:00-17:30,50,0,1,44
20,2025-01-20,5,1,17:00-17:30,50,0,1,45
20,2025-01-20,5,1,17:00-17:30,50,1,0,46
20,2025-01-20,5,1,17:00-17:30,50,0,1,47
20,2025-01-20,5,1,17:00-17:30,50,0,1,48
20,2025-01-20,5,1,17:00-17:30,50,1,0,49
20,2025-01-20,5,1,17:00-17:30,50,0,1,50
20,2025-01-20,5,1,17:30-18:00,50,0,1,1
20,2025-01-20,5,1,17:30-18:00,50,0,1,2
20,2025-01-20,5,1,17:30-18:00,50,0,1,3
20,2025-01-20,5,1,17:30-18:00,50,1,0,4
20,2025-01-20,5,1,17:30-18:00,50,0,1,5
20,2025-01-20,5,1,17:30-18:00,50,1,0,6
20,2025-01-20,5,1,17:30-18:00,50,0,1,7
20,2025-01-20,5,1,17:30-18:00,50,0,1,8
20,2025-01-20,5,1,17:30-18:00,50,1,0,9
20,2025-01-20,5,1,17:30-18:00,50,0,1,10
20,2025-01-20,5,1,17:30-18:00,50,0,1,11
20,2025-01-20,5,1,17:30-18:00,50,0,1,12
20,2025-01-20,5,1,17:30-18:00,50,0,1,13
20,2025-01-20,5,1,17:30-18:00,50,1,0,14
20,2025-01-20,5,1,17:30-18:00,50,1,0,15
20,2025-01-20,5,1,17:30-18:00,50,0,1,16
20,2025-01-20,5,1,17:30-18:00,50,0,1,17
20,2025-01-20,5,1,17:30-18:00,50,0,1,18
20,2025-01-20,5,1,17:30-18:00,50,1,0,19
20,2025-01-20,5,1,17:30-18:00,50,0,1,20
20,2025-01-20,5,1,17:30-18:00,50,0,1,21
20,2025-01-20,5,1,17:30-18:00,50,0,1,22
20,2025-01-20,5,1,17:30-18:00,50,0,1,23
20,2025-01-20,5,1,17:30-18:00,50,0,1,24
20,2025-01-20,5,1,17:30-18:00,50,0,1,25
20,2025-01-20,5,1,17:30-18:00,50,0,1,26
20,2025-01-20,5,1,17:30-18:00,50,0,1,27
20,2025-01-20,5,1,17:30-18:00,50,0,1,28
20,2025-01-20,5,1,17:30-18:00,50,0,1,29
20,2025-01-20,5,1,17:30-18:00,50,1,0,30
20,2025-01-20,5,1,17:30-18:00,50,0,1,31
20,2025-01-20,5,1,17:30-18:00,50,1,0,32
20,2025-01-20,5,1,17:30-18:00,50,0,1,33
20,2025-01-20,5,1,17:30-18:00,50,0,1,34
20,2025-01-20,5,1,17:30-18:00,50,0,1,35
20,2025-01-20,5,1,17:30-18:00,50,0,1,36
20,2025-01-20,5,1,17:30-18:00,50,1,0,37
20,2025-01-20,5,1,17:30-18:00,50,0,1,38
20,2025-01-20,5,1,17:30-18:00,50,0,1,39
20,2025-01-20,5,1,17:30-18:00,50,0,1,40
20,2025-01-20,5,1,17:30-18:00,50,0,1,41
20,2025-01-20,5,1,17:30-18:00,50,0,1,42
20,2025-01-20,5,1,17:30-18:00,50,0,1,43
20,2025-01-20,5,1,17:30-18:00,50,1,0,44
20,2025-01-20,5,1,17:30-18:00,50,0,1,45
20,2025-01-20,5,1,17:30-18:00,50,0,1,46
20,2025-01-20,5,1,17:30-18:00,50,0,1,47
20,2025-01-20,5,1,17:30-18:00,50,0,1,48
20,2025-01-20,5,1,17:30-18:00,50,1,0,49
20,2025-01-20,5,1,17:30-18:00,50,0,1,50
20,2025-01-20,5,1,18:00-18:30,50,0,1,1
20,2025-01-20,5,1,18:00-18:30,50,0,1,2
20,2025-01-20,5,1,18:00-18:30,50,0,1,3
20,2025-01-20,5,1,18:00-18:30,50,0,1,4
20,2025-01-20,5,1,18:00-18:30,50,0,1,5
20,2025-01-20,5,1,18:00-18:30,50,0,1,6
20,2025-01-20,5,1,18:00-18:30,50,1,0,7
20,2025-01-20,5,1,18:00-18:30,50,0,1,8
20,2025-01-20,5,1,18:00-18:30,50,1,0,9
20,2025-01-20,5,1,18:00-18:30,50,0,1,10
20,2025-01-20,5,1,18:00-18:30,50,0,1,11
20,2025-01-20,5,1,18:00-18:30,50,0,1,12
20,2025-01-20,5,1,18:00-18:30,50,0,1,13
20,2025-01-20,5,1,18:00-18:30,50,0,1,14
20,2025-01-20,5,1,18:00-18:30,50,0,1,15
20,2025-01-20,5,1,18:00-18:30,50,0,1,16
20,2025-01-20,5,1,18:00-18:30,50,0,1,17
20,2025-01-20,5,1,18:00-18:30,50,1,0,18
20,2025-01-20,5,1,18:00-18:30,50,0,1,19
20,2025-01-20,5,1,18:00-18:30,50,1,0,20
20,2025-01-20,5,1,18:00-18:30,50,0,1,21
20,2025-01-20,5,1,18:00-18:30,50,0,1,22
20,2025-01-20,5,1,18:00-18:30,50,0,1,23
20,2025-01-20,5,1,18:00-18:30,50,0,1,24
20,2025-01-20,5,1,18:00-18:30,50,0,1,25
20,2025-01-20,5,1,18:00-18:30,50,0,1,26
20,2025-01-20,5,1,18:00-18:30,50,0,1,27
20,2025-01-20,5,1,18:00-18:30,50,0,1,28
20,2025-01-20,5,1,18:00-18:30,50,1,0,29
20,2025-01-20,5,1,18:00-18:30,50,0,1,30
20,2025-01-20,5,1,18:00-18:30,50,0,1,31
20,2025-01-20,5,1,18:00-18:30,50,0,1,32
20,2025-01-20,5,1,18:00-18:30,50,0,1,33
20,2025-01-20,5,1,18:00-18:30,50,0,1,34
20,2025-01-20,5,1,18:00-18:30,50,1,0,35
20,2025-01-20,5,1,18:00-18:30,50,0,1,36
20,2025-01-20,5,1,18:00-18:30,50,0,1,37
20,2025-01-20,5,1,18:00-18:30,50,1,0,38
20,2025-01-20,5,1,18:00-18:30,50,0,1,39
20,2025-01-20,5,1,18:00-18:30,50,1,0,40
20,2025-01-20,5,1,18:00-18:30,50,0,1,41
20,2025-01-20,5,1,18:00-18:30,50,0,1,42
20,2025-01-20,5,1,18:00-18:30,50,0,1,43
20,2025-01-20,5,1,18:00-18:30,50,0,1,44
20,2025-01-20,5,1,18:00-18:30,50,0,1,45
20,2025-01-20,5,1,18:00-18:30,50,0,1,46
20,2025-01-20,5,1,18:00-18:30,50,0,1,47
20,2025-01-20,5,1,18:00-18:30,50,0,1,48
20,2025-01-20,5,1,18:00-18:30,50,1,0,49
20,2025-01-20,5,1,18:00-18:30,50,0,1,50
20,2025-01-20,5,1,18:30-19:00,50,0,1,1
20,2025-01-20,5,1,18:30-19:00,50,0,1,2
20,2025-01-20,5,1,18:30-19:00,50,0,1,3
20,2025-01-20,5,1,18:30-19:00,50,0,1,4
20,2025-01-20,5,1,18:30-19:00,50,0,1,5
20,2025-01-20,5,1,18:30-19:00,50,0,1,6
20,2025-01-20,5,1,18:30-19:00,50,0,1,7
20,2025-01-20,5,1,18:30-19:00,50,0,1,8
20,2025-01-20,5,1,18:30-19:00,50,0,1,9
20,2025-01-20,5,1,18:30-19:00,50,0,1,10
20,2025-01-20,5,1,18:30-19:00,50,0,1,11
20,2025-01-20,5,1,18:30-19:00,50,0,1,12
20,2025-01-20,5,1,18:30-19:00,50,0,1,13
20,2025-01-20,5,1,18:30-19:00,50,0,1,14
20,2025-01-20,5,1,18:30-19:00,50,0,1,15
20,2025-01-20,5,1,18:30-19:00,50,0,1,16
20,2025-01-20,5,1,18:30-19:00,50,0,1,17
20,2025-01-20,5,1,18:30-19:00,50,0,1,18
20,2025-01-20,5,1,18:30-19:00,50,0,1,19
20,2025-01-20,5,1,18:30-19:00,50,0,1,20
20,2025-01-20,5,1,18:30-19:00,50,0,1,21
20,2025-01-20,5,1,18:30-19:00,50,0,1,22
20,2025-01-20,5,1,18:30-19:00,50,0,1,23
20,2025-01-20,5,1,18:30-19:00,50,0,1,24
20,2025-01-20,5,1,18:30-19:00,50,0,1,25
20,2025-01-20,5,1,18:30-19:00,50,0,1,26
20,2025-01-20,5,1,18:30-19:00,50,0,1,27
20,2025-01-20,5,1,18:30-19:00,50,0,1,28
20,2025-01-20,5,1,18:30-19:00,50,0,1,29
20,2025-01-20,5,1,18:30-19:00,50,0,1,30
20,2025-01-20,5,1,18:30-19:00,50,0,1,31
20,2025-01-20,5,1,18:30-19:00,50,0,1,32
20,2025-01-20,5,1,18:30-19:00,50,0,1,33
20,2025-01-20,5,1,18:30-19:00,50,1,0,34
20,2025-01-20,5,1,18:30-19:00,50,0,1,35
20,2025-01-20,5,1,18:30-19:00,50,0,1,36
20,2025-01-20,5,1,18:30-19:00,50,0,1,37
20,2025-01-20,5,1,18:30-19:00,50,0,1,38
20,2025-01-20,5,1,18:30-19:00,50,0,1,39
20,2025-01-20,5,1,18:30-19:00,50,0,1,40
20,2025-01-20,5,1,18:30-19:00,50,0,1,41
20,2025-01-20,5,1,18:30-19:00,50,0,1,42
20,2025-01-20,5,1,18:30-19:00,50,0,1,43
20,2025-01-20,5,1,18:30-19:00,50,0,1,44
20,2025-01-20,5,1,18:30-19:00,50,0,1,45
20,2025-01-20,5,1,18:30-19:00,50,0,1,46
20,2025-01-20,5,1,18:30-19:00,50,0,1,47
20,2025-01-20,5,1,18:30-19:00,50,0,1,48
20,2025-01-20,5,1,18:30-19:00,50,0,1,49
20,2025-01-20,5,1,18:30-19:00,50,0,1,50
21,2025-01-21,6,0,07:00-07:30,50,0,1,1
21,2025-01-21,6,0,07:00-07:30,50,1,0,2
21,2025-01-21,6,0,07:00-07:30,50,1,0,3
21,2025-01-21,6,0,07:00-07:30,50,1,0,4
21,2025-01-21,6,0,07:00-07:30,50,1,0,5
21,2025-01-21,6,0,07:00-07:30,50,1,0,6
21,2025-01-21,6,0,07:00-07:30,50,1,0,7
21,2025-01-21,6,0,07:00-07:30,50,1,0,8
21,2025-01-21,6,0,07:00-07:30,50,1,0,9
21,2025-01-21,6,0,07:00-07:30,50,0,1,10
21,2025-01-21,6,0,07:00-07:30,50,1,0,11
21,2025-01-21,6,0,07:00-07:30,50,0,1,12
21,2025-01-21,6,0,07:00-07:30,50,1,0,13
21,2025-01-21,6,0,07:00-07:30,50,1,0,14
21,2025-01-21,6,0,07:00-07:30,50,0,1,15
21,2025-01-21,6,0,07:00-07:30,50,0,1,16
21,2025-01-21,6,0,07:00-07:30,50,1,0,17
21,2025-01-21,6,0,07:00-07:30,50,1,0,18
21,2025-01-21,6,0,07:00-07:30,50,0,1,19
21,2025-01-21,6,0,07:00-07:30,50,1,0,20
21,2025-01-21,6,0,07:00-07:30,50,1,0,21
21,2025-01-21,6,0,07:00-07:30,50,0,1,22
21,2025-01-21,6,0,07:00-07:30,50,0,1,23
21,2025-01-21,6,0,07:00-07:30,50,1,0,24
21,2025-01-21,6,0,07:00-07:30,50,1,0,25
21,2025-01-21,6,0,07:00-07:30,50,0,1,26
21,2025-01-21,6,0,07:00-07:30,50,1,0,27
21,2025-01-21,6,0,07:00-07:30,50,0,1,28
21,2025-01-21,6,0,07:00-07:30,50,1,0,29
21,2025-01-21,6,0,07:00-07:30,50,1,0,30
21,2025-01-21,6,0,07:00-07:30,50,1,0,31
21,2025-01-21,6,0,07:00-07:30,50,1,0,32
21,2025-01-21,6,0,07:00-07:30,50,1,0,33
21,2025-01-21,6,0,07:00-07:30,50,1,0,34
21,2025-01-21,6,0,07:00-07:30,50,0,1,35
21,2025-01-21,6,0,07:00-07:30,50,1,0,36
21,2025-01-21,6,0,07:00-07:30,50,1,0,37
21,2025-01-21,6,0,07:00-07:30,50,1,0,38
21,2025-01-21,6,0,07:00-07:30,50,0,1,39
21,2025-01-21,6,0,07:00-07:30,50,1,0,40
21,2025-01-21,6,0,07:00-07:30,50,0,1,41
21,2025-01-21,6,0,07:00-07:30,50,1,0,42
21,2025-01-21,6,0,07:00-07:30,50,0,1,43
21,2025-01-21,6,0,07:00-07:30,50,0,1,44
21,2025-01-21,6,0,07:00-07:30,50,1,0,45
21,2025-01-21,6,0,07:00-07:30,50,0,1,46
21,2025-01-21,6,0,07:00-07:30,50,0,1,47
21,2025-01-21,6,0,07:00-07:30,50,1,0,48
21,2025-01-21,6,0,07:00-07:30,50,1,0,49
21,2025-01-21,6,0,07:00-07:30,50,0,1,50
21,2025-01-21,6,0,07:30-08:00,50,0,1,1
21,2025-01-21,6,0,07:30-08:00,50,1,0,2
21,2025-01-21,6,0,07:30-08:00,50,1,0,3
21,2025-01-21,6,0,07:30-08:00,50,0,1,4
21,2025-01-21,6,0,07:30-08:00,50,0,1,5
21,2025-01-21,6,0,07:30-08:00,50,0,1,6
21,2025-01-21,6,0,07:30-08:00,50,0,1,7
21,2025-01-21,6,0,07:30-08:00,50,1,0,8
21,2025-01-21,6,0,07:30-08:00,50,1,0,9
21,2025-01-21,6,0,07:30-08:00,50,1,0,10
21,2025-01-21,6,0,07:30-08:00,50,1,0,11
21,2025-01-21,6,0,07:30-08:00,50,0,1,12
21,2025-01-21,6,0,07:30-08:00,50,1,0,13
21,2025-01-21,6,0,07:30-08:00,50,1,0,14
21,2025-01-21,6,0,07:30-08:00,50,0,1,15
21,2025-01-21,6,0,07:30-08:00,50,0,1,16
21,2025-01-21,6,0,07:30-08:00,50,1,0,17
21,2025-01-21,6,0,07:30-08:00,50,1,0,18
21,2025-01-21,6,0,07:30-08:00,50,1,0,19
21,2025-01-21,6,0,07:30-08:00,50,1,0,20
21,2025-01-21,6,0,07:30-08:00,50,1,0,21
21,2025-01-21,6,0,07:30-08:00,50,0,1,22
21,2025-01-21,6,0,07:30-08:00,50,1,0,23
21,2025-01-21,6,0,07:30-08:00,50,1,0,24
21,2025-01-21,6,0,07:30-08:00,50,0,1,25
21,2025-01-21,6,0,07:30-08:00,50,1,0,26
21,2025-01-21,6,0,07:30-08:00,50,1,0,27
21,2025-01-21,6,0,07:30-08:00,50,1,0,28
21,2025-01-21,6,0,07:30-08:00,50,1,0,29
21,2025-01-21,6,0,07:30-08:00,50,1,0,30
21,2025-01-21,6,0,07:30-08:00,50,0,1,31
21,2025-01-21,6,0,07:30-08:00,50,0,1,32
21,2025-01-21,6,0,07:30-08:00,50,1,0,33
21,2025-01-21,6,0,07:30-08:00,50,0,1,34
21,2025-01-21,6,0,07:30-08:00,50,0,1,35
21,2025-01-21,6,0,07:30-08:00,50,0,1,36
21,2025-01-21,6,0,07:30-08:00,50,1,0,37
21,2025-01-21,6,0,07:30-08:00,50,0,1,38
21,2025-01-21,6,0,07:30-08:00,50,1,0,39
21,2025-01-21,6,0,07:30-08:00,50,1,0,40
21,2025-01-21,6,0,07:30-08:00,50,0,1,41
21,2025-01-21,6,0,07:30-08:00,50,1,0,42
21,2025-01-21,6,0,07:30-08:00,50,1,0,43
21,2025-01-21,6,0,07:30-08:00,50,0,1,44
21,2025-01-21,6,0,07:30-08:00,50,1,0,45
21,2025-01-21,6,0,07:30-08:00,50,1,0,46
21,2025-01-21,6,0,07:30-08:00,50,0,1,47
21,2025-01-21,6,0,07:30-08:00,50,1,0,48
21,2025-01-21,6,0,07:30-08:00,50,1,0,49
21,2025-01-21,6,0,07:30-08:00,50,1,0,50
21,2025-01-21,6,0,08:00-08:30,50,1,0,1
21,2025-01-21,6,0,08:00-08:30,50,1,0,2
21,2025-01-21,6,0,08:00-08:30,50,0,1,3
21,2025-01-21,6,0,08:00-08:30,50,0,1,4
21,2025-01-21,6,0,08:00-08:30,50,0,1,5
21,2025-01-21,6,0,08:00-08:30,50,1,0,6
21,2025-01-21,6,0,08:00-08:30,50,0,1,7
21,2025-01-21,6,0,08:00-08:30,50,1,0,8
21,2025-01-21,6,0,08:00-08:30,50,0,1,9
21,2025-01-21,6,0,08:00-08:30,50,0,1,10
21,2025-01-21,6,0,08:00-08:30,50,1,0,11
21,2025-01-21,6,0,08:00-08:30,50,1,0,12
21,2025-01-21,6,0,08:00-08:30,50,1,0,13
21,2025-01-21,6,0,08:00-08:30,50,1,0,14
21,2025-01-21,6,0,08:00-08:30,50,1,0,15
21,2025-01-21,6,0,08:00-08:30,50,1,0,16
21,2025-01-21,6,0,08:00-08:30,50,0,1,17
21,2025-01-21,6,0,08:00-08:30,50,1,0,18
21,2025-01-21,6,0,08:00-08:30,50,1,0,19
21,2025-01-21,6,0,08:00-08:30,50,0,1,20
21,2025-01-21,6,0,08:00-08:30,50,0,1,21
21,2025-01-21,6,0,08:00-08:30,50,0,1,22
21,2025-01-21,6,0,08:00-08:30,50,0,1,23
21,2025-01-21,6,0,08:00-08:30,50,0,1,24
21,2025-01-21,6,0,08:00-08:30,50,1,0,25
21,2025-01-21,6,0,08:00-08:30,50,1,0,26
21,2025-01-21,6,0,08:00-08:30,50,1,0,27
21,2025-01-21,6,0,08:00-08:30,50,1,0,28
21,2025-01-21,6,0,08:00-08:30,50,1,0,29
21,2025-01-21,6,0,08:00-08:30,50,1,0,30
21,2025-01-21,6,0,08:00-08:30,50,1,0,31
21,2025-01-21,6,0,08:00-08:30,50,1,0,32
21,2025-01-21,6,0,08:00-08:30,50,0,1,33
21,2025-01-21,6,0,08:00-08:30,50,0,1,34
21,2025-01-21,6,0,08:00-08:30,50,1,0,35
21,2025-01-21,6,0,08:00-08:30,50,0,1,36
21,2025-01-21,6,0,08:00-08:30,50,1,0,37
21,2025-01-21,6,0,08:00-08:30,50,0,1,38
21,2025-01-21,6,0,08:00-08:30,50,1,0,39
21,2025-01-21,6,0,08:00-08:30,50,0,1,40
21,2025-01-21,6,0,08:00-08:30,50,1,0,41
21,2025-01-21,6,0,08:00-08:30,50,0,1,42
21,2025-01-21,6,0,08:00-08:30,50,1,0,43
21,2025-01-21,6,0,08:00-08:30,50,1,0,44
21,2025-01-21,6,0,08:00-08:30,50,0,1,45
21,2025-01-21,6,0,08:00-08:30,50,1,0,46
21,2025-01-21,6,0,08:00-08:30,50,1,0,47
21,2025-01-21,6,0,08:00-08:30,50,1,0,48
21,2025-01-21,6,0,08:00-08:30,50,1,0,49
21,2025-01-21,6,0,08:00-08:30,50,1,0,50
21,2025-01-21,6,0,08:30-09:00,50,1,0,1
21,2025-01-21,6,0,08:30-09:00,50,0,1,2
21,2025-01-21,6,0,08:30-09:00,50,0,1,3
21,2025-01-21,6,0,08:30-09:00,50,1,0,4
21,2025-01-21,6,0,08:30-09:00,50,0,1,5
21,2025-01-21,6,0,08:30-09:00,50,1,0,6
21,2025-01-21,6,0,08:30-09:00,50,1,0,7
21,2025-01-21,6,0,08:30-09:00,50,1,0,8
21,2025-01-21,6,0,08:30-09:00,50,1,0,9
21,2025-01-21,6,0,08:30-09:00,50,1,0,10
21,2025-01-21,6,0,08:30-09:00,50,1,0,11
21,2025-01-21,6,0,08:30-09:00,50,0,1,12
21,2025-01-21,6,0,08:30-09:00,50,1,0,13
21,2025-01-21,6,0,08:30-09:00,50,1,0,14
21,2025-01-21,6,0,08:30-09:00,50,0,1,15
21,2025-01-21,6,0,08:30-09:00,50,1,0,16
21,2025-01-21,6,0,08:30-09:00,50,0,1,17
21,2025-01-21,6,0,08:30-09:00,50,0,1,18
21,2025-01-21,6,0,08:30-09:00,50,0,1,19
21,2025-01-21,6,0,08:30-09:00,50,0,1,20
21,2025-01-21,6,0,08:30-09:00,50,0,1,21
21,2025-01-21,6,0,08:30-09:00,50,0,1,22
21,2025-01-21,6,0,08:30-09:00,50,1,0,23
21,2025-01-21,6,0,08:30-09:00,50,1,0,24
21,2025-01-21,6,0,08:30-09:00,50,0,1,25
21,2025-01-21,6,0,08:30-09:00,50,1,0,26
21,2025-01-21,6,0,08:30-09:00,50,1,0,27
21,2025-01-21,6,0,08:30-09:00,50,1,0,28
21,2025-01-21,6,0,08:30-09:00,50,1,0,29
21,2025-01-21,6,0,08:30-09:00,50,0,1,30
21,2025-01-21,6,0,08:30-09:00,50,1,0,31
21,2025-01-21,6,0,08:30-09:00,50,1,0,32
21,2025-01-21,6,0,08:30-09:00,50,1,0,33
21,2025-01-21,6,0,08:30-09:00,50,1,0,34
21,2025-01-21,6,0,08:30-09:00,50,0,1,35
21,2025-01-21,6,0,08:30-09:00,50,0,1,36
21,2025-01-21,6,0,08:30-09:00,50,1,0,37
21,2025-01-21,6,0,08:30-09:00,50,0,1,38
21,2025-01-21,6,0,08:30-09:00,50,1,0,39
21,2025-01-21,6,0,08:30-09:00,50,1,0,40
21,2025-01-21,6,0,08:30-09:00,50,1,0,41
21,2025-01-21,6,0,08:30-09:00,50,1,0,42
21,2025-01-21,6,0,08:30-09:00,50,1,0,43
21,2025-01-21,6,0,08:30-09:00,50,0,1,44
21,2025-01-21,6,0,08:30-09:00,50,1,0,45
21,2025-01-21,6,0,08:30-09:00,50,0,1,46
21,2025-01-21,6,0,08:30-09:00,50,0,1,47
21,2025-01-21,6,0,08:30-09:00,50,0,1,48
21,2025-01-21,6,0,08:30-09:00,50,1,0,49
21,2025-01-21,6,0,08:30-09:00,50,1,0,50
21,2025-01-21,6,0,09:00-09:30,50,1,0,1
21,2025-01-21,6,0,09:00-09:30,50,1,0,2
21,2025-01-21,6,0,09:00-09:30,50,0,1,3
21,2025-01-21,6,0,09:00-09:30,50,0,1,4
21,2025-01-21,6,0,09:00-09:30,50,0,1,5
21,2025-01-21,6,0,09:00-09:30,50,1,0,6
21,2025-01-21,6,0,09:00-09:30,50,1,0,7
21,2025-01-21,6,0,09:00-09:30,50,0,1,8
21,2025-01-21,6,0,09:00-09:30,50,0,1,9
21,2025-01-21,6,0,09:00-09:30,50,0,1,10
21,2025-01-21,6,0,09:00-09:30,50,0,1,11
21,2025-01-21,6,0,09:00-09:30,50,1,0,12
21,2025-01-21,6,0,09:00-09:30,50,0,1,13
21,2025-01-21,6,0,09:00-09:30,50,0,1,14
21,2025-01-21,6,0,09:00-09:30,50,1,0,15
21,2025-01-21,6,0,09:00-09:30,50,1,0,16
21,2025-01-21,6,0,09:00-09:30,50,1,0,17
21,2025-01-21,6,0,09:00-09:30,50,0,1,18
21,2025-01-21,6,0,09:00-09:30,50,0,1,19
21,2025-01-21,6,0,09:00-09:30,50,1,0,20
21,2025-01-21,6,0,09:00-09:30,50,1,0,21
21,2025-01-21,6,0,09:00-09:30,50,0,1,22
21,2025-01-21,6,0,09:00-09:30,50,0,1,23
21,2025-01-21,6,0,09:00-09:30,50,0,1,24
21,2025-01-21,6,0,09:00-09:30,50,0,1,25
21,2025-01-21,6,0,09:00-09:30,50,1,0,26
21,2025-01-21,6,0,09:00-09:30,50,1,0,27
21,2025-01-21,6,0,09:00-09:30,50,1,0,28
21,2025-01-21,6,0,09:00-09:30,50,0,1,29
21,2025-01-21,6,0,09:00-09:30,50,1,0,30
21,2025-01-21,6,0,09:00-09:30,50,1,0,31
21,2025-01-21,6,0,09:00-09:30,50,1,0,32
21,2025-01-21,6,0,09:00-09:30,50,0,1,33
21,2025-01-21,6,0,09:00-09:30,50,0,1,34
21,2025-01-21,6,0,09:00-09:30,50,1,0,35
21,2025-01-21,6,0,09:00-09:30,50,1,0,36
21,2025-01-21,6,0,09:00-09:30,50,0,1,37
21,2025-01-21,6,0,09:00-09:30,50,0,1,38
21,2025-01-21,6,0,09:00-09:30,50,0,1,39
21,2025-01-21,6,0,09:00-09:30,50,1,0,40
21,2025-01-21,6,0,09:00-09:30,50,1,0,41
21,2025-01-21,6,0,09:00-09:30,50,1,0,42
21,2025-01-21,6,0,09:00-09:30,50,1,0,43
21,2025-01-21,6,0,09:00-09:30,50,1,0,44
21,2025-01-21,6,0,09:00-09:30,50,1,0,45
21,2025-01-21,6,0,09:00-09:30,50,0,1,46
21,2025-01-21,6,0,09:00-09:30,50,1,0,47
21,2025-01-21,6,0,09:00-09:30,50,0,1,48
21,2025-01-21,6,0,09:00-09:30,50,0,1,49
21,2025-01-21,6,0,09:00-09:30,50,1,0,50
21,2025-01-21,6,0,09:30-10:00,50,1,0,1
21,2025-01-21,6,0,09:30-10:00,50,0,1,2
21,2025-01-21,6,0,09:30-10:00,50,0,1,3
21,2025-01-21,6,0,09:30-10:00,50,0,1,4
21,2025-01-21,6,0,09:30-10:00,50,0,1,5
21,2025-01-21,6,0,09:30-10:00,50,0,1,6
21,2025-01-21,6,0,09:30-10:00,50,1,0,7
21,2025-01-21,6,0,09:30-10:00,50,0,1,8
21,2025-01-21,6,0,09:30-10:00,50,1,0,9
21,2025-01-21,6,0,09:30-10:00,50,1,0,10
21,2025-01-21,6,0,09:30-10:00,50,1,0,11
21,2025-01-21,6,0,09:30-10:00,50,1,0,12
21,2025-01-21,6,0,09:30-10:00,50,0,1,13
21,2025-01-21,6,0,09:30-10:00,50,0,1,14
21,2025-01-21,6,0,09:30-10:00,50,1,0,15
21,2025-01-21,6,0,09:30-10:00,50,1,0,16
21,2025-01-21,6,0,09:30-10:00,50,0,1,17
21,2025-01-21,6,0,09:30-10:00,50,0,1,18
21,2025-01-21,6,0,09:30-10:00,50,0,1,19
21,2025-01-21,6,0,09:30-10:00,50,0,1,20
21,2025-01-21,6,0,09:30-10:00,50,1,0,21
21,2025-01-21,6,0,09:30-10:00,50,1,0,22
21,2025-01-21,6,0,09:30-10:00,50,0,1,23
21,2025-01-21,6,0,09:30-10:00,50,0,1,24
21,2025-01-21,6,0,09:30-10:00,50,1,0,25
21,2025-01-21,6,0,09:30-10:00,50,1,0,26
21,2025-01-21,6,0,09:30-10:00,50,0,1,27
21,2025-01-21,6,0,09:30-10:00,50,0,1,28
21,2025-01-21,6,0,09:30-10:00,50,1,0,29
21,2025-01-21,6,0,09:30-10:00,50,0,1,30
21,2025-01-21,6,0,09:30-10:00,50,0,1,31
21,2025-01-21,6,0,09:30-10:00,50,1,0,32
21,2025-01-21,6,0,09:30-10:00,50,0,1,33
21,2025-01-21,6,0,09:30-10:00,50,0,1,34
21,2025-01-21,6,0,09:30-10:00,50,0,1,35
21,2025-01-21,6,0,09:30-10:00,50,1,0,36
21,2025-01-21,6,0,09:30-10:00,50,0,1,37
21,2025-01-21,6,0,09:30-10:00,50,0,1,38
21,2025-01-21,6,0,09:30-10:00,50,1,0,39
21,2025-01-21,6,0,09:30-10:00,50,1,0,40
21,2025-01-21,6,0,09:30-10:00,50,1,0,41
21,2025-01-21,6,0,09:30-10:00,50,0,1,42
21,2025-01-21,6,0,09:30-10:00,50,0,1,43
21,2025-01-21,6,0,09:30-10:00,50,1,0,44
21,2025-01-21,6,0,09:30-10:00,50,1,0,45
21,2025-01-21,6,0,09:30-10:00,50,0,1,46
21,2025-01-21,6,0,09:30-10:00,50,1,0,47
21,2025-01-21,6,0,09:30-10:00,50,1,0,48
21,2025-01-21,6,0,09:30-10:00,50,0,1,49
21,2025-01-21,6,0,09:30-10:00,50,0,1,50
21,2025-01-21,6,0,16:00-16:30,50,1,0,1
21,2025-01-21,6,0,16:00-16:30,50,1,0,2
21,2025-01-21,6,0,16:00-16:30,50,0,1,3
21,2025-01-21,6,0,16:00-16:30,50,0,1,4
21,2025-01-21,6,0,16:00-16:30,50,1,0,5
21,2025-01-21,6,0,16:00-16:30,50,0,1,6
21,2025-01-21,6,0,16:00-16:30,50,1,0,7
21,2025-01-21,6,0,16:00-16:30,50,1,0,8
21,2025-01-21,6,0,16:00-16:30,50,0,1,9
21,2025-01-21,6,0,16:00-16:30,50,1,0,10
21,2025-01-21,6,0,16:00-16:30,50,0,1,11
21,2025-01-21,6,0,16:00-16:30,50,0,1,12
21,2025-01-21,6,0,16:00-16:30,50,1,0,13
21,2025-01-21,6,0,16:00-16:30,50,1,0,14
21,2025-01-21,6,0,16:00-16:30,50,0,1,15
21,2025-01-21,6,0,16:00-16:30,50,1,0,16
21,2025-01-21,6,0,16:00-16:30,50,0,1,17
21,2025-01-21,6,0,16:00-16:30,50,1,0,18
21,2025-01-21,6,0,16:00-16:30,50,0,1,19
21,2025-01-21,6,0,16:00-16:30,50,0,1,20
21,2025-01-21,6,0,16:00-16:30,50,0,1,21
21,2025-01-21,6,0,16:00-16:30,50,1,0,22
21,2025-01-21,6,0,16:00-16:30,50,1,0,23
21,2025-01-21,6,0,16:00-16:30,50,1,0,24
21,2025-01-21,6,0,16:00-16:30,50,1,0,25
21,2025-01-21,6,0,16:00-16:30,50,0,1,26
21,2025-01-21,6,0,16:00-16:30,50,1,0,27
21,2025-01-21,6,0,16:00-16:30,50,1,0,28
21,2025-01-21,6,0,16:00-16:30,50,1,0,29
21,2025-01-21,6,0,16:00-16:30,50,1,0,30
21,2025-01-21,6,0,16:00-16:30,50,0,1,31
21,2025-01-21,6,0,16:00-16:30,50,1,0,32
21,2025-01-21,6,0,16:00-16:30,50,0,1,33
21,2025-01-21,6,0,16:00-16:30,50,1,0,34
21,2025-01-21,6,0,16:00-16:30,50,0,1,35
21,2025-01-21,6,0,16:00-16:30,50,1,0,36
21,2025-01-21,6,0,16:00-16:30,50,1,0,37
21,2025-01-21,6,0,16:00-16:30,50,0,1,38
21,2025-01-21,6,0,16:00-16:30,50,1,0,39
21,2025-01-21,6,0,16:00-16:30,50,0,1,40
21,2025-01-21,6,0,16:00-16:30,50,1,0,41
21,2025-01-21,6,0,16:00-16:30,50,0,1,42
21,2025-01-21,6,0,16:00-16:30,50,0,1,43
21,2025-01-21,6,0,16:00-16:30,50,1,0,44
21,2025-01-21,6,0,16:00-16:30,50,1,0,45
21,2025-01-21,6,0,16:00-16:30,50,0,1,46
21,2025-01-21,6,0,16:00-16:30,50,1,0,47
21,2025-01-21,6,0,16:00-16:30,50,1,0,48
21,2025-01-21,6,0,16:00-16:30,50,0,1,49
21,2025-01-21,6,0,16:00-16:30,50,1,0,50
21,2025-01-21,6,0,16:30-17:00,50,1,0,1
21,2025-01-21,6,0,16:30-17:00,50,1,0,2
21,2025-01-21,6,0,16:30-17:00,50,0,1,3
21,2025-01-21,6,0,16:30-17:00,50,0,1,4
21,2025-01-21,6,0,16:30-17:00,50,1,0,5
21,2025-01-21,6,0,16:30-17:00,50,0,1,6
21,2025-01-21,6,0,16:30-17:00,50,1,0,7
21,2025-01-21,6,0,16:30-17:00,50,0,1,8
21,2025-01-21,6,0,16:30-17:00,50,0,1,9
21,2025-01-21,6,0,16:30-17:00,50,1,0,10
21,2025-01-21,6,0,16:30-17:00,50,0,1,11
21,2025-01-21,6,0,16:30-17:00,50,1,0,12
21,2025-01-21,6,0,16:30-17:00,50,1,0,13
21,2025-01-21,6,0,16:30-17:00,50,1,0,14
21,2025-01-21,6,0,16:30-17:00,50,1,0,15
21,2025-01-21,6,0,16:30-17:00,50,0,1,16
21,2025-01-21,6,0,16:30-17:00,50,0,1,17
21,2025-01-21,6,0,16:30-17:00,50,1,0,18
21,2025-01-21,6,0,16:30-17:00,50,1,0,19
21,2025-01-21,6,0,16:30-17:00,50,0,1,20
21,2025-01-21,6,0,16:30-17:00,50,1,0,21
21,2025-01-21,6,0,16:30-17:00,50,1,0,22
21,2025-01-21,6,0,16:30-17:00,50,1,0,23
21,2025-01-21,6,0,16:30-17:00,50,0,1,24
21,2025-01-21,6,0,16:30-17:00,50,1,0,25
21,2025-01-21,6,0,16:30-17:00,50,0,1,26
21,2025-01-21,6,0,16:30-17:00,50,0,1,27
21,2025-01-21,6,0,16:30-17:00,50,0,1,28
21,2025-01-21,6,0,16:30-17:00,50,1,0,29
21,2025-01-21,6,0,16:30-17:00,50,1,0,30
21,2025-01-21,6,0,16:30-17:00,50,0,1,31
21,2025-01-21,6,0,16:30-17:00,50,1,0,32
21,2025-01-21,6,0,16:30-17:00,50,0,1,33
21,2025-01-21,6,0,16:30-17:00,50,0,1,34
21,2025-01-21,6,0,16:30-17:00,50,0,1,35
21,2025-01-21,6,0,16:30-17:00,50,1,0,36
21,2025-01-21,6,0,16:30-17:00,50,1,0,37
21,2025-01-21,6,0,16:30-17:00,50,1,0,38
21,2025-01-21,6,0,16:30-17:00,50,1,0,39
21,2025-01-21,6,0,16:30-17:00,50,0,1,40
21,2025-01-21,6,0,16:30-17:00,50,1,0,41
21,2025-01-21,6,0,16:30-17:00,50,0,1,42
21,2025-01-21,6,0,16:30-17:00,50,1,0,43
21,2025-01-21,6,0,16:30-17:00,50,1,0,44
21,2025-01-21,6,0,16:30-17:00,50,1,0,45
21,2025-01-21,6,0,16:30-17:00,50,1,0,46
21,2025-01-21,6,0,16:30-17:00,50,1,0,47
21,2025-01-21,6,0,16:30-17:00,50,1,0,48
21,2025-01-21,6,0,16:30-17:00,50,1,0,49
21,2025-01-21,6,0,16:30-17:00,50,0,1,50
21,2025-01-21,6,0,17:00-17:30,50,1,0,1
21,2025-01-21,6,0,17:00-17:30,50,1,0,2
21,2025-01-21,6,0,17:00-17:30,50,0,1,3
21,2025-01-21,6,0,17:00-17:30,50,0,1,4
21,2025-01-21,6,0,17:00-17:30,50,1,0,5
21,2025-01-21,6,0,17:00-17:30,50,0,1,6
21,2025-01-21,6,0,17:00-17:30,50,1,0,7
21,2025-01-21,6,0,17:00-17:30,50,0,1,8
21,2025-01-21,6,0,17:00-17:30,50,0,1,9
21,2025-01-21,6,0,17:00-17:30,50,1,0,10
21,2025-01-21,6,0,17:00-17:30,50,1,0,11
21,2025-01-21,6,0,17:00-17:30,50,1,0,12
21,2025-01-21,6,0,17:00-17:30,50,1,0,13
21,2025-01-21,6,0,17:00-17:30,50,1,0,14
21,2025-01-21,6,0,17:00-17:30,50,1,0,15
21,2025-01-21,6,0,17:00-17:30,50,1,0,16
21,2025-01-21,6,0,17:00-17:30,50,1,0,17
21,2025-01-21,6,0,17:00-17:30,50,1,0,18
21,2025-01-21,6,0,17:00-17:30,50,0,1,19
21,2025-01-21,6,0,17:00-17:30,50,0,1,20
21,2025-01-21,6,0,17:00-17:30,50,1,0,21
21,2025-01-21,6,0,17:00-17:30,50,0,1,22
21,2025-01-21,6,0,17:00-17:30,50,1,0,23
21,2025-01-21,6,0,17:00-17:30,50,0,1,24
21,2025-01-21,6,0,17:00-17:30,50,0,1,25
21,2025-01-21,6,0,17:00-17:30,50,0,1,26
21,2025-01-21,6,0,17:00-17:30,50,0,1,27
21,2025-01-21,6,0,17:00-17:30,50,1,0,28
21,2025-01-21,6,0,17:00-17:30,50,0,1,29
21,2025-01-21,6,0,17:00-17:30,50,1,0,30
21,2025-01-21,6,0,17:00-17:30,50,0,1,31
21,2025-01-21,6,0,17:00-17:30,50,0,1,32
21,2025-01-21,6,0,17:00-17:30,50,0,1,33
21,2025-01-21,6,0,17:00-17:30,50,1,0,34
21,2025-01-21,6,0,17:00-17:30,50,0,1,35
21,2025-01-21,6,0,17:00-17:30,50,1,0,36
21,2025-01-21,6,0,17:00-17:30,50,0,1,37
21,2025-01-21,6,0,17:00-17:30,50,0,1,38
21,2025-01-21,6,0,17:00-17:30,50,1,0,39
21,2025-01-21,6,0,17:00-17:30,50,1,0,40
21,2025-01-21,6,0,17:00-17:30,50,0,1,41
21,2025-01-21,6,0,17:00-17:30,50,0,1,42
21,2025-01-21,6,0,17:00-17:30,50,1,0,43
21,2025-01-21,6,0,17:00-17:30,50,1,0,44
21,2025-01-21,6,0,17:00-17:30,50,1,0,45
21,2025-01-21,6,0,17:00-17:30,50,1,0,46
21,2025-01-21,6,0,17:00-17:30,50,1,0,47
21,2025-01-21,6,0,17:00-17:30,50,1,0,48
21,2025-01-21,6,0,17:00-17:30,50,1,0,49
21,2025-01-21,6,0,17:00-17:30,50,0,1,50
21,2025-01-21,6,0,17:30-18:00,50,0,1,1
21,2025-01-21,6,0,17:30-18:00,50,1,0,2
21,2025-01-21,6,0,17:30-18:00,50,1,0,3
21,2025-01-21,6,0,17:30-18:00,50,0,1,4
21,2025-01-21,6,0,17:30-18:00,50,1,0,5
21,2025-01-21,6,0,17:30-18:00,50,1,0,6
21,2025-01-21,6,0,17:30-18:00,50,1,0,7
21,2025-01-21,6,0,17:30-18:00,50,0,1,8
21,2025-01-21,6,0,17:30-18:00,50,0,1,9
21,2025-01-21,6,0,17:30-18:00,50,1,0,10
21,2025-01-21,6,0,17:30-18:00,50,0,1,11
21,2025-01-21,6,0,17:30-18:00,50,1,0,12
21,2025-01-21,6,0,17:30-18:00,50,0,1,13
21,2025-01-21,6,0,17:30-18:00,50,0,1,14
21,2025-01-21,6,0,17:30-18:00,50,0,1,15
21,2025-01-21,6,0,17:30-18:00,50,1,0,16
21,2025-01-21,6,0,17:30-18:00,50,1,0,17
21,2025-01-21,6,0,17:30-18:00,50,1,0,18
21,2025-01-21,6,0,17:30-18:00,50,0,1,19
21,2025-01-21,6,0,17:30-18:00,50,1,0,20
21,2025-01-21,6,0,17:30-18:00,50,0,1,21
21,2025-01-21,6,0,17:30-18:00,50,1,0,22
21,2025-01-21,6,0,17:30-18:00,50,0,1,23
21,2025-01-21,6,0,17:30-18:00,50,1,0,24
21,2025-01-21,6,0,17:30-18:00,50,1,0,25
21,2025-01-21,6,0,17:30-18:00,50,1,0,26
21,2025-01-21,6,0,17:30-18:00,50,0,1,27
21,2025-01-21,6,0,17:30-18:00,50,1,0,28
21,2025-01-21,6,0,17:30-18:00,50,1,0,29
21,2025-01-21,6,0,17:30-18:00,50,1,0,30
21,2025-01-21,6,0,17:30-18:00,50,0,1,31
21,2025-01-21,6,0,17:30-18:00,50,0,1,32
21,2025-01-21,6,0,17:30-18:00,50,0,1,33
21,2025-01-21,6,0,17:30-18:00,50,1,0,34
21,2025-01-21,6,0,17:30-18:00,50,0,1,35
21,2025-01-21,6,0,17:30-18:00,50,0,1,36
21,2025-01-21,6,0,17:30-18:00,50,1,0,37
21,2025-01-21,6,0,17:30-18:00,50,1,0,38
21,2025-01-21,6,0,17:30-18:00,50,0,1,39
21,2025-01-21,6,0,17:30-18:00,50,0,1,40
21,2025-01-21,6,0,17:30-18:00,50,0,1,41
21,2025-01-21,6,0,17:30-18:00,50,0,1,42
21,2025-01-21,6,0,17:30-18:00,50,0,1,43
21,2025-01-21,6,0,17:30-18:00,50,0,1,44
21,2025-01-21,6,0,17:30-18:00,50,0,1,45
21,2025-01-21,6,0,17:30-18:00,50,1,0,46
21,2025-01-21,6,0,17:30-18:00,50,0,1,47
21,2025-01-21,6,0,17:30-18:00,50,1,0,48
21,2025-01-21,6,0,17:30-18:00,50,0,1,49
21,2025-01-21,6,0,17:30-18:00,50,0,1,50
21,2025-01-21,6,0,18:00-18:30,50,0,1,1
21,2025-01-21,6,0,18:00-18:30,50,0,1,2
21,2025-01-21,6,0,18:00-18:30,50,0,1,3
21,2025-01-21,6,0,18:00-18:30,50,0,1,4
21,2025-01-21,6,0,18:00-18:30,50,1,0,5
21,2025-01-21,6,0,18:00-18:30,50,0,1,6
21,2025-01-21,6,0,18:00-18:30,50,1,0,7
21,2025-01-21,6,0,18:00-18:30,50,1,0,8
21,2025-01-21,6,0,18:00-18:30,50,0,1,9
21,2025-01-21,6,0,18:00-18:30,50,0,1,10
21,2025-01-21,6,0,18:00-18:30,50,1,0,11
21,2025-01-21,6,0,18:00-18:30,50,0,1,12
21,2025-01-21,6,0,18:00-18:30,50,0,1,13
21,2025-01-21,6,0,18:00-18:30,50,1,0,14
21,2025-01-21,6,0,18:00-18:30,50,1,0,15
21,2025-01-21,6,0,18:00-18:30,50,1,0,16
21,2025-01-21,6,0,18:00-18:30,50,0,1,17
21,2025-01-21,6,0,18:00-18:30,50,1,0,18
21,2025-01-21,6,0,18:00-18:30,50,1,0,19
21,2025-01-21,6,0,18:00-18:30,50,1,0,20
21,2025-01-21,6,0,18:00-18:30,50,1,0,21
21,2025-01-21,6,0,18:00-18:30,50,0,1,22
21,2025-01-21,6,0,18:00-18:30,50,0,1,23
21,2025-01-21,6,0,18:00-18:30,50,0,1,24
21,2025-01-21,6,0,18:00-18:30,50,0,1,25
21,2025-01-21,6,0,18:00-18:30,50,1,0,26
21,2025-01-21,6,0,18:00-18:30,50,0,1,27
21,2025-01-21,6,0,18:00-18:30,50,1,0,28
21,2025-01-21,6,0,18:00-18:30,50,0,1,29
21,2025-01-21,6,0,18:00-18:30,50,1,0,30
21,2025-01-21,6,0,18:00-18:30,50,1,0,31
21,2025-01-21,6,0,18:00-18:30,50,1,0,32
21,2025-01-21,6,0,18:00-18:30,50,1,0,33
21,2025-01-21,6,0,18:00-18:30,50,1,0,34
21,2025-01-21,6,0,18:00-18:30,50,1,0,35
21,2025-01-21,6,0,18:00-18:30,50,0,1,36
21,2025-01-21,6,0,18:00-18:30,50,0,1,37
21,2025-01-21,6,0,18:00-18:30,50,1,0,38
21,2025-01-21,6,0,18:00-18:30,50,0,1,39
21,2025-01-21,6,0,18:00-18:30,50,1,0,40
21,2025-01-21,6,0,18:00-18:30,50,1,0,41
21,2025-01-21,6,0,18:00-18:30,50,1,0,42
21,2025-01-21,6,0,18:00-18:30,50,0,1,43
21,2025-01-21,6,0,18:00-18:30,50,0,1,44
21,2025-01-21,6,0,18:00-18:30,50,0,1,45
21,2025-01-21,6,0,18:00-18:30,50,0,1,46
21,2025-01-21,6,0,18:00-18:30,50,1,0,47
21,2025-01-21,6,0,18:00-18:30,50,0,1,48
21,2025-01-21,6,0,18:00-18:30,50,0,1,49
21,2025-01-21,6,0,18:00-18:30,50,0,1,50
21,2025-01-21,6,0,18:30-19:00,50,1,0,1
21,2025-01-21,6,0,18:30-19:00,50,0,1,2
21,2025-01-21,6,0,18:30-19:00,50,0,1,3
21,2025-01-21,6,0,18:30-19:00,50,0,1,4
21,2025-01-21,6,0,18:30-19:00,50,0,1,5
21,2025-01-21,6,0,18:30-19:00,50,1,0,6
21,2025-01-21,6,0,18:30-19:00,50,1,0,7
21,2025-01-21,6,0,18:30-19:00,50,1,0,8
21,2025-01-21,6,0,18:30-19:00,50,0,1,9
21,2025-01-21,6,0,18:30-19:00,50,0,1,10
21,2025-01-21,6,0,18:30-19:00,50,0,1,11
21,2025-01-21,6,0,18:30-19:00,50,1,0,12
21,2025-01-21,6,0,18:30-19:00,50,0,1,13
21,2025-01-21,6,0,18:30-19:00,50,0,1,14
21,2025-01-21,6,0,18:30-19:00,50,0,1,15
21,2025-01-21,6,0,18:30-19:00,50,0,1,16
21,2025-01-21,6,0,18:30-19:00,50,0,1,17
21,2025-01-21,6,0,18:30-19:00,50,0,1,18
21,2025-01-21,6,0,18:30-19:00,50,1,0,19
21,2025-01-21,6,0,18:30-19:00,50,0,1,20
21,2025-01-21,6,0,18:30-19:00,50,0,1,21
21,2025-01-21,6,0,18:30-19:00,50,0,1,22
21,2025-01-21,6,0,18:30-19:00,50,0,1,23
21,2025-01-21,6,0,18:30-19:00,50,0,1,24
21,2025-01-21,6,0,18:30-19:00,50,0,1,25
21,2025-01-21,6,0,18:30-19:00,50,1,0,26
21,2025-01-21,6,0,18:30-19:00,50,1,0,27
21,2025-01-21,6,0,18:30-19:00,50,0,1,28
21,2025-01-21,6,0,18:30-19:00,50,1,0,29
21,2025-01-21,6,0,18:30-19:00,50,0,1,30
21,2025-01-21,6,0,18:30-19:00,50,1,0,31
21,2025-01-21,6,0,18:30-19:00,50,1,0,32
21,2025-01-21,6,0,18:30-19:00,50,0,1,33
21,2025-01-21,6,0,18:30-19:00,50,0,1,34
21,2025-01-21,6,0,18:30-19:00,50,1,0,35
21,2025-01-21,6,0,18:30-19:00,50,0,1,36
21,2025-01-21,6,0,18:30-19:00,50,0,1,37
21,2025-01-21,6,0,18:30-19:00,50,0,1,38
21,2025-01-21,6,0,18:30-19:00,50,1,0,39
21,2025-01-21,6,0,18:30-19:00,50,0,1,40
21,2025-01-21,6,0,18:30-19:00,50,0,1,41
21,2025-01-21,6,0,18:30-19:00,50,1,0,42
21,2025-01-21,6,0,18:30-19:00,50,0,1,43
21,2025-01-21,6,0,18:30-19:00,50,0,1,44
21,2025-01-21,6,0,18:30-19:00,50,0,1,45
21,2025-01-21,6,0,18:30-19:00,50,1,0,46
21,2025-01-21,6,0,18:30-19:00,50,1,0,47
21,2025-01-21,6,0,18:30-19:00,50,1,0,48
21,2025-01-21,6,0,18:30-19:00,50,0,1,49
21,2025-01-21,6,0,18:30-19:00,50,0,1,50
22,2025-01-22,0,0,07:00-07:30,50,1,0,1
22,2025-01-22,0,0,07:00-07:30,50,1,0,2
22,2025-01-22,0,0,07:00-07:30,50,0,1,3
22,2025-01-22,0,0,07:00-07:30,50,1,0,4
22,2025-01-22,0,0,07:00-07:30,50,1,0,5
22,2025-01-22,0,0,07:00-07:30,50,0,1,6
22,2025-01-22,0,0,07:00-07:30,50,1,0,7
22,2025-01-22,0,0,07:00-07:30,50,0,1,8
22,2025-01-22,0,0,07:00-07:30,50,1,0,9
22,2025-01-22,0,0,07:00-07:30,50,1,0,10
22,2025-01-22,0,0,07:00-07:30,50,1,0,11
22,2025-01-22,0,0,07:00-07:30,50,1,0,12
22,2025-01-22,0,0,07:00-07:30,50,1,0,13
22,2025-01-22,0,0,07:00-07:30,50,0,1,14
22,2025-01-22,0,0,07:00-07:30,50,1,0,15
22,2025-01-22,0,0,07:00-07:30,50,1,0,16
22,2025-01-22,0,0,07:00-07:30,50,0,1,17
22,2025-01-22,0,0,07:00-07:30,50,1,0,18
22,2025-01-22,0,0,07:00-07:30,50,0,1,19
22,2025-01-22,0,0,07:00-07:30,50,1,0,20
22,2025-01-22,0,0,07:00-07:30,50,1,0,21
22,2025-01-22,0,0,07:00-07:30,50,1,0,22
22,2025-01-22,0,0,07:00-07:30,50,0,1,23
22,2025-01-22,0,0,07:00-07:30,50,0,1,24
22,2025-01-22,0,0,07:00-07:30,50,1,0,25
22,2025-01-22,0,0,07:00-07:30,50,1,0,26
22,2025-01-22,0,0,07:00-07:30,50,1,0,27
22,2025-01-22,0,0,07:00-07:30,50,1,0,28
22,2025-01-22,0,0,07:00-07:30,50,1,0,29
22,2025-01-22,0,0,07:00-07:30,50,0,1,30
22,2025-01-22,0,0,07:00-07:30,50,1,0,31
22,2025-01-22,0,0,07:00-07:30,50,0,1,32
22,2025-01-22,0,0,07:00-07:30,50,1,0,33
22,2025-01-22,0,0,07:00-07:30,50,1,0,34
22,2025-01-22,0,0,07:00-07:30,50,0,1,35
22,2025-01-22,0,0,07:00-07:30,50,1,0,36
22,2025-01-22,0,0,07:00-07:30,50,0,1,37
22,2025-01-22,0,0,07:00-07:30,50,1,0,38
22,2025-01-22,0,0,07:00-07:30,50,1,0,39
22,2025-01-22,0,0,07:00-07:30,50,1,0,40
22,2025-01-22,0,0,07:00-07:30,50,0,1,41
22,2025-01-22,0,0,07:00-07:30,50,1,0,42
22,2025-01-22,0,0,07:00-07:30,50,0,1,43
22,2025-01-22,0,0,07:00-07:30,50,1,0,44
22,2025-01-22,0,0,07:00-07:30,50,0,1,45
22,2025-01-22,0,0,07:00-07:30,50,1,0,46
22,2025-01-22,0,0,07:00-07:30,50,1,0,47
22,2025-01-22,0,0,07:00-07:30,50,1,0,48
22,2025-01-22,0,0,07:00-07:30,50,0,1,49
22,2025-01-22,0,0,07:00-07:30,50,1,0,50
22,2025-01-22,0,0,07:30-08:00,50,1,0,1
22,2025-01-22,0,0,07:30-08:00,50,0,1,2
22,2025-01-22,0,0,07:30-08:00,50,1,0,3
22,2025-01-22,0,0,07:30-08:00,50,1,0,4
22,2025-01-22,0,0,07:30-08:00,50,1,0,5
22,2025-01-22,0,0,07:30-08:00,50,1,0,6
22,2025-01-22,0,0,07:30-08:00,50,0,1,7
22,2025-01-22,0,0,07:30-08:00,50,1,0,8
22,2025-01-22,0,0,07:30-08:00,50,0,1,9
22,2025-01-22,0,0,07:30-08:00,50,1,0,10
22,2025-01-22,0,0,07:30-08:00,50,1,0,11
22,2025-01-22,0,0,07:30-08:00,50,1,0,12
22,2025-01-22,0,0,07:30-08:00,50,1,0,13
22,2025-01-22,0,0,07:30-08:00,50,0,1,14
22,2025-01-22,0,0,07:30-08:00,50,1,0,15
22,2025-01-22,0,0,07:30-08:00,50,1,0,16
22,2025-01-22,0,0,07:30-08:00,50,1,0,17
22,2025-01-22,0,0,07:30-08:00,50,1,0,18
22,2025-01-22,0,0,07:30-08:00,50,1,0,19
22,2025-01-22,0,0,07:30-08:00,50,0,1,20
22,2025-01-22,0,0,07:30-08:00,50,0,1,21
22,2025-01-22,0,0,07:30-08:00,50,1,0,22
22,2025-01-22,0,0,07:30-08:00,50,0,1,23
22,2025-01-22,0,0,07:30-08:00,50,1,0,24
22,2025-01-22,0,0,07:30-08:00,50,1,0,25
22,2025-01-22,0,0,07:30-08:00,50,0,1,26
22,2025-01-22,0,0,07:30-08:00,50,0,1,27
22,2025-01-22,0,0,07:30-08:00,50,0,1,28
22,2025-01-22,0,0,07:30-08:00,50,0,1,29
22,2025-01-22,0,0,07:30-08:00,50,1,0,30
22,2025-01-22,0,0,07:30-08:00,50,1,0,31
22,2025-01-22,0,0,07:30-08:00,50,1,0,32
22,2025-01-22,0,0,07:30-08:00,50,1,0,33
22,2025-01-22,0,0,07:30-08:00,50,1,0,34
22,2025-01-22,0,0,07:30-08:00,50,1,0,35
22,2025-01-22,0,0,07:30-08:00,50,0,1,36
22,2025-01-22,0,0,07:30-08:00,50,1,0,37
22,2025-01-22,0,0,07:30-08:00,50,1,0,38
22,2025-01-22,0,0,07:30-08:00,50,0,1,39
22,2025-01-22,0,0,07:30-08:00,50,1,0,40
22,2025-01-22,0,0,07:30-08:00,50,1,0,41
22,2025-01-22,0,0,07:30-08:00,50,1,0,42
22,2025-01-22,0,0,07:30-08:00,50,0,1,43
22,2025-01-22,0,0,07:30-08:00,50,1,0,44
22,2025-01-22,0,0,07:30-08:00,50,1,0,45
22,2025-01-22,0,0,07:30-08:00,50,1,0,46
22,2025-01-22,0,0,07:30-08:00,50,1,0,47
22,2025-01-22,0,0,07:30-08:00,50,1,0,48
22,2025-01-22,0,0,07:30-08:00,50,1,0,49
22,2025-01-22,0,0,07:30-08:00,50,0,1,50
22,2025-01-22,0,0,08:00-08:30,50,0,1,1
22,2025-01-22,0,0,08:00-08:30,50,0,1,2
22,2025-01-22,0,0,08:00-08:30,50,1,0,3
22,2025-01-22,0,0,08:00-08:30,50,1,0,4
22,2025-01-22,0,0,08:00-08:30,50,0,1,5
22,2025-01-22,0,0,08:00-08:30,50,0,1,6
22,2025-01-22,0,0,08:00-08:30,50,1,0,7
22,2025-01-22,0,0,08:00-08:30,50,0,1,8
22,2025-01-22,0,0,08:00-08:30,50,1,0,9
22,2025-01-22,0,0,08:00-08:30,50,1,0,10
22,2025-01-22,0,0,08:00-08:30,50,1,0,11
22,2025-01-22,0,0,08:00-08:30,50,1,0,12
22,2025-01-22,0,0,08:00-08:30,50,0,1,13
22,2025-01-22,0,0,08:00-08:30,50,1,0,14
22,2025-01-22,0,0,08:00-08:30,50,0,1,15
22,2025-01-22,0,0,08:00-08:30,50,0,1,16
22,2025-01-22,0,0,08:00-08:30,50,1,0,17
22,2025-01-22,0,0,08:00-08:30,50,0,1,18
22,2025-01-22,0,0,08:00-08:30,50,1,0,19
22,2025-01-22,0,0,08:00-08:30,50,1,0,20
22,2025-01-22,0,0,08:00-08:30,50,1,0,21
22,2025-01-22,0,0,08:00-08:30,50,0,1,22
22,2025-01-22,0,0,08:00-08:30,50,1,0,23
22,2025-01-22,0,0,08:00-08:30,50,0,1,24
22,2025-01-22,0,0,08:00-08:30,50,1,0,25
22,2025-01-22,0,0,08:00-08:30,50,1,0,26
22,2025-01-22,0,0,08:00-08:30,50,1,0,27
22,2025-01-22,0,0,08:00-08:30,50,1,0,28
22,2025-01-22,0,0,08:00-08:30,50,1,0,29
22,2025-01-22,0,0,08:00-08:30,50,0,1,30
22,2025-01-22,0,0,08:00-08:30,50,1,0,31
22,2025-01-22,0,0,08:00-08:30,50,0,1,32
22,2025-01-22,0,0,08:00-08:30,50,0,1,33
22,2025-01-22,0,0,08:00-08:30,50,1,0,34
22,2025-01-22,0,0,08:00-08:30,50,1,0,35
22,2025-01-22,0,0,08:00-08:30,50,1,0,36
22,2025-01-22,0,0,08:00-08:30,50,1,0,37
22,2025-01-22,0,0,08:00-08:30,50,1,0,38
22,2025-01-22,0,0,08:00-08:30,50,1,0,39
22,2025-01-22,0,0,08:00-08:30,50,1,0,40
22,2025-01-22,0,0,08:00-08:30,50,1,0,41
22,2025-01-22,0,0,08:00-08:30,50,1,0,42
22,2025-01-22,0,0,08:00-08:30,50,0,1,43
22,2025-01-22,0,0,08:00-08:30,50,0,1,44
22,2025-01-22,0,0,08:00-08:30,50,0,1,45
22,2025-01-22,0,0,08:00-08:30,50,0,1,46
22,2025-01-22,0,0,08:00-08:30,50,1,0,47
22,2025-01-22,0,0,08:00-08:30,50,1,0,48
22,2025-01-22,0,0,08:00-08:30,50,1,0,49
22,2025-01-22,0,0,08:00-08:30,50,1,0,50
22,2025-01-22,0,0,08:30-09:00,50,1,0,1
22,2025-01-22,0,0,08:30-09:00,50,0,1,2
22,2025-01-22,0,0,08:30-09:00,50,0,1,3
22,2025-01-22,0,0,08:30-09:00,50,1,0,4
22,2025-01-22,0,0,08:30-09:00,50,1,0,5
22,2025-01-22,0,0,08:30-09:00,50,1,0,6
22,2025-01-22,0,0,08:30-09:00,50,1,0,7
22,2025-01-22,0,0,08:30-09:00,50,1,0,8
22,2025-01-22,0,0,08:30-09:00,50,1,0,9
22,2025-01-22,0,0,08:30-09:00,50,0,1,10
22,2025-01-22,0,0,08:30-09:00,50,0,1,11
22,2025-01-22,0,0,08:30-09:00,50,0,1,12
22,2025-01-22,0,0,08:30-09:00,50,1,0,13
22,2025-01-22,0,0,08:30-09:00,50,1,0,14
22,2025-01-22,0,0,08:30-09:00,50,1,0,15
22,2025-01-22,0,0,08:30-09:00,50,1,0,16
22,2025-01-22,0,0,08:30-09:00,50,1,0,17
22,2025-01-22,0,0,08:30-09:00,50,0,1,18
22,2025-01-22,0,0,08:30-09:00,50,1,0,19
22,2025-01-22,0,0,08:30-09:00,50,0,1,20
22,2025-01-22,0,0,08:30-09:00,50,1,0,21
22,2025-01-22,0,0,08:30-09:00,50,1,0,22
22,2025-01-22,0,0,08:30-09:00,50,0,1,23
22,2025-01-22,0,0,08:30-09:00,50,1,0,24
22,2025-01-22,0,0,08:30-09:00,50,1,0,25
22,2025-01-22,0,0,08:30-09:00,50,1,0,26
22,2025-01-22,0,0,08:30-09:00,50,1,0,27
22,2025-01-22,0,0,08:30-09:00,50,1,0,28
22,2025-01-22,0,0,08:30-09:00,50,1,0,29
22,2025-01-22,0,0,08:30-09:00,50,1,0,30
22,2025-01-22,0,0,08:30-09:00,50,1,0,31
22,2025-01-22,0,0,08:30-09:00,50,0,1,32
22,2025-01-22,0,0,08:30-09:00,50,1,0,33
22,2025-01-22,0,0,08:30-09:00,50,0,1,34
22,2025-01-22,0,0,08:30-09:00,50,0,1,35
22,2025-01-22,0,0,08:30-09:00,50,1,0,36
22,2025-01-22,0,0,08:30-09:00,50,0,1,37
22,2025-01-22,0,0,08:30-09:00,50,0,1,38
22,2025-01-22,0,0,08:30-09:00,50,1,0,39
22,2025-01-22,0,0,08:30-09:00,50,0,1,40
22,2025-01-22,0,0,08:30-09:00,50,1,0,41
22,2025-01-22,0,0,08:30-09:00,50,0,1,42
22,2025-01-22,0,0,08:30-09:00,50,1,0,43
22,2025-01-22,0,0,08:30-09:00,50,1,0,44
22,2025-01-22,0,0,08:30-09:00,50,0,1,45
22,2025-01-22,0,0,08:30-09:00,50,0,1,46
22,2025-01-22,0,0,08:30-09:00,50,1,0,47
22,2025-01-22,0,0,08:30-09:00,50,1,0,48
22,2025-01-22,0,0,08:30-09:00,50,0,1,49
22,2025-01-22,0,0,08:30-09:00,50,1,0,50
22,2025-01-22,0,0,09:00-09:30,50,1,0,1
22,2025-01-22,0,0,09:00-09:30,50,1,0,2
22,2025-01-22,0,0,09:00-09:30,50,1,0,3
22,2025-01-22,0,0,09:00-09:30,50,0,1,4
22,2025-01-22,0,0,09:00-09:30,50,0,1,5
22,2025-01-22,0,0,09:00-09:30,50,0,1,6
22,2025-01-22,0,0,09:00-09:30,50,1,0,7
22,2025-01-22,0,0,09:00-09:30,50,1,0,8
22,2025-01-22,0,0,09:00-09:30,50,0,1,9
22,2025-01-22,0,0,09:00-09:30,50,1,0,10
22,2025-01-22,0,0,09:00-09:30,50,1,0,11
22,2025-01-22,0,0,09:00-09:30,50,1,0,12
22,2025-01-22,0,0,09:00-09:30,50,1,0,13
22,2025-01-22,0,0,09:00-09:30,50,0,1,14
22,2025-01-22,0,0,09:00-09:30,50,0,1,15
22,2025-01-22,0,0,09:00-09:30,50,0,1,16
22,2025-01-22,0,0,09:00-09:30,50,0,1,17
22,2025-01-22,0,0,09:00-09:30,50,1,0,18
22,2025-01-22,0,0,09:00-09:30,50,1,0,19
22,2025-01-22,0,0,09:00-09:30,50,0,1,20
22,2025-01-22,0,0,09:00-09:30,50,0,1,21
22,2025-01-22,0,0,09:00-09:30,50,0,1,22
22,2025-01-22,0,0,09:00-09:30,50,1,0,23
22,2025-01-22,0,0,09:00-09:30,50,0,1,24
22,2025-01-22,0,0,09:00-09:30,50,1,0,25
22,2025-01-22,0,0,09:00-09:30,50,1,0,26
22,2025-01-22,0,0,09:00-09:30,50,1,0,27
22,2025-01-22,0,0,09:00-09:30,50,1,0,28
22,2025-01-22,0,0,09:00-09:30,50,0,1,29
22,2025-01-22,0,0,09:00-09:30,50,1,0,30
22,2025-01-22,0,0,09:00-09:30,50,1,0,31
22,2025-01-22,0,0,09:00-09:30,50,0,1,32
22,2025-01-22,0,0,09:00-09:30,50,0,1,33
22,2025-01-22,0,0,09:00-09:30,50,1,0,34
22,2025-01-22,0,0,09:00-09:30,50,1,0,35
22,2025-01-22,0,0,09:00-09:30,50,0,1,36
22,2025-01-22,0,0,09:00-09:30,50,0,1,37
22,2025-01-22,0,0,09:00-09:30,50,0,1,38
22,2025-01-22,0,0,09:00-09:30,50,0,1,39
22,2025-01-22,0,0,09:00-09:30,50,1,0,40
22,2025-01-22,0,0,09:00-09:30,50,0,1,41
22,2025-01-22,0,0,09:00-09:30,50,0,1,42
22,2025-01-22,0,0,09:00-09:30,50,0,1,43
22,2025-01-22,0,0,09:00-09:30,50,0,1,44
22,2025-01-22,0,0,09:00-09:30,50,0,1,45
22,2025-01-22,0,0,09:00-09:30,50,1,0,46
22,2025-01-22,0,0,09:00-09:30,50,0,1,47
22,2025-01-22,0,0,09:00-09:30,50,0,1,48
22,2025-01-22,0,0,09:00-09:30,50,1,0,49
22,2025-01-22,0,0,09:00-09:30,50,1,0,50
22,2025-01-22,0,0,09:30-10:00,50,1,0,1
22,2025-01-22,0,0,09:30-10:00,50,1,0,2
22,2025-01-22,0,0,09:30-10:00,50,0,1,3
22,2025-01-22,0,0,09:30-10:00,50,0,1,4
22,2025-01-22,0,0,09:30-10:00,50,0,1,5
22,2025-01-22,0,0,09:30-10:00,50,0,1,6
22,2025-01-22,0,0,09:30-10:00,50,1,0,7
22,2025-01-22,0,0,09:30-10:00,50,0,1,8
22,2025-01-22,0,0,09:30-10:00,50,1,0,9
22,2025-01-22,0,0,09:30-10:00,50,1,0,10
22,2025-01-22,0,0,09:30-10:00,50,1,0,11
22,2025-01-22,0,0,09:30-10:00,50,0,1,12
22,2025-01-22,0,0,09:30-10:00,50,1,0,13
22,2025-01-22,0,0,09:30-10:00,50,1,0,14
22,2025-01-22,0,0,09:30-10:00,50,0,1,15
22,2025-01-22,0,0,09:30-10:00,50,1,0,16
22,2025-01-22,0,0,09:30-10:00,50,0,1,17
22,2025-01-22,0,0,09:30-10:00,50,0,1,18
22,2025-01-22,0,0,09:30-10:00,50,0,1,19
22,2025-01-22,0,0,09:30-10:00,50,0,1,20
22,2025-01-22,0,0,09:30-10:00,50,0,1,21
22,2025-01-22,0,0,09:30-10:00,50,1,0,22
22,2025-01-22,0,0,09:30-10:00,50,1,0,23
22,2025-01-22,0,0,09:30-10:00,50,0,1,24
22,2025-01-22,0,0,09:30-10:00,50,1,0,25
22,2025-01-22,0,0,09:30-10:00,50,0,1,26
22,2025-01-22,0,0,09:30-10:00,50,1,0,27
22,2025-01-22,0,0,09:30-10:00,50,1,0,28
22,2025-01-22,0,0,09:30-10:00,50,1,0,29
22,2025-01-22,0,0,09:30-10:00,50,0,1,30
22,2025-01-22,0,0,09:30-10:00,50,0,1,31
22,2025-01-22,0,0,09:30-10:00,50,0,1,32
22,2025-01-22,0,0,09:30-10:00,50,1,0,33
22,2025-01-22,0,0,09:30-10:00,50,1,0,34
22,2025-01-22,0,0,09:30-10:00,50,1,0,35
22,2025-01-22,0,0,09:30-10:00,50,0,1,36
22,2025-01-22,0,0,09:30-10:00,50,1,0,37
22,2025-01-22,0,0,09:30-10:00,50,1,0,38
22,2025-01-22,0,0,09:30-10:00,50,1,0,39
22,2025-01-22,0,0,09:30-10:00,50,1,0,40
22,2025-01-22,0,0,09:30-10:00,50,0,1,41
22,2025-01-22,0,0,09:30-10:00,50,0,1,42
22,2025-01-22,0,0,09:30-10:00,50,0,1,43
22,2025-01-22,0,0,09:30-10:00,50,1,0,44
22,2025-01-22,0,0,09:30-10:00,50,0,1,45
22,2025-01-22,0,0,09:30-10:00,50,0,1,46
22,2025-01-22,0,0,09:30-10:00,50,1,0,47
22,2025-01-22,0,0,09:30-10:00,50,0,1,48
22,2025-01-22,0,0,09:30-10:00,50,1,0,49
22,2025-01-22,0,0,09:30-10:00,50,1,0,50
22,2025-01-22,0,0,16:00-16:30,50,0,1,1
22,2025-01-22,0,0,16:00-16:30,50,0,1,2
22,2025-01-22,0,0,16:00-16:30,50,1,0,3
22,2025-01-22,0,0,16:00-16:30,50,0,1,4
22,2025-01-22,0,0,16:00-16:30,50,1,0,5
22,2025-01-22,0,0,16:00-16:30,50,1,0,6
22,2025-01-22,0,0,16:00-16:30,50,0,1,7
22,2025-01-22,0,0,16:00-16:30,50,0,1,8
22,2025-01-22,0,0,16:00-16:30,50,1,0,9
22,2025-01-22,0,0,16:00-16:30,50,1,0,10
22,2025-01-22,0,0,16:00-16:30,50,1,0,11
22,2025-01-22,0,0,16:00-16:30,50,1,0,12
22,2025-01-22,0,0,16:00-16:30,50,0,1,13
22,2025-01-22,0,0,16:00-16:30,50,1,0,14
22,2025-01-22,0,0,16:00-16:30,50,0,1,15
22,2025-01-22,0,0,16:00-16:30,50,1,0,16
22,2025-01-22,0,0,16:00-16:30,50,1,0,17
22,2025-01-22,0,0,16:00-16:30,50,1,0,18
22,2025-01-22,0,0,16:00-16:30,50,1,0,19
22,2025-01-22,0,0,16:00-16:30,50,1,0,20
22,2025-01-22,0,0,16:00-16:30,50,0,1,21
22,2025-01-22,0,0,16:00-16:30,50,1,0,22
22,2025-01-22,0,0,16:00-16:30,50,1,0,23
22,2025-01-22,0,0,16:00-16:30,50,0,1,24
22,2025-01-22,0,0,16:00-16:30,50,1,0,25
22,2025-01-22,0,0,16:00-16:30,50,1,0,26
22,2025-01-22,0,0,16:00-16:30,50,1,0,27
22,2025-01-22,0,0,16:00-16:30,50,0,1,28
22,2025-01-22,0,0,16:00-16:30,50,1,0,29
22,2025-01-22,0,0,16:00-16:30,50,1,0,30
22,2025-01-22,0,0,16:00-16:30,50,0,1,31
22,2025-01-22,0,0,16:00-16:30,50,1,0,32
22,2025-01-22,0,0,16:00-16:30,50,1,0,33
22,2025-01-22,0,0,16:00-16:30,50,1,0,34
22,2025-01-22,0,0,16:00-16:30,50,1,0,35
22,2025-01-22,0,0,16:00-16:30,50,1,0,36
22,2025-01-22,0,0,16:00-16:30,50,1,0,37
22,2025-01-22,0,0,16:00-16:30,50,1,0,38
22,2025-01-22,0,0,16:00-16:30,50,1,0,39
22,2025-01-22,0,0,16:00-16:30,50,0,1,40
22,2025-01-22,0,0,16:00-16:30,50,0,1,41
22,2025-01-22,0,0,16:00-16:30,50,1,0,42
22,2025-01-22,0,0,16:00-16:30,50,1,0,43
22,2025-01-22,0,0,16:00-16:30,50,1,0,44
22,2025-01-22,0,0,16:00-16:30,50,1,0,45
22,2025-01-22,0,0,16:00-16:30,50,1,0,46
22,2025-01-22,0,0,16:00-16:30,50,0,1,47
22,2025-01-22,0,0,16:00-16:30,50,0,1,48
22,2025-01-22,0,0,16:00-16:30,50,1,0,49
22,2025-01-22,0,0,16:00-16:30,50,1,0,50
22,2025-01-22,0,0,16:30-17:00,50,0,1,1
22,2025-01-22,0,0,16:30-17:00,50,1,0,2
22,2025-01-22,0,0,16:30-17:00,50,0,1,3
22,2025-01-22,0,0,16:30-17:00,50,1,0,4
22,2025-01-22,0,0,16:30-17:00,50,0,1,5
22,2025-01-22,0,0,16:30-17:00,50,0,1,6
22,2025-01-22,0,0,16:30-17:00,50,1,0,7
22,2025-01-22,0,0,16:30-17:00,50,1,0,8
22,2025-01-22,0,0,16:30-17:00,50,0,1,9
22,2025-01-22,0,0,16:30-17:00,50,0,1,10
22,2025-01-22,0,0,16:30-17:00,50,1,0,11
22,2025-01-22,0,0,16:30-17:00,50,1,0,12
22,2025-01-22,0,0,16:30-17:00,50,1,0,13
22,2025-01-22,0,0,16:30-17:00,50,1,0,14
22,2025-01-22,0,0,16:30-17:00,50,1,0,15
22,2025-01-22,0,0,16:30-17:00,50,1,0,16
22,2025-01-22,0,0,16:30-17:00,50,1,0,17
22,2025-01-22,0,0,16:30-17:00,50,0,1,18
22,2025-01-22,0,0,16:30-17:00,50,0,1,19
22,2025-01-22,0,0,16:30-17:00,50,1,0,20
22,2025-01-22,0,0,16:30-17:00,50,1,0,21
22,2025-01-22,0,0,16:30-17:00,50,0,1,22
22,2025-01-22,0,0,16:30-17:00,50,0,1,23
22,2025-01-22,0,0,16:30-17:00,50,0,1,24
22,2025-01-22,0,0,16:30-17:00,50,1,0,25
22,2025-01-22,0,0,16:30-17:00,50,1,0,26
22,2025-01-22,0,0,16:30-17:00,50,1,0,27
22,2025-01-22,0,0,16:30-17:00,50,1,0,28
22,2025-01-22,0,0,16:30-17:00,50,1,0,29
22,2025-01-22,0,0,16:30-17:00,50,1,0,30
22,2025-01-22,0,0,16:30-17:00,50,1,0,31
22,2025-01-22,0,0,16:30-17:00,50,1,0,32
22,2025-01-22,0,0,16:30-17:00,50,0,1,33
22,2025-01-22,0,0,16:30-17:00,50,0,1,34
22,2025-01-22,0,0,16:30-17:00,50,1,0,35
22,2025-01-22,0,0,16:30-17:00,50,0,1,36
22,2025-01-22,0,0,16:30-17:00,50,1,0,37
22,2025-01-22,0,0,16:30-17:00,50,1,0,38
22,2025-01-22,0,0,16:30-17:00,50,1,0,39
22,2025-01-22,0,0,16:30-17:00,50,0,1,40
22,2025-01-22,0,0,16:30-17:00,50,1,0,41
22,2025-01-22,0,0,16:30-17:00,50,1,0,42
22,2025-01-22,0,0,16:30-17:00,50,1,0,43
22,2025-01-22,0,0,16:30-17:00,50,1,0,44
22,2025-01-22,0,0,16:30-17:00,50,1,0,45
22,2025-01-22,0,0,16:30-17:00,50,1,0,46
22,2025-01-22,0,0,16:30-17:00,50,0,1,47
22,2025-01-22,0,0,16:30-17:00,50,1,0,48
22,2025-01-22,0,0,16:30-17:00,50,1,0,49
22,2025-01-22,0,0,16:30-17:00,50,0,1,50
22,2025-01-22,0,0,17:00-17:30,50,0,1,1
22,2025-01-22,0,0,17:00-17:30,50,0,1,2
22,2025-01-22,0,0,17:00-17:30,50,1,0,3
22,2025-01-22,0,0,17:00-17:30,50,1,0,4
22,2025-01-22,0,0,17:00-17:30,50,1,0,5
22,2025-01-22,0,0,17:00-17:30,50,0,1,6
22,2025-01-22,0,0,17:00-17:30,50,0,1,7
22,2025-01-22,0,0,17:00-17:30,50,1,0,8
22,2025-01-22,0,0,17:00-17:30,50,1,0,9
22,2025-01-22,0,0,17:00-17:30,50,1,0,10
22,2025-01-22,0,0,17:00-17:30,50,0,1,11
22,2025-01-22,0,0,17:00-17:30,50,1,0,12
22,2025-01-22,0,0,17:00-17:30,50,0,1,13
22,2025-01-22,0,0,17:00-17:30,50,0,1,14
22,2025-01-22,0,0,17:00-17:30,50,1,0,15
22,2025-01-22,0,0,17:00-17:30,50,1,0,16
22,2025-01-22,0,0,17:00-17:30,50,1,0,17
22,2025-01-22,0,0,17:00-17:30,50,1,0,18
22,2025-01-22,0,0,17:00-17:30,50,0,1,19
22,2025-01-22,0,0,17:00-17:30,50,1,0,20
22,2025-01-22,0,0,17:00-17:30,50,0,1,21
22,2025-01-22,0,0,17:00-17:30,50,1,0,22
22,2025-01-22,0,0,17:00-17:30,50,1,0,23
22,2025-01-22,0,0,17:00-17:30,50,1,0,24
22,2025-01-22,0,0,17:00-17:30,50,0,1,25
22,2025-01-22,0,0,17:00-17:30,50,1,0,26
22,2025-01-22,0,0,17:00-17:30,50,1,0,27
22,2025-01-22,0,0,17:00-17:30,50,1,0,28
22,2025-01-22,0,0,17:00-17:30,50,0,1,29
22,2025-01-22,0,0,17:00-17:30,50,0,1,30
22,2025-01-22,0,0,17:00-17:30,50,1,0,31
22,2025-01-22,0,0,17:00-17:30,50,1,0,32
22,2025-01-22,0,0,17:00-17:30,50,0,1,33
22,2025-01-22,0,0,17:00-17:30,50,0,1,34
22,2025-01-22,0,0,17:00-17:30,50,1,0,35
22,2025-01-22,0,0,17:00-17:30,50,1,0,36
22,2025-01-22,0,0,17:00-17:30,50,0,1,37
22,2025-01-22,0,0,17:00-17:30,50,0,1,38
22,2025-01-22,0,0,17:00-17:30,50,1,0,39
22,2025-01-22,0,0,17:00-17:30,50,0,1,40
22,2025-01-22,0,0,17:00-17:30,50,0,1,41
22,2025-01-22,0,0,17:00-17:30,50,1,0,42
22,2025-01-22,0,0,17:00-17:30,50,1,0,43
22,2025-01-22,0,0,17:00-17:30,50,1,0,44
22,2025-01-22,0,0,17:00-17:30,50,1,0,45
22,2025-01-22,0,0,17:00-17:30,50,1,0,46
22,2025-01-22,0,0,17:00-17:30,50,1,0,47
22,2025-01-22,0,0,17:00-17:30,50,0,1,48
22,2025-01-22,0,0,17:00-17:30,50,1,0,49
22,2025-01-22,0,0,17:00-17:30,50,0,1,50
22,2025-01-22,0,0,17:30-18:00,50,0,1,1
22,2025-01-22,0,0,17:30-18:00,50,0,1,2
22,2025-01-22,0,0,17:30-18:00,50,0,1,3
22,2025-01-22,0,0,17:30-18:00,50,0,1,4
22,2025-01-22,0,0,17:30-18:00,50,1,0,5
22,2025-01-22,0,0,17:30-18:00,50,1,0,6
22,2025-01-22,0,0,17:30-18:00,50,1,0,7
22,2025-01-22,0,0,17:30-18:00,50,0,1,8
22,2025-01-22,0,0,17:30-18:00,50,1,0,9
22,2025-01-22,0,0,17:30-18:00,50,1,0,10
22,2025-01-22,0,0,17:30-18:00,50,1,0,11
22,2025-01-22,0,0,17:30-18:00,50,0,1,12
22,2025-01-22,0,0,17:30-18:00,50,0,1,13
22,2025-01-22,0,0,17:30-18:00,50,0,1,14
22,2025-01-22,0,0,17:30-18:00,50,0,1,15
22,2025-01-22,0,0,17:30-18:00,50,1,0,16
22,2025-01-22,0,0,17:30-18:00,50,1,0,17
22,2025-01-22,0,0,17:30-18:00,50,1,0,18
22,2025-01-22,0,0,17:30-18:00,50,0,1,19
22,2025-01-22,0,0,17:30-18:00,50,0,1,20
22,2025-01-22,0,0,17:30-18:00,50,0,1,21
22,2025-01-22,0,0,17:30-18:00,50,0,1,22
22,2025-01-22,0,0,17:30-18:00,50,0,1,23
22,2025-01-22,0,0,17:30-18:00,50,1,0,24
22,2025-01-22,0,0,17:30-18:00,50,1,0,25
22,2025-01-22,0,0,17:30-18:00,50,0,1,26
22,2025-01-22,0,0,17:30-18:00,50,1,0,27
22,2025-01-22,0,0,17:30-18:00,50,0,1,28
22,2025-01-22,0,0,17:30-18:00,50,0,1,29
22,2025-01-22,0,0,17:30-18:00,50,0,1,30
22,2025-01-22,0,0,17:30-18:00,50,1,0,31
22,2025-01-22,0,0,17:30-18:00,50,0,1,32
22,2025-01-22,0,0,17:30-18:00,50,0,1,33
22,2025-01-22,0,0,17:30-18:00,50,0,1,34
22,2025-01-22,0,0,17:30-18:00,50,1,0,35
22,2025-01-22,0,0,17:30-18:00,50,1,0,36
22,2025-01-22,0,0,17:30-18:00,50,1,0,37
22,2025-01-22,0,0,17:30-18:00,50,0,1,38
22,2025-01-22,0,0,17:30-18:00,50,1,0,39
22,2025-01-22,0,0,17:30-18:00,50,1,0,40
22,2025-01-22,0,0,17:30-18:00,50,1,0,41
22,2025-01-22,0,0,17:30-18:00,50,0,1,42
22,2025-01-22,0,0,17:30-18:00,50,0,1,43
22,2025-01-22,0,0,17:30-18:00,50,1,0,44
22,2025-01-22,0,0,17:30-18:00,50,1,0,45
22,2025-01-22,0,0,17:30-18:00,50,0,1,46
22,2025-01-22,0,0,17:30-18:00,50,0,1,47
22,2025-01-22,0,0,17:30-18:00,50,0,1,48
22,2025-01-22,0,0,17:30-18:00,50,0,1,49
22,2025-01-22,0,0,17:30-18:00,50,0,1,50
22,2025-01-22,0,0,18:00-18:30,50,0,1,1
22,2025-01-22,0,0,18:00-18:30,50,0,1,2
22,2025-01-22,0,0,18:00-18:30,50,1,0,3
22,2025-01-22,0,0,18:00-18:30,50,1,0,4
22,2025-01-22,0,0,18:00-18:30,50,0,1,5
22,2025-01-22,0,0,18:00-18:30,50,0,1,6
22,2025-01-22,0,0,18:00-18:30,50,0,1,7
22,2025-01-22,0,0,18:00-18:30,50,0,1,8
22,2025-01-22,0,0,18:00-18:30,50,0,1,9
22,2025-01-22,0,0,18:00-18:30,50,0,1,10
22,2025-01-22,0,0,18:00-18:30,50,0,1,11
22,2025-01-22,0,0,18:00-18:30,50,0,1,12
22,2025-01-22,0,0,18:00-18:30,50,1,0,13
22,2025-01-22,0,0,18:00-18:30,50,0,1,14
22,2025-01-22,0,0,18:00-18:30,50,0,1,15
22,2025-01-22,0,0,18:00-18:30,50,0,1,16
22,2025-01-22,0,0,18:00-18:30,50,1,0,17
22,2025-01-22,0,0,18:00-18:30,50,0,1,18
22,2025-01-22,0,0,18:00-18:30,50,0,1,19
22,2025-01-22,0,0,18:00-18:30,50,0,1,20
22,2025-01-22,0,0,18:00-18:30,50,0,1,21
22,2025-01-22,0,0,18:00-18:30,50,0,1,22
22,2025-01-22,0,0,18:00-18:30,50,1,0,23
22,2025-01-22,0,0,18:00-18:30,50,1,0,24
22,2025-01-22,0,0,18:00-18:30,50,0,1,25
22,2025-01-22,0,0,18:00-18:30,50,0,1,26
22,2025-01-22,0,0,18:00-18:30,50,0,1,27
22,2025-01-22,0,0,18:00-18:30,50,0,1,28
22,2025-01-22,0,0,18:00-18:30,50,0,1,29
22,2025-01-22,0,0,18:00-18:30,50,0,1,30
22,2025-01-22,0,0,18:00-18:30,50,0,1,31
22,2025-01-22,0,0,18:00-18:30,50,0,1,32
22,2025-01-22,0,0,18:00-18:30,50,0,1,33
22,2025-01-22,0,0,18:00-18:30,50,0,1,34
22,2025-01-22,0,0,18:00-18:30,50,0,1,35
22,2025-01-22,0,0,18:00-18:30,50,1,0,36
22,2025-01-22,0,0,18:00-18:30,50,0,1,37
22,2025-01-22,0,0,18:00-18:30,50,1,0,38
22,2025-01-22,0,0,18:00-18:30,50,0,1,39
22,2025-01-22,0,0,18:00-18:30,50,0,1,40
22,2025-01-22,0,0,18:00-18:30,50,0,1,41
22,2025-01-22,0,0,18:00-18:30,50,0,1,42
22,2025-01-22,0,0,18:00-18:30,50,1,0,43
22,2025-01-22,0,0,18:00-18:30,50,1,0,44
22,2025-01-22,0,0,18:00-18:30,50,0,1,45
22,2025-01-22,0,0,18:00-18:30,50,0,1,46
22,2025-01-22,0,0,18:00-18:30,50,0,1,47
22,2025-01-22,0,0,18:00-18:30,50,1,0,48
22,2025-01-22,0,0,18:00-18:30,50,1,0,49
22,2025-01-22,0,0,18:00-18:30,50,0,1,50
22,2025-01-22,0,0,18:30-19:00,50,0,1,1
22,2025-01-22,0,0,18:30-19:00,50,0,1,2
22,2025-01-22,0,0,18:30-19:00,50,0,1,3
22,2025-01-22,0,0,18:30-19:00,50,1,0,4
22,2025-01-22,0,0,18:30-19:00,50,0,1,5
22,2025-01-22,0,0,18:30-19:00,50,0,1,6
22,2025-01-22,0,0,18:30-19:00,50,0,1,7
22,2025-01-22,0,0,18:30-19:00,50,0,1,8
22,2025-01-22,0,0,18:30-19:00,50,1,0,9
22,2025-01-22,0,0,18:30-19:00,50,1,0,10
22,2025-01-22,0,0,18:30-19:00,50,0,1,11
22,2025-01-22,0,0,18:30-19:00,50,1,0,12
22,2025-01-22,0,0,18:30-19:00,50,0,1,13
22,2025-01-22,0,0,18:30-19:00,50,0,1,14
22,2025-01-22,0,0,18:30-19:00,50,1,0,15
22,2025-01-22,0,0,18:30-19:00,50,0,1,16
22,2025-01-22,0,0,18:30-19:00,50,0,1,17
22,2025-01-22,0,0,18:30-19:00,50,0,1,18
22,2025-01-22,0,0,18:30-19:00,50,1,0,19
22,2025-01-22,0,0,18:30-19:00,50,0,1,20
22,2025-01-22,0,0,18:30-19:00,50,0,1,21
22,2025-01-22,0,0,18:30-19:00,50,0,1,22
22,2025-01-22,0,0,18:30-19:00,50,1,0,23
22,2025-01-22,0,0,18:30-19:00,50,0,1,24
22,2025-01-22,0,0,18:30-19:00,50,0,1,25
22,2025-01-22,0,0,18:30-19:00,50,0,1,26
22,2025-01-22,0,0,18:30-19:00,50,0,1,27
22,2025-01-22,0,0,18:30-19:00,50,0,1,28
22,2025-01-22,0,0,18:30-19:00,50,1,0,29
22,2025-01-22,0,0,18:30-19:00,50,1,0,30
22,2025-01-22,0,0,18:30-19:00,50,1,0,31
22,2025-01-22,0,0,18:30-19:00,50,1,0,32
22,2025-01-22,0,0,18:30-19:00,50,1,0,33
22,2025-01-22,0,0,18:30-19:00,50,0,1,34
22,2025-01-22,0,0,18:30-19:00,50,1,0,35
22,2025-01-22,0,0,18:30-19:00,50,1,0,36
22,2025-01-22,0,0,18:30-19:00,50,0,1,37
22,2025-01-22,0,0,18:30-19:00,50,1,0,38
22,2025-01-22,0,0,18:30-19:00,50,0,1,39
22,2025-01-22,0,0,18:30-19:00,50,0,1,40
22,2025-01-22,0,0,18:30-19:00,50,1,0,41
22,2025-01-22,0,0,18:30-19:00,50,1,0,42
22,2025-01-22,0,0,18:30-19:00,50,0,1,43
22,2025-01-22,0,0,18:30-19:00,50,0,1,44
22,2025-01-22,0,0,18:30-19:00,50,0,1,45
22,2025-01-22,0,0,18:30-19:00,50,0,1,46
22,2025-01-22,0,0,18:30-19:00,50,1,0,47
22,2025-01-22,0,0,18:30-19:00,50,1,0,48
22,2025-01-22,0,0,18:30-19:00,50,0,1,49
22,2025-01-22,0,0,18:30-19:00,50,0,1,50
23,2025-01-23,1,0,07:00-07:30,50,1,0,1
23,2025-01-23,1,0,07:00-07:30,50,1,0,2
23,2025-01-23,1,0,07:00-07:30,50,1,0,3
23,2025-01-23,1,0,07:00-07:30,50,1,0,4
23,2025-01-23,1,0,07:00-07:30,50,1,0,5
23,2025-01-23,1,0,07:00-07:30,50,1,0,6
23,2025-01-23,1,0,07:00-07:30,50,0,1,7
23,2025-01-23,1,0,07:00-07:30,50,1,0,8
23,2025-01-23,1,0,07:00-07:30,50,1,0,9
23,2025-01-23,1,0,07:00-07:30,50,1,0,10
23,2025-01-23,1,0,07:00-07:30,50,0,1,11
23,2025-01-23,1,0,07:00-07:30,50,1,0,12
23,2025-01-23,1,0,07:00-07:30,50,0,1,13
23,2025-01-23,1,0,07:00-07:30,50,1,0,14
23,2025-01-23,1,0,07:00-07:30,50,1,0,15
23,2025-01-23,1,0,07:00-07:30,50,1,0,16
23,2025-01-23,1,0,07:00-07:30,50,0,1,17
23,2025-01-23,1,0,07:00-07:30,50,1,0,18
23,2025-01-23,1,0,07:00-07:30,50,1,0,19
23,2025-01-23,1,0,07:00-07:30,50,0,1,20
23,2025-01-23,1,0,07:00-07:30,50,0,1,21
23,2025-01-23,1,0,07:00-07:30,50,1,0,22
23,2025-01-23,1,0,07:00-07:30,50,0,1,23
23,2025-01-23,1,0,07:00-07:30,50,0,1,24
23,2025-01-23,1,0,07:00-07:30,50,0,1,25
23,2025-01-23,1,0,07:00-07:30,50,1,0,26
23,2025-01-23,1,0,07:00-07:30,50,1,0,27
23,2025-01-23,1,0,07:00-07:30,50,1,0,28
23,2025-01-23,1,0,07:00-07:30,50,1,0,29
23,2025-01-23,1,0,07:00-07:30,50,0,1,30
23,2025-01-23,1,0,07:00-07:30,50,1,0,31
23,2025-01-23,1,0,07:00-07:30,50,1,0,32
23,2025-01-23,1,0,07:00-07:30,50,1,0,33
23,2025-01-23,1,0,07:00-07:30,50,1,0,34
23,2025-01-23,1,0,07:00-07:30,50,1,0,35
23,2025-01-23,1,0,07:00-07:30,50,1,0,36
23,2025-01-23,1,0,07:00-07:30,50,1,0,37
23,2025-01-23,1,0,07:00-07:30,50,0,1,38
23,2025-01-23,1,0,07:00-07:30,50,1,0,39
23,2025-01-23,1,0,07:00-07:30,50,0,1,40
23,2025-01-23,1,0,07:00-07:30,50,1,0,41
23,2025-01-23,1,0,07:00-07:30,50,1,0,42
23,2025-01-23,1,0,07:00-07:30,50,1,0,43
23,2025-01-23,1,0,07:00-07:30,50,1,0,44
23,2025-01-23,1,0,07:00-07:30,50,1,0,45
23,2025-01-23,1,0,07:00-07:30,50,1,0,46
23,2025-01-23,1,0,07:00-07:30,50,1,0,47
23,2025-01-23,1,0,07:00-07:30,50,1,0,48
23,2025-01-23,1,0,07:00-07:30,50,0,1,49
23,2025-01-23,1,0,07:00-07:30,50,1,0,50
23,2025-01-23,1,0,07:30-08:00,50,0,1,1
23,2025-01-23,1,0,07:30-08:00,50,1,0,2
23,2025-01-23,1,0,07:30-08:00,50,1,0,3
23,2025-01-23,1,0,07:30-08:00,50,0,1,4
23,2025-01-23,1,0,07:30-08:00,50,1,0,5
23,2025-01-23,1,0,07:30-08:00,50,1,0,6
23,2025-01-23,1,0,07:30-08:00,50,0,1,7
23,2025-01-23,1,0,07:30-08:00,50,1,0,8
23,2025-01-23,1,0,07:30-08:00,50,1,0,9
23,2025-01-23,1,0,07:30-08:00,50,1,0,10
23,2025-01-23,1,0,07:30-08:00,50,1,0,11
23,2025-01-23,1,0,07:30-08:00,50,1,0,12
23,2025-01-23,1,0,07:30-08:00,50,0,1,13
23,2025-01-23,1,0,07:30-08:00,50,1,0,14
23,2025-01-23,1,0,07:30-08:00,50,1,0,15
23,2025-01-23,1,0,07:30-08:00,50,1,0,16
23,2025-01-23,1,0,07:30-08:00,50,1,0,17
23,2025-01-23,1,0,07:30-08:00,50,0,1,18
23,2025-01-23,1,0,07:30-08:00,50,1,0,19
23,2025-01-23,1,0,07:30-08:00,50,0,1,20
23,2025-01-23,1,0,07:30-08:00,50,1,0,21
23,2025-01-23,1,0,07:30-08:00,50,0,1,22
23,2025-01-23,1,0,07:30-08:00,50,1,0,23
23,2025-01-23,1,0,07:30-08:00,50,1,0,24
23,2025-01-23,1,0,07:30-08:00,50,0,1,25
23,2025-01-23,1,0,07:30-08:00,50,1,0,26
23,2025-01-23,1,0,07:30-08:00,50,0,1,27
23,2025-01-23,1,0,07:30-08:00,50,0,1,28
23,2025-01-23,1,0,07:30-08:00,50,1,0,29
23,2025-01-23,1,0,07:30-08:00,50,1,0,30
23,2025-01-23,1,0,07:30-08:00,50,1,0,31
23,2025-01-23,1,0,07:30-08:00,50,1,0,32
23,2025-01-23,1,0,07:30-08:00,50,1,0,33
23,2025-01-23,1,0,07:30-08:00,50,1,0,34
23,2025-01-23,1,0,07:30-08:00,50,0,1,35
23,2025-01-23,1,0,07:30-08:00,50,1,0,36
23,2025-01-23,1,0,07:30-08:00,50,1,0,37
23,2025-01-23,1,0,07:30-08:00,50,1,0,38
23,2025-01-23,1,0,07:30-08:00,50,1,0,39
23,2025-01-23,1,0,07:30-08:00,50,1,0,40
23,2025-01-23,1,0,07:30-08:00,50,1,0,41
23,2025-01-23,1,0,07:30-08:00,50,1,0,42
23,2025-01-23,1,0,07:30-08:00,50,1,0,43
23,2025-01-23,1,0,07:30-08:00,50,1,0,44
23,2025-01-23,1,0,07:30-08:00,50,1,0,45
23,2025-01-23,1,0,07:30-08:00,50,1,0,46
23,2025-01-23,1,0,07:30-08:00,50,1,0,47
23,2025-01-23,1,0,07:30-08:00,50,1,0,48
23,2025-01-23,1,0,07:30-08:00,50,0,1,49
23,2025-01-23,1,0,07:30-08:00,50,1,0,50
23,2025-01-23,1,0,08:00-08:30,50,0,1,1
23,2025-01-23,1,0,08:00-08:30,50,1,0,2
23,2025-01-23,1,0,08:00-08:30,50,1,0,3
23,2025-01-23,1,0,08:00-08:30,50,1,0,4
23,2025-01-23,1,0,08:00-08:30,50,0,1,5
23,2025-01-23,1,0,08:00-08:30,50,1,0,6
23,2025-01-23,1,0,08:00-08:30,50,0,1,7
23,2025-01-23,1,0,08:00-08:30,50,0,1,8
23,2025-01-23,1,0,08:00-08:30,50,0,1,9
23,2025-01-23,1,0,08:00-08:30,50,1,0,10
23,2025-01-23,1,0,08:00-08:30,50,1,0,11
23,2025-01-23,1,0,08:00-08:30,50,1,0,12
23,2025-01-23,1,0,08:00-08:30,50,0,1,13
23,2025-01-23,1,0,08:00-08:30,50,1,0,14
23,2025-01-23,1,0,08:00-08:30,50,1,0,15
23,2025-01-23,1,0,08:00-08:30,50,1,0,16
23,2025-01-23,1,0,08:00-08:30,50,1,0,17
23,2025-01-23,1,0,08:00-08:30,50,0,1,18
23,2025-01-23,1,0,08:00-08:30,50,0,1,19
23,2025-01-23,1,0,08:00-08:30,50,0,1,20
23,2025-01-23,1,0,08:00-08:30,50,0,1,21
23,2025-01-23,1,0,08:00-08:30,50,0,1,22
23,2025-01-23,1,0,08:00-08:30,50,0,1,23
23,2025-01-23,1,0,08:00-08:30,50,1,0,24
23,2025-01-23,1,0,08:00-08:30,50,1,0,25
23,2025-01-23,1,0,08:00-08:30,50,1,0,26
23,2025-01-23,1,0,08:00-08:30,50,1,0,27
23,2025-01-23,1,0,08:00-08:30,50,1,0,28
23,2025-01-23,1,0,08:00-08:30,50,1,0,29
23,2025-01-23,1,0,08:00-08:30,50,1,0,30
23,2025-01-23,1,0,08:00-08:30,50,1,0,31
23,2025-01-23,1,0,08:00-08:30,50,0,1,32
23,2025-01-23,1,0,08:00-08:30,50,0,1,33
23,2025-01-23,1,0,08:00-08:30,50,0,1,34
23,2025-01-23,1,0,08:00-08:30,50,0,1,35
23,2025-01-23,1,0,08:00-08:30,50,1,0,36
23,2025-01-23,1,0,08:00-08:30,50,1,0,37
23,2025-01-23,1,0,08:00-08:30,50,0,1,38
23,2025-01-23,1,0,08:00-08:30,50,1,0,39
23,2025-01-23,1,0,08:00-08:30,50,1,0,40
23,2025-01-23,1,0,08:00-08:30,50,1,0,41
23,2025-01-23,1,0,08:00-08:30,50,1,0,42
23,2025-01-23,1,0,08:00-08:30,50,0,1,43
23,2025-01-23,1,0,08:00-08:30,50,0,1,44
23,2025-01-23,1,0,08:00-08:30,50,0,1,45
23,2025-01-23,1,0,08:00-08:30,50,0,1,46
23,2025-01-23,1,0,08:00-08:30,50,0,1,47
23,2025-01-23,1,0,08:00-08:30,50,1,0,48
23,2025-01-23,1,0,08:00-08:30,50,0,1,49
23,2025-01-23,1,0,08:00-08:30,50,1,0,50
23,2025-01-23,1,0,08:30-09:00,50,0,1,1
23,2025-01-23,1,0,08:30-09:00,50,0,1,2
23,2025-01-23,1,0,08:30-09:00,50,1,0,3
23,2025-01-23,1,0,08:30-09:00,50,0,1,4
23,2025-01-23,1,0,08:30-09:00,50,0,1,5
23,2025-01-23,1,0,08:30-09:00,50,0,1,6
23,2025-01-23,1,0,08:30-09:00,50,1,0,7
23,2025-01-23,1,0,08:30-09:00,50,1,0,8
23,2025-01-23,1,0,08:30-09:00,50,1,0,9
23,2025-01-23,1,0,08:30-09:00,50,1,0,10
23,2025-01-23,1,0,08:30-09:00,50,1,0,11
23,2025-01-23,1,0,08:30-09:00,50,1,0,12
23,2025-01-23,1,0,08:30-09:00,50,0,1,13
23,2025-01-23,1,0,08:30-09:00,50,0,1,14
23,2025-01-23,1,0,08:30-09:00,50,1,0,15
23,2025-01-23,1,0,08:30-09:00,50,0,1,16
23,2025-01-23,1,0,08:30-09:00,50,1,0,17
23,2025-01-23,1,0,08:30-09:00,50,0,1,18
23,2025-01-23,1,0,08:30-09:00,50,1,0,19
23,2025-01-23,1,0,08:30-09:00,50,0,1,20
23,2025-01-23,1,0,08:30-09:00,50,0,1,21
23,2025-01-23,1,0,08:30-09:00,50,1,0,22
23,2025-01-23,1,0,08:30-09:00,50,1,0,23
23,2025-01-23,1,0,08:30-09:00,50,0,1,24
23,2025-01-23,1,0,08:30-09:00,50,1,0,25
23,2025-01-23,1,0,08:30-09:00,50,0,1,26
23,2025-01-23,1,0,08:30-09:00,50,1,0,27
23,2025-01-23,1,0,08:30-09:00,50,1,0,28
23,2025-01-23,1,0,08:30-09:00,50,1,0,29
23,2025-01-23,1,0,08:30-09:00,50,1,0,30
23,2025-01-23,1,0,08:30-09:00,50,1,0,31
23,2025-01-23,1,0,08:30-09:00,50,0,1,32
23,2025-01-23,1,0,08:30-09:00,50,0,1,33
23,2025-01-23,1,0,08:30-09:00,50,0,1,34
23,2025-01-23,1,0,08:30-09:00,50,1,0,35
23,2025-01-23,1,0,08:30-09:00,50,0,1,36
23,2025-01-23,1,0,08:30-09:00,50,0,1,37
23,2025-01-23,1,0,08:30-09:00,50,0,1,38
23,2025-01-23,1,0,08:30-09:00,50,0,1,39
23,2025-01-23,1,0,08:30-09:00,50,1,0,40
23,2025-01-23,1,0,08:30-09:00,50,0,1,41
23,2025-01-23,1,0,08:30-09:00,50,0,1,42
23,2025-01-23,1,0,08:30-09:00,50,1,0,43
23,2025-01-23,1,0,08:30-09:00,50,1,0,44
23,2025-01-23,1,0,08:30-09:00,50,0,1,45
23,2025-01-23,1,0,08:30-09:00,50,1,0,46
23,2025-01-23,1,0,08:30-09:00,50,1,0,47
23,2025-01-23,1,0,08:30-09:00,50,0,1,48
23,2025-01-23,1,0,08:30-09:00,50,1,0,49
23,2025-01-23,1,0,08:30-09:00,50,0,1,50
23,2025-01-23,1,0,09:00-09:30,50,0,1,1
23,2025-01-23,1,0,09:00-09:30,50,0,1,2
23,2025-01-23,1,0,09:00-09:30,50,1,0,3
23,2025-01-23,1,0,09:00-09:30,50,0,1,4
23,2025-01-23,1,0,09:00-09:30,50,1,0,5
23,2025-01-23,1,0,09:00-09:30,50,0,1,6
23,2025-01-23,1,0,09:00-09:30,50,0,1,7
23,2025-01-23,1,0,09:00-09:30,50,1,0,8
23,2025-01-23,1,0,09:00-09:30,50,1,0,9
23,2025-01-23,1,0,09:00-09:30,50,1,0,10
23,2025-01-23,1,0,09:00-09:30,50,1,0,11
23,2025-01-23,1,0,09:00-09:30,50,0,1,12
23,2025-01-23,1,0,09:00-09:30,50,0,1,13
23,2025-01-23,1,0,09:00-09:30,50,1,0,14
23,2025-01-23,1,0,09:00-09:30,50,1,0,15
23,2025-01-23,1,0,09:00-09:30,50,0,1,16
23,2025-01-23,1,0,09:00-09:30,50,1,0,17
23,2025-01-23,1,0,09:00-09:30,50,1,0,18
23,2025-01-23,1,0,09:00-09:30,50,1,0,19
23,2025-01-23,1,0,09:00-09:30,50,0,1,20
23,2025-01-23,1,0,09:00-09:30,50,1,0,21
23,2025-01-23,1,0,09:00-09:30,50,0,1,22
23,2025-01-23,1,0,09:00-09:30,50,0,1,23
23,2025-01-23,1,0,09:00-09:30,50,0,1,24
23,2025-01-23,1,0,09:00-09:30,50,0,1,25
23,2025-01-23,1,0,09:00-09:30,50,0,1,26
23,2025-01-23,1,0,09:00-09:30,50,0,1,27
23,2025-01-23,1,0,09:00-09:30,50,0,1,28
23,2025-01-23,1,0,09:00-09:30,50,0,1,29
23,2025-01-23,1,0,09:00-09:30,50,0,1,30
23,2025-01-23,1,0,09:00-09:30,50,0,1,31
23,2025-01-23,1,0,09:00-09:30,50,0,1,32
23,2025-01-23,1,0,09:00-09:30,50,1,0,33
23,2025-01-23,1,0,09:00-09:30,50,0,1,34
23,2025-01-23,1,0,09:00-09:30,50,0,1,35
23,2025-01-23,1,0,09:00-09:30,50,0,1,36
23,2025-01-23,1,0,09:00-09:30,50,1,0,37
23,2025-01-23,1,0,09:00-09:30,50,0,1,38
23,2025-01-23,1,0,09:00-09:30,50,1,0,39
23,2025-01-23,1,0,09:00-09:30,50,1,0,40
23,2025-01-23,1,0,09:00-09:30,50,1,0,41
23,2025-01-23,1,0,09:00-09:30,50,1,0,42
23,2025-01-23,1,0,09:00-09:30,50,1,0,43
23,2025-01-23,1,0,09:00-09:30,50,1,0,44
23,2025-01-23,1,0,09:00-09:30,50,1,0,45
23,2025-01-23,1,0,09:00-09:30,50,0,1,46
23,2025-01-23,1,0,09:00-09:30,50,0,1,47
23,2025-01-23,1,0,09:00-09:30,50,0,1,48
23,2025-01-23,1,0,09:00-09:30,50,0,1,49
23,2025-01-23,1,0,09:00-09:30,50,1,0,50
23,2025-01-23,1,0,09:30-10:00,50,0,1,1
23,2025-01-23,1,0,09:30-10:00,50,0,1,2
23,2025-01-23,1,0,09:30-10:00,50,1,0,3
23,2025-01-23,1,0,09:30-10:00,50,0,1,4
23,2025-01-23,1,0,09:30-10:00,50,0,1,5
23,2025-01-23,1,0,09:30-10:00,50,1,0,6
23,2025-01-23,1,0,09:30-10:00,50,0,1,7
23,2025-01-23,1,0,09:30-10:00,50,0,1,8
23,2025-01-23,1,0,09:30-10:00,50,0,1,9
23,2025-01-23,1,0,09:30-10:00,50,1,0,10
23,2025-01-23,1,0,09:30-10:00,50,1,0,11
23,2025-01-23,1,0,09:30-10:00,50,0,1,12
23,2025-01-23,1,0,09:30-10:00,50,1,0,13
23,2025-01-23,1,0,09:30-10:00,50,1,0,14
23,2025-01-23,1,0,09:30-10:00,50,1,0,15
23,2025-01-23,1,0,09:30-10:00,50,0,1,16
23,2025-01-23,1,0,09:30-10:00,50,0,1,17
23,2025-01-23,1,0,09:30-10:00,50,1,0,18
23,2025-01-23,1,0,09:30-10:00,50,0,1,19
23,2025-01-23,1,0,09:30-10:00,50,0,1,20
23,2025-01-23,1,0,09:30-10:00,50,1,0,21
23,2025-01-23,1,0,09:30-10:00,50,1,0,22
23,2025-01-23,1,0,09:30-10:00,50,1,0,23
23,2025-01-23,1,0,09:30-10:00,50,1,0,24
23,2025-01-23,1,0,09:30-10:00,50,0,1,25
23,2025-01-23,1,0,09:30-10:00,50,0,1,26
23,2025-01-23,1,0,09:30-10:00,50,0,1,27
23,2025-01-23,1,0,09:30-10:00,50,0,1,28
23,2025-01-23,1,0,09:30-10:00,50,0,1,29
23,2025-01-23,1,0,09:30-10:00,50,1,0,30
23,2025-01-23,1,0,09:30-10:00,50,0,1,31
23,2025-01-23,1,0,09:30-10:00,50,0,1,32
23,2025-01-23,1,0,09:30-10:00,50,0,1,33
23,2025-01-23,1,0,09:30-10:00,50,1,0,34
23,2025-01-23,1,0,09:30-10:00,50,0,1,35
23,2025-01-23,1,0,09:30-10:00,50,1,0,36
23,2025-01-23,1,0,09:30-10:00,50,0,1,37
23,2025-01-23,1,0,09:30-10:00,50,1,0,38
23,2025-01-23,1,0,09:30-10:00,50,1,0,39
23,2025-01-23,1,0,09:30-10:00,50,0,1,40
23,2025-01-23,1,0,09:30-10:00,50,0,1,41
23,2025-01-23,1,0,09:30-10:00,50,0,1,42
23,2025-01-23,1,0,09:30-10:00,50,0,1,43
23,2025-01-23,1,0,09:30-10:00,50,0,1,44
23,2025-01-23,1,0,09:30-10:00,50,1,0,45
23,2025-01-23,1,0,09:30-10:00,50,1,0,46
23,2025-01-23,1,0,09:30-10:00,50,1,0,47
23,2025-01-23,1,0,09:30-10:00,50,0,1,48
23,2025-01-23,1,0,09:30-10:00,50,0,1,49
23,2025-01-23,1,0,09:30-10:00,50,0,1,50
23,2025-01-23,1,0,16:00-16:30,50,1,0,1
23,2025-01-23,1,0,16:00-16:30,50,0,1,2
23,2025-01-23,1,0,16:00-16:30,50,1,0,3
23,2025-01-23,1,0,16:00-16:30,50,0,1,4
23,2025-01-23,1,0,16:00-16:30,50,0,1,5
23,2025-01-23,1,0,16:00-16:30,50,1,0,6
23,2025-01-23,1,0,16:00-16:30,50,1,0,7
23,2025-01-23,1,0,16:00-16:30,50,1,0,8
23,2025-01-23,1,0,16:00-16:30,50,0,1,9
23,2025-01-23,1,0,16:00-16:30,50,1,0,10
23,2025-01-23,1,0,16:00-16:30,50,1,0,11
23,2025-01-23,1,0,16:00-16:30,50,1,0,12
23,2025-01-23,1,0,16:00-16:30,50,0,1,13
23,2025-01-23,1,0,16:00-16:30,50,1,0,14
23,2025-01-23,1,0,16:00-16:30,50,0,1,15
23,2025-01-23,1,0,16:00-16:30,50,0,1,16
23,2025-01-23,1,0,16:00-16:30,50,0,1,17
23,2025-01-23,1,0,16:00-16:30,50,1,0,18
23,2025-01-23,1,0,16:00-16:30,50,0,1,19
23,2025-01-23,1,0,16:00-16:30,50,0,1,20
23,2025-01-23,1,0,16:00-16:30,50,1,0,21
23,2025-01-23,1,0,16:00-16:30,50,1,0,22
23,2025-01-23,1,0,16:00-16:30,50,0,1,23
23,2025-01-23,1,0,16:00-16:30,50,1,0,24
23,2025-01-23,1,0,16:00-16:30,50,1,0,25
23,2025-01-23,1,0,16:00-16:30,50,1,0,26
23,2025-01-23,1,0,16:00-16:30,50,0,1,27
23,2025-01-23,1,0,16:00-16:30,50,1,0,28
23,2025-01-23,1,0,16:00-16:30,50,1,0,29
23,2025-01-23,1,0,16:00-16:30,50,0,1,30
23,2025-01-23,1,0,16:00-16:30,50,0,1,31
23,2025-01-23,1,0,16:00-16:30,50,1,0,32
23,2025-01-23,1,0,16:00-16:30,50,1,0,33
23,2025-01-23,1,0,16:00-16:30,50,1,0,34
23,2025-01-23,1,0,16:00-16:30,50,1,0,35
23,2025-01-23,1,0,16:00-16:30,50,1,0,36
23,2025-01-23,1,0,16:00-16:30,50,1,0,37
23,2025-01-23,1,0,16:00-16:30,50,1,0,38
23,2025-01-23,1,0,16:00-16:30,50,1,0,39
23,2025-01-23,1,0,16:00-16:30,50,1,0,40
23,2025-01-23,1,0,16:00-16:30,50,0,1,41
23,2025-01-23,1,0,16:00-16:30,50,1,0,42
23,2025-01-23,1,0,16:00-16:30,50,1,0,43
23,2025-01-23,1,0,16:00-16:30,50,1,0,44
23,2025-01-23,1,0,16:00-16:30,50,1,0,45
23,2025-01-23,1,0,16:00-16:30,50,0,1,46
23,2025-01-23,1,0,16:00-16:30,50,1,0,47
23,2025-01-23,1,0,16:00-16:30,50,0,1,48
23,2025-01-23,1,0,16:00-16:30,50,1,0,49
23,2025-01-23,1,0,16:00-16:30,50,1,0,50
23,2025-01-23,1,0,16:30-17:00,50,1,0,1
23,2025-01-23,1,0,16:30-17:00,50,0,1,2
23,2025-01-23,1,0,16:30-17:00,50,1,0,3
23,2025-01-23,1,0,16:30-17:00,50,0,1,4
23,2025-01-23,1,0,16:30-17:00,50,1,0,5
23,2025-01-23,1,0,16:30-17:00,50,0,1,6
23,2025-01-23,1,0,16:30-17:00,50,0,1,7
23,2025-01-23,1,0,16:30-17:00,50,1,0,8
23,2025-01-23,1,0,16:30-17:00,50,0,1,9
23,2025-01-23,1,0,16:30-17:00,50,0,1,10
23,2025-01-23,1,0,16:30-17:00,50,0,1,11
23,2025-01-23,1,0,16:30-17:00,50,0,1,12
23,2025-01-23,1,0,16:30-17:00,50,1,0,13
23,2025-01-23,1,0,16:30-17:00,50,0,1,14
23,2025-01-23,1,0,16:30-17:00,50,0,1,15
23,2025-01-23,1,0,16:30-17:00,50,0,1,16
23,2025-01-23,1,0,16:30-17:00,50,0,1,17
23,2025-01-23,1,0,16:30-17:00,50,0,1,18
23,2025-01-23,1,0,16:30-17:00,50,0,1,19
23,2025-01-23,1,0,16:30-17:00,50,0,1,20
23,2025-01-23,1,0,16:30-17:00,50,0,1,21
23,2025-01-23,1,0,16:30-17:00,50,1,0,22
23,2025-01-23,1,0,16:30-17:00,50,1,0,23
23,2025-01-23,1,0,16:30-17:00,50,1,0,24
23,2025-01-23,1,0,16:30-17:00,50,0,1,25
23,2025-01-23,1,0,16:30-17:00,50,1,0,26
23,2025-01-23,1,0,16:30-17:00,50,1,0,27
23,2025-01-23,1,0,16:30-17:00,50,1,0,28
23,2025-01-23,1,0,16:30-17:00,50,1,0,29
23,2025-01-23,1,0,16:30-17:00,50,1,0,30
23,2025-01-23,1,0,16:30-17:00,50,1,0,31
23,2025-01-23,1,0,16:30-17:00,50,1,0,32
23,2025-01-23,1,0,16:30-17:00,50,1,0,33
23,2025-01-23,1,0,16:30-17:00,50,0,1,34
23,2025-01-23,1,0,16:30-17:00,50,0,1,35
23,2025-01-23,1,0,16:30-17:00,50,0,1,36
23,2025-01-23,1,0,16:30-17:00,50,0,1,37
23,2025-01-23,1,0,16:30-17:00,50,1,0,38
23,2025-01-23,1,0,16:30-17:00,50,1,0,39
23,2025-01-23,1,0,16:30-17:00,50,0,1,40
23,2025-01-23,1,0,16:30-17:00,50,1,0,41
23,2025-01-23,1,0,16:30-17:00,50,1,0,42
23,2025-01-23,1,0,16:30-17:00,50,1,0,43
23,2025-01-23,1,0,16:30-17:00,50,0,1,44
23,2025-01-23,1,0,16:30-17:00,50,1,0,45
23,2025-01-23,1,0,16:30-17:00,50,0,1,46
23,2025-01-23,1,0,16:30-17:00,50,1,0,47
23,2025-01-23,1,0,16:30-17:00,50,0,1,48
23,2025-01-23,1,0,16:30-17:00,50,1,0,49
23,2025-01-23,1,0,16:30-17:00,50,0,1,50
23,2025-01-23,1,0,17:00-17:30,50,0,1,1
23,2025-01-23,1,0,17:00-17:30,50,0,1,2
23,2025-01-23,1,0,17:00-17:30,50,1,0,3
23,2025-01-23,1,0,17:00-17:30,50,0,1,4
23,2025-01-23,1,0,17:00-17:30,50,0,1,5
23,2025-01-23,1,0,17:00-17:30,50,1,0,6
23,2025-01-23,1,0,17:00-17:30,50,0,1,7
23,2025-01-23,1,0,17:00-17:30,50,0,1,8
23,2025-01-23,1,0,17:00-17:30,50,0,1,9
23,2025-01-23,1,0,17:00-17:30,50,1,0,10
23,2025-01-23,1,0,17:00-17:30,50,0,1,11
23,2025-01-23,1,0,17:00-17:30,50,1,0,12
23,2025-01-23,1,0,17:00-17:30,50,1,0,13
23,2025-01-23,1,0,17:00-17:30,50,0,1,14
23,2025-01-23,1,0,17:00-17:30,50,0,1,15
23,2025-01-23,1,0,17:00-17:30,50,0,1,16
23,2025-01-23,1,0,17:00-17:30,50,0,1,17
23,2025-01-23,1,0,17:00-17:30,50,0,1,18
23,2025-01-23,1,0,17:00-17:30,50,0,1,19
23,2025-01-23,1,0,17:00-17:30,50,0,1,20
23,2025-01-23,1,0,17:00-17:30,50,0,1,21
23,2025-01-23,1,0,17:00-17:30,50,1,0,22
23,2025-01-23,1,0,17:00-17:30,50,0,1,23
23,2025-01-23,1,0,17:00-17:30,50,1,0,24
23,2025-01-23,1,0,17:00-17:30,50,1,0,25
23,2025-01-23,1,0,17:00-17:30,50,1,0,26
23,2025-01-23,1,0,17:00-17:30,50,0,1,27
23,2025-01-23,1,0,17:00-17:30,50,1,0,28
23,2025-01-23,1,0,17:00-17:30,50,1,0,29
23,2025-01-23,1,0,17:00-17:30,50,1,0,30
23,2025-01-23,1,0,17:00-17:30,50,1,0,31
23,2025-01-23,1,0,17:00-17:30,50,1,0,32
23,2025-01-23,1,0,17:00-17:30,50,0,1,33
23,2025-01-23,1,0,17:00-17:30,50,0,1,34
23,2025-01-23,1,0,17:00-17:30,50,0,1,35
23,2025-01-23,1,0,17:00-17:30,50,1,0,36
23,2025-01-23,1,0,17:00-17:30,50,1,0,37
23,2025-01-23,1,0,17:00-17:30,50,0,1,38
23,2025-01-23,1,0,17:00-17:30,50,1,0,39
23,2025-01-23,1,0,17:00-17:30,50,1,0,40
23,2025-01-23,1,0,17:00-17:30,50,0,1,41
23,2025-01-23,1,0,17:00-17:30,50,0,1,42
23,2025-01-23,1,0,17:00-17:30,50,0,1,43
23,2025-01-23,1,0,17:00-17:30,50,0,1,44
23,2025-01-23,1,0,17:00-17:30,50,0,1,45
23,2025-01-23,1,0,17:00-17:30,50,0,1,46
23,2025-01-23,1,0,17:00-17:30,50,1,0,47
23,2025-01-23,1,0,17:00-17:30,50,0,1,48
23,2025-01-23,1,0,17:00-17:30,50,0,1,49
23,2025-01-23,1,0,17:00-17:30,50,0,1,50
23,2025-01-23,1,0,17:30-18:00,50,0,1,1
23,2025-01-23,1,0,17:30-18:00,50,1,0,2
23,2025-01-23,1,0,17:30-18:00,50,1,0,3
23,2025-01-23,1,0,17:30-18:00,50,0,1,4
23,2025-01-23,1,0,17:30-18:00,50,0,1,5
23,2025-01-23,1,0,17:30-18:00,50,1,0,6
23,2025-01-23,1,0,17:30-18:00,50,1,0,7
23,2025-01-23,1,0,17:30-18:00,50,1,0,8
23,2025-01-23,1,0,17:30-18:00,50,1,0,9
23,2025-01-23,1,0,17:30-18:00,50,0,1,10
23,2025-01-23,1,0,17:30-18:00,50,0,1,11
23,2025-01-23,1,0,17:30-18:00,50,1,0,12
23,2025-01-23,1,0,17:30-18:00,50,0,1,13
23,2025-01-23,1,0,17:30-18:00,50,0,1,14
23,2025-01-23,1,0,17:30-18:00,50,0,1,15
23,2025-01-23,1,0,17:30-18:00,50,1,0,16
23,2025-01-23,1,0,17:30-18:00,50,1,0,17
23,2025-01-23,1,0,17:30-18:00,50,0,1,18
23,2025-01-23,1,0,17:30-18:00,50,0,1,19
23,2025-01-23,1,0,17:30-18:00,50,0,1,20
23,2025-01-23,1,0,17:30-18:00,50,1,0,21
23,2025-01-23,1,0,17:30-18:00,50,0,1,22
23,2025-01-23,1,0,17:30-18:00,50,1,0,23
23,2025-01-23,1,0,17:30-18:00,50,1,0,24
23,2025-01-23,1,0,17:30-18:00,50,0,1,25
23,2025-01-23,1,0,17:30-18:00,50,1,0,26
23,2025-01-23,1,0,17:30-18:00,50,1,0,27
23,2025-01-23,1,0,17:30-18:00,50,0,1,28
23,2025-01-23,1,0,17:30-18:00,50,0,1,29
23,2025-01-23,1,0,17:30-18:00,50,0,1,30
23,2025-01-23,1,0,17:30-18:00,50,1,0,31
23,2025-01-23,1,0,17:30-18:00,50,1,0,32
23,2025-01-23,1,0,17:30-18:00,50,0,1,33
23,2025-01-23,1,0,17:30-18:00,50,0,1,34
23,2025-01-23,1,0,17:30-18:00,50,0,1,35
23,2025-01-23,1,0,17:30-18:00,50,0,1,36
23,2025-01-23,1,0,17:30-18:00,50,0,1,37
23,2025-01-23,1,0,17:30-18:00,50,0,1,38
23,2025-01-23,1,0,17:30-18:00,50,0,1,39
23,2025-01-23,1,0,17:30-18:00,50,0,1,40
23,2025-01-23,1,0,17:30-18:00,50,0,1,41
23,2025-01-23,1,0,17:30-18:00,50,1,0,42
23,2025-01-23,1,0,17:30-18:00,50,1,0,43
23,2025-01-23,1,0,17:30-18:00,50,0,1,44
23,2025-01-23,1,0,17:30-18:00,50,1,0,45
23,2025-01-23,1,0,17:30-18:00,50,1,0,46
23,2025-01-23,1,0,17:30-18:00,50,0,1,47
23,2025-01-23,1,0,17:30-18:00,50,0,1,48
23,2025-01-23,1,0,17:30-18:00,50,1,0,49
23,2025-01-23,1,0,17:30-18:00,50,0,1,50
23,2025-01-23,1,0,18:00-18:30,50,1,0,1
23,2025-01-23,1,0,18:00-18:30,50,0,1,2
23,2025-01-23,1,0,18:00-18:30,50,0,1,3
23,2025-01-23,1,0,18:00-18:30,50,0,1,4
23,2025-01-23,1,0,18:00-18:30,50,0,1,5
23,2025-01-23,1,0,18:00-18:30,50,0,1,6
23,2025-01-23,1,0,18:00-18:30,50,1,0,7
23,2025-01-23,1,0,18:00-18:30,50,1,0,8
23,2025-01-23,1,0,18:00-18:30,50,1,0,9
23,2025-01-23,1,0,18:00-18:30,50,1,0,10
23,2025-01-23,1,0,18:00-18:30,50,1,0,11
23,2025-01-23,1,0,18:00-18:30,50,0,1,12
23,2025-01-23,1,0,18:00-18:30,50,1,0,13
23,2025-01-23,1,0,18:00-18:30,50,0,1,14
23,2025-01-23,1,0,18:00-18:30,50,1,0,15
23,2025-01-23,1,0,18:00-18:30,50,0,1,16
23,2025-01-23,1,0,18:00-18:30,50,1,0,17
23,2025-01-23,1,0,18:00-18:30,50,0,1,18
23,2025-01-23,1,0,18:00-18:30,50,0,1,19
23,2025-01-23,1,0,18:00-18:30,50,1,0,20
23,2025-01-23,1,0,18:00-18:30,50,0,1,21
23,2025-01-23,1,0,18:00-18:30,50,0,1,22
23,2025-01-23,1,0,18:00-18:30,50,1,0,23
23,2025-01-23,1,0,18:00-18:30,50,0,1,24
23,2025-01-23,1,0,18:00-18:30,50,0,1,25
23,2025-01-23,1,0,18:00-18:30,50,0,1,26
23,2025-01-23,1,0,18:00-18:30,50,0,1,27
23,2025-01-23,1,0,18:00-18:30,50,0,1,28
23,2025-01-23,1,0,18:00-18:30,50,0,1,29
23,2025-01-23,1,0,18:00-18:30,50,1,0,30
23,2025-01-23,1,0,18:00-18:30,50,0,1,31
23,2025-01-23,1,0,18:00-18:30,50,1,0,32
23,2025-01-23,1,0,18:00-18:30,50,1,0,33
23,2025-01-23,1,0,18:00-18:30,50,0,1,34
23,2025-01-23,1,0,18:00-18:30,50,0,1,35
23,2025-01-23,1,0,18:00-18:30,50,0,1,36
23,2025-01-23,1,0,18:00-18:30,50,1,0,37
23,2025-01-23,1,0,18:00-18:30,50,0,1,38
23,2025-01-23,1,0,18:00-18:30,50,1,0,39
23,2025-01-23,1,0,18:00-18:30,50,0,1,40
23,2025-01-23,1,0,18:00-18:30,50,0,1,41
23,2025-01-23,1,0,18:00-18:30,50,1,0,42
23,2025-01-23,1,0,18:00-18:30,50,0,1,43
23,2025-01-23,1,0,18:00-18:30,50,1,0,44
23,2025-01-23,1,0,18:00-18:30,50,1,0,45
23,2025-01-23,1,0,18:00-18:30,50,0,1,46
23,2025-01-23,1,0,18:00-18:30,50,1,0,47
23,2025-01-23,1,0,18:00-18:30,50,0,1,48
23,2025-01-23,1,0,18:00-18:30,50,1,0,49
23,2025-01-23,1,0,18:00-18:30,50,0,1,50
23,2025-01-23,1,0,18:30-19:00,50,0,1,1
23,2025-01-23,1,0,18:30-19:00,50,1,0,2
23,2025-01-23,1,0,18:30-19:00,50,0,1,3
23,2025-01-23,1,0,18:30-19:00,50,1,0,4
23,2025-01-23,1,0,18:30-19:00,50,0,1,5
23,2025-01-23,1,0,18:30-19:00,50,1,0,6
23,2025-01-23,1,0,18:30-19:00,50,1,0,7
23,2025-01-23,1,0,18:30-19:00,50,0,1,8
23,2025-01-23,1,0,18:30-19:00,50,0,1,9
23,2025-01-23,1,0,18:30-19:00,50,0,1,10
23,2025-01-23,1,0,18:30-19:00,50,0,1,11
23,2025-01-23,1,0,18:30-19:00,50,0,1,12
23,2025-01-23,1,0,18:30-19:00,50,1,0,13
23,2025-01-23,1,0,18:30-19:00,50,1,0,14
23,2025-01-23,1,0,18:30-19:00,50,0,1,15
23,2025-01-23,1,0,18:30-19:00,50,0,1,16
23,2025-01-23,1,0,18:30-19:00,50,1,0,17
23,2025-01-23,1,0,18:30-19:00,50,0,1,18
23,2025-01-23,1,0,18:30-19:00,50,0,1,19
23,2025-01-23,1,0,18:30-19:00,50,0,1,20
23,2025-01-23,1,0,18:30-19:00,50,0,1,21
23,2025-01-23,1,0,18:30-19:00,50,1,0,22
23,2025-01-23,1,0,18:30-19:00,50,0,1,23
23,2025-01-23,1,0,18:30-19:00,50,0,1,24
23,2025-01-23,1,0,18:30-19:00,50,1,0,25
23,2025-01-23,1,0,18:30-19:00,50,0,1,26
23,2025-01-23,1,0,18:30-19:00,50,0,1,27
23,2025-01-23,1,0,18:30-19:00,50,0,1,28
23,2025-01-23,1,0,18:30-19:00,50,1,0,29
23,2025-01-23,1,0,18:30-19:00,50,0,1,30
23,2025-01-23,1,0,18:30-19:00,50,0,1,31
23,2025-01-23,1,0,18:30-19:00,50,1,0,32
23,2025-01-23,1,0,18:30-19:00,50,1,0,33
23,2025-01-23,1,0,18:30-19:00,50,0,1,34
23,2025-01-23,1,0,18:30-19:00,50,0,1,35
23,2025-01-23,1,0,18:30-19:00,50,0,1,36
23,2025-01-23,1,0,18:30-19:00,50,0,1,37
23,2025-01-23,1,0,18:30-19:00,50,1,0,38
23,2025-01-23,1,0,18:30-19:00,50,0,1,39
23,2025-01-23,1,0,18:30-19:00,50,1,0,40
23,2025-01-23,1,0,18:30-19:00,50,0,1,41
23,2025-01-23,1,0,18:30-19:00,50,0,1,42
23,2025-01-23,1,0,18:30-19:00,50,1,0,43
23,2025-01-23,1,0,18:30-19:00,50,1,0,44
23,2025-01-23,1,0,18:30-19:00,50,1,0,45
23,2025-01-23,1,0,18:30-19:00,50,0,1,46
23,2025-01-23,1,0,18:30-19:00,50,0,1,47
23,2025-01-23,1,0,18:30-19:00,50,1,0,48
23,2025-01-23,1,0,18:30-19:00,50,0,1,49
23,2025-01-23,1,0,18:30-19:00,50,0,1,50
24,2025-01-24,2,0,07:00-07:30,50,0,1,1
24,2025-01-24,2,0,07:00-07:30,50,1,0,2
24,2025-01-24,2,0,07:00-07:30,50,1,0,3
24,2025-01-24,2,0,07:00-07:30,50,1,0,4
24,2025-01-24,2,0,07:00-07:30,50,1,0,5
24,2025-01-24,2,0,07:00-07:30,50,0,1,6
24,2025-01-24,2,0,07:00-07:30,50,1,0,7
24,2025-01-24,2,0,07:00-07:30,50,1,0,8
24,2025-01-24,2,0,07:00-07:30,50,0,1,9
24,2025-01-24,2,0,07:00-07:30,50,1,0,10
24,2025-01-24,2,0,07:00-07:30,50,0,1,11
24,2025-01-24,2,0,07:00-07:30,50,0,1,12
24,2025-01-24,2,0,07:00-07:30,50,1,0,13
24,2025-01-24,2,0,07:00-07:30,50,1,0,14
24,2025-01-24,2,0,07:00-07:30,50,1,0,15
24,2025-01-24,2,0,07:00-07:30,50,0,1,16
24,2025-01-24,2,0,07:00-07:30,50,1,0,17
24,2025-01-24,2,0,07:00-07:30,50,0,1,18
24,2025-01-24,2,0,07:00-07:30,50,1,0,19
24,2025-01-24,2,0,07:00-07:30,50,0,1,20
24,2025-01-24,2,0,07:00-07:30,50,1,0,21
24,2025-01-24,2,0,07:00-07:30,50,1,0,22
24,2025-01-24,2,0,07:00-07:30,50,1,0,23
24,2025-01-24,2,0,07:00-07:30,50,1,0,24
24,2025-01-24,2,0,07:00-07:30,50,0,1,25
24,2025-01-24,2,0,07:00-07:30,50,0,1,26
24,2025-01-24,2,0,07:00-07:30,50,1,0,27
24,2025-01-24,2,0,07:00-07:30,50,1,0,28
24,2025-01-24,2,0,07:00-07:30,50,1,0,29
24,2025-01-24,2,0,07:00-07:30,50,1,0,30
24,2025-01-24,2,0,07:00-07:30,50,1,0,31
24,2025-01-24,2,0,07:00-07:30,50,1,0,32
24,2025-01-24,2,0,07:00-07:30,50,0,1,33
24,2025-01-24,2,0,07:00-07:30,50,0,1,34
24,2025-01-24,2,0,07:00-07:30,50,0,1,35
24,2025-01-24,2,0,07:00-07:30,50,1,0,36
24,2025-01-24,2,0,07:00-07:30,50,0,1,37
24,2025-01-24,2,0,07:00-07:30,50,1,0,38
24,2025-01-24,2,0,07:00-07:30,50,1,0,39
24,2025-01-24,2,0,07:00-07:30,50,1,0,40
24,2025-01-24,2,0,07:00-07:30,50,1,0,41
24,2025-01-24,2,0,07:00-07:30,50,0,1,42
24,2025-01-24,2,0,07:00-07:30,50,0,1,43
24,2025-01-24,2,0,07:00-07:30,50,1,0,44
24,2025-01-24,2,0,07:00-07:30,50,1,0,45
24,2025-01-24,2,0,07:00-07:30,50,1,0,46
24,2025-01-24,2,0,07:00-07:30,50,0,1,47
24,2025-01-24,2,0,07:00-07:30,50,1,0,48
24,2025-01-24,2,0,07:00-07:30,50,1,0,49
24,2025-01-24,2,0,07:00-07:30,50,0,1,50
24,2025-01-24,2,0,07:30-08:00,50,1,0,1
24,2025-01-24,2,0,07:30-08:00,50,0,1,2
24,2025-01-24,2,0,07:30-08:00,50,0,1,3
24,2025-01-24,2,0,07:30-08:00,50,1,0,4
24,2025-01-24,2,0,07:30-08:00,50,0,1,5
24,2025-01-24,2,0,07:30-08:00,50,0,1,6
24,2025-01-24,2,0,07:30-08:00,50,1,0,7
24,2025-01-24,2,0,07:30-08:00,50,0,1,8
24,2025-01-24,2,0,07:30-08:00,50,0,1,9
24,2025-01-24,2,0,07:30-08:00,50,0,1,10
24,2025-01-24,2,0,07:30-08:00,50,0,1,11
24,2025-01-24,2,0,07:30-08:00,50,0,1,12
24,2025-01-24,2,0,07:30-08:00,50,1,0,13
24,2025-01-24,2,0,07:30-08:00,50,1,0,14
24,2025-01-24,2,0,07:30-08:00,50,0,1,15
24,2025-01-24,2,0,07:30-08:00,50,1,0,16
24,2025-01-24,2,0,07:30-08:00,50,1,0,17
24,2025-01-24,2,0,07:30-08:00,50,1,0,18
24,2025-01-24,2,0,07:30-08:00,50,1,0,19
24,2025-01-24,2,0,07:30-08:00,50,1,0,20
24,2025-01-24,2,0,07:30-08:00,50,1,0,21
24,2025-01-24,2,0,07:30-08:00,50,0,1,22
24,2025-01-24,2,0,07:30-08:00,50,1,0,23
24,2025-01-24,2,0,07:30-08:00,50,1,0,24
24,2025-01-24,2,0,07:30-08:00,50,0,1,25
24,2025-01-24,2,0,07:30-08:00,50,1,0,26
24,2025-01-24,2,0,07:30-08:00,50,1,0,27
24,2025-01-24,2,0,07:30-08:00,50,1,0,28
24,2025-01-24,2,0,07:30-08:00,50,1,0,29
24,2025-01-24,2,0,07:30-08:00,50,1,0,30
24,2025-01-24,2,0,07:30-08:00,50,1,0,31
24,2025-01-24,2,0,07:30-08:00,50,1,0,32
24,2025-01-24,2,0,07:30-08:00,50,1,0,33
24,2025-01-24,2,0,07:30-08:00,50,1,0,34
24,2025-01-24,2,0,07:30-08:00,50,1,0,35
24,2025-01-24,2,0,07:30-08:00,50,1,0,36
24,2025-01-24,2,0,07:30-08:00,50,1,0,37
24,2025-01-24,2,0,07:30-08:00,50,0,1,38
24,2025-01-24,2,0,07:30-08:00,50,0,1,39
24,2025-01-24,2,0,07:30-08:00,50,1,0,40
24,2025-01-24,2,0,07:30-08:00,50,0,1,41
24,2025-01-24,2,0,07:30-08:00,50,1,0,42
24,2025-01-24,2,0,07:30-08:00,50,0,1,43
24,2025-01-24,2,0,07:30-08:00,50,0,1,44
24,2025-01-24,2,0,07:30-08:00,50,1,0,45
24,2025-01-24,2,0,07:30-08:00,50,1,0,46
24,2025-01-24,2,0,07:30-08:00,50,1,0,47
24,2025-01-24,2,0,07:30-08:00,50,0,1,48
24,2025-01-24,2,0,07:30-08:00,50,0,1,49
24,2025-01-24,2,0,07:30-08:00,50,0,1,50
24,2025-01-24,2,0,08:00-08:30,50,0,1,1
24,2025-01-24,2,0,08:00-08:30,50,1,0,2
24,2025-01-24,2,0,08:00-08:30,50,1,0,3
24,2025-01-24,2,0,08:00-08:30,50,1,0,4
24,2025-01-24,2,0,08:00-08:30,50,1,0,5
24,2025-01-24,2,0,08:00-08:30,50,1,0,6
24,2025-01-24,2,0,08:00-08:30,50,1,0,7
24,2025-01-24,2,0,08:00-08:30,50,0,1,8
24,2025-01-24,2,0,08:00-08:30,50,0,1,9
24,2025-01-24,2,0,08:00-08:30,50,0,1,10
24,2025-01-24,2,0,08:00-08:30,50,0,1,11
24,2025-01-24,2,0,08:00-08:30,50,1,0,12
24,2025-01-24,2,0,08:00-08:30,50,1,0,13
24,2025-01-24,2,0,08:00-08:30,50,1,0,14
24,2025-01-24,2,0,08:00-08:30,50,0,1,15
24,2025-01-24,2,0,08:00-08:30,50,1,0,16
24,2025-01-24,2,0,08:00-08:30,50,1,0,17
24,2025-01-24,2,0,08:00-08:30,50,1,0,18
24,2025-01-24,2,0,08:00-08:30,50,0,1,19
24,2025-01-24,2,0,08:00-08:30,50,0,1,20
24,2025-01-24,2,0,08:00-08:30,50,1,0,21
24,2025-01-24,2,0,08:00-08:30,50,1,0,22
24,2025-01-24,2,0,08:00-08:30,50,1,0,23
24,2025-01-24,2,0,08:00-08:30,50,0,1,24
24,2025-01-24,2,0,08:00-08:30,50,1,0,25
24,2025-01-24,2,0,08:00-08:30,50,1,0,26
24,2025-01-24,2,0,08:00-08:30,50,0,1,27
24,2025-01-24,2,0,08:00-08:30,50,0,1,28
24,2025-01-24,2,0,08:00-08:30,50,1,0,29
24,2025-01-24,2,0,08:00-08:30,50,0,1,30
24,2025-01-24,2,0,08:00-08:30,50,0,1,31
24,2025-01-24,2,0,08:00-08:30,50,1,0,32
24,2025-01-24,2,0,08:00-08:30,50,1,0,33
24,2025-01-24,2,0,08:00-08:30,50,0,1,34
24,2025-01-24,2,0,08:00-08:30,50,1,0,35
24,2025-01-24,2,0,08:00-08:30,50,1,0,36
24,2025-01-24,2,0,08:00-08:30,50,0,1,37
24,2025-01-24,2,0,08:00-08:30,50,1,0,38
24,2025-01-24,2,0,08:00-08:30,50,0,1,39
24,2025-01-24,2,0,08:00-08:30,50,1,0,40
24,2025-01-24,2,0,08:00-08:30,50,0,1,41
24,2025-01-24,2,0,08:00-08:30,50,1,0,42
24,2025-01-24,2,0,08:00-08:30,50,1,0,43
24,2025-01-24,2,0,08:00-08:30,50,0,1,44
24,2025-01-24,2,0,08:00-08:30,50,0,1,45
24,2025-01-24,2,0,08:00-08:30,50,1,0,46
24,2025-01-24,2,0,08:00-08:30,50,1,0,47
24,2025-01-24,2,0,08:00-08:30,50,0,1,48
24,2025-01-24,2,0,08:00-08:30,50,0,1,49
24,2025-01-24,2,0,08:00-08:30,50,0,1,50
24,2025-01-24,2,0,08:30-09:00,50,1,0,1
24,2025-01-24,2,0,08:30-09:00,50,1,0,2
24,2025-01-24,2,0,08:30-09:00,50,1,0,3
24,2025-01-24,2,0,08:30-09:00,50,1,0,4
24,2025-01-24,2,0,08:30-09:00,50,0,1,5
24,2025-01-24,2,0,08:30-09:00,50,0,1,6
24,2025-01-24,2,0,08:30-09:00,50,0,1,7
24,2025-01-24,2,0,08:30-09:00,50,1,0,8
24,2025-01-24,2,0,08:30-09:00,50,1,0,9
24,2025-01-24,2,0,08:30-09:00,50,1,0,10
24,2025-01-24,2,0,08:30-09:00,50,0,1,11
24,2025-01-24,2,0,08:30-09:00,50,1,0,12
24,2025-01-24,2,0,08:30-09:00,50,0,1,13
24,2025-01-24,2,0,08:30-09:00,50,1,0,14
24,2025-01-24,2,0,08:30-09:00,50,1,0,15
24,2025-01-24,2,0,08:30-09:00,50,0,1,16
24,2025-01-24,2,0,08:30-09:00,50,0,1,17
24,2025-01-24,2,0,08:30-09:00,50,1,0,18
24,2025-01-24,2,0,08:30-09:00,50,1,0,19
24,2025-01-24,2,0,08:30-09:00,50,0,1,20
24,2025-01-24,2,0,08:30-09:00,50,1,0,21
24,2025-01-24,2,0,08:30-09:00,50,0,1,22
24,2025-01-24,2,0,08:30-09:00,50,1,0,23
24,2025-01-24,2,0,08:30-09:00,50,1,0,24
24,2025-01-24,2,0,08:30-09:00,50,1,0,25
24,2025-01-24,2,0,08:30-09:00,50,1,0,26
24,2025-01-24,2,0,08:30-09:00,50,0,1,27
24,2025-01-24,2,0,08:30-09:00,50,1,0,28
24,2025-01-24,2,0,08:30-09:00,50,1,0,29
24,2025-01-24,2,0,08:30-09:00,50,0,1,30
24,2025-01-24,2,0,08:30-09:00,50,0,1,31
24,2025-01-24,2,0,08:30-09:00,50,0,1,32
24,2025-01-24,2,0,08:30-09:00,50,1,0,33
24,2025-01-24,2,0,08:30-09:00,50,0,1,34
24,2025-01-24,2,0,08:30-09:00,50,0,1,35
24,2025-01-24,2,0,08:30-09:00,50,1,0,36
24,2025-01-24,2,0,08:30-09:00,50,1,0,37
24,2025-01-24,2,0,08:30-09:00,50,0,1,38
24,2025-01-24,2,0,08:30-09:00,50,1,0,39
24,2025-01-24,2,0,08:30-09:00,50,0,1,40
24,2025-01-24,2,0,08:30-09:00,50,1,0,41
24,2025-01-24,2,0,08:30-09:00,50,0,1,42
24,2025-01-24,2,0,08:30-09:00,50,1,0,43
24,2025-01-24,2,0,08:30-09:00,50,0,1,44
24,2025-01-24,2,0,08:30-09:00,50,1,0,45
24,2025-01-24,2,0,08:30-09:00,50,1,0,46
24,2025-01-24,2,0,08:30-09:00,50,1,0,47
24,2025-01-24,2,0,08:30-09:00,50,0,1,48
24,2025-01-24,2,0,08:30-09:00,50,1,0,49
24,2025-01-24,2,0,08:30-09:00,50,1,0,50
24,2025-01-24,2,0,09:00-09:30,50,1,0,1
24,2025-01-24,2,0,09:00-09:30,50,0,1,2
24,2025-01-24,2,0,09:00-09:30,50,1,0,3
24,2025-01-24,2,0,09:00-09:30,50,1,0,4
24,2025-01-24,2,0,09:00-09:30,50,1,0,5
24,2025-01-24,2,0,09:00-09:30,50,0,1,6
24,2025-01-24,2,0,09:00-09:30,50,0,1,7
24,2025-01-24,2,0,09:00-09:30,50,1,0,8
24,2025-01-24,2,0,09:00-09:30,50,1,0,9
24,2025-01-24,2,0,09:00-09:30,50,1,0,10
24,2025-01-24,2,0,09:00-09:30,50,1,0,11
24,2025-01-24,2,0,09:00-09:30,50,0,1,12
24,2025-01-24,2,0,09:00-09:30,50,0,1,13
24,2025-01-24,2,0,09:00-09:30,50,0,1,14
24,2025-01-24,2,0,09:00-09:30,50,1,0,15
24,2025-01-24,2,0,09:00-09:30,50,0,1,16
24,2025-01-24,2,0,09:00-09:30,50,1,0,17
24,2025-01-24,2,0,09:00-09:30,50,0,1,18
24,2025-01-24,2,0,09:00-09:30,50,0,1,19
24,2025-01-24,2,0,09:00-09:30,50,1,0,20
24,2025-01-24,2,0,09:00-09:30,50,0,1,21
24,2025-01-24,2,0,09:00-09:30,50,0,1,22
24,2025-01-24,2,0,09:00-09:30,50,0,1,23
24,2025-01-24,2,0,09:00-09:30,50,1,0,24
24,2025-01-24,2,0,09:00-09:30,50,1,0,25
24,2025-01-24,2,0,09:00-09:30,50,1,0,26
24,2025-01-24,2,0,09:00-09:30,50,0,1,27
24,2025-01-24,2,0,09:00-09:30,50,1,0,28
24,2025-01-24,2,0,09:00-09:30,50,0,1,29
24,2025-01-24,2,0,09:00-09:30,50,0,1,30
24,2025-01-24,2,0,09:00-09:30,50,0,1,31
24,2025-01-24,2,0,09:00-09:30,50,1,0,32
24,2025-01-24,2,0,09:00-09:30,50,1,0,33
24,2025-01-24,2,0,09:00-09:30,50,1,0,34
24,2025-01-24,2,0,09:00-09:30,50,0,1,35
24,2025-01-24,2,0,09:00-09:30,50,1,0,36
24,2025-01-24,2,0,09:00-09:30,50,0,1,37
24,2025-01-24,2,0,09:00-09:30,50,1,0,38
24,2025-01-24,2,0,09:00-09:30,50,1,0,39
24,2025-01-24,2,0,09:00-09:30,50,0,1,40
24,2025-01-24,2,0,09:00-09:30,50,1,0,41
24,2025-01-24,2,0,09:00-09:30,50,0,1,42
24,2025-01-24,2,0,09:00-09:30,50,0,1,43
24,2025-01-24,2,0,09:00-09:30,50,0,1,44
24,2025-01-24,2,0,09:00-09:30,50,1,0,45
24,2025-01-24,2,0,09:00-09:30,50,0,1,46
24,2025-01-24,2,0,09:00-09:30,50,0,1,47
24,2025-01-24,2,0,09:00-09:30,50,0,1,48
24,2025-01-24,2,0,09:00-09:30,50,0,1,49
24,2025-01-24,2,0,09:00-09:30,50,0,1,50
24,2025-01-24,2,0,09:30-10:00,50,0,1,1
24,2025-01-24,2,0,09:30-10:00,50,0,1,2
24,2025-01-24,2,0,09:30-10:00,50,1,0,3
24,2025-01-24,2,0,09:30-10:00,50,0,1,4
24,2025-01-24,2,0,09:30-10:00,50,0,1,5
24,2025-01-24,2,0,09:30-10:00,50,0,1,6
24,2025-01-24,2,0,09:30-10:00,50,1,0,7
24,2025-01-24,2,0,09:30-10:00,50,0,1,8
24,2025-01-24,2,0,09:30-10:00,50,0,1,9
24,2025-01-24,2,0,09:30-10:00,50,0,1,10
24,2025-01-24,2,0,09:30-10:00,50,0,1,11
24,2025-01-24,2,0,09:30-10:00,50,1,0,12
24,2025-01-24,2,0,09:30-10:00,50,1,0,13
24,2025-01-24,2,0,09:30-10:00,50,0,1,14
24,2025-01-24,2,0,09:30-10:00,50,0,1,15
24,2025-01-24,2,0,09:30-10:00,50,1,0,16
24,2025-01-24,2,0,09:30-10:00,50,1,0,17
24,2025-01-24,2,0,09:30-10:00,50,0,1,18
24,2025-01-24,2,0,09:30-10:00,50,0,1,19
24,2025-01-24,2,0,09:30-10:00,50,1,0,20
24,2025-01-24,2,0,09:30-10:00,50,0,1,21
24,2025-01-24,2,0,09:30-10:00,50,1,0,22
24,2025-01-24,2,0,09:30-10:00,50,1,0,23
24,2025-01-24,2,0,09:30-10:00,50,0,1,24
24,2025-01-24,2,0,09:30-10:00,50,1,0,25
24,2025-01-24,2,0,09:30-10:00,50,1,0,26
24,2025-01-24,2,0,09:30-10:00,50,1,0,27
24,2025-01-24,2,0,09:30-10:00,50,0,1,28
24,2025-01-24,2,0,09:30-10:00,50,0,1,29
24,2025-01-24,2,0,09:30-10:00,50,0,1,30
24,2025-01-24,2,0,09:30-10:00,50,1,0,31
24,2025-01-24,2,0,09:30-10:00,50,0,1,32
24,2025-01-24,2,0,09:30-10:00,50,0,1,33
24,2025-01-24,2,0,09:30-10:00,50,0,1,34
24,2025-01-24,2,0,09:30-10:00,50,0,1,35
24,2025-01-24,2,0,09:30-10:00,50,0,1,36
24,2025-01-24,2,0,09:30-10:00,50,0,1,37
24,2025-01-24,2,0,09:30-10:00,50,0,1,38
24,2025-01-24,2,0,09:30-10:00,50,0,1,39
24,2025-01-24,2,0,09:30-10:00,50,1,0,40
24,2025-01-24,2,0,09:30-10:00,50,1,0,41
24,2025-01-24,2,0,09:30-10:00,50,0,1,42
24,2025-01-24,2,0,09:30-10:00,50,1,0,43
24,2025-01-24,2,0,09:30-10:00,50,0,1,44
24,2025-01-24,2,0,09:30-10:00,50,0,1,45
24,2025-01-24,2,0,09:30-10:00,50,0,1,46
24,2025-01-24,2,0,09:30-10:00,50,1,0,47
24,2025-01-24,2,0,09:30-10:00,50,0,1,48
24,2025-01-24,2,0,09:30-10:00,50,0,1,49
24,2025-01-24,2,0,09:30-10:00,50,0,1,50
24,2025-01-24,2,0,16:00-16:30,50,1,0,1
24,2025-01-24,2,0,16:00-16:30,50,0,1,2
24,2025-01-24,2,0,16:00-16:30,50,1,0,3
24,2025-01-24,2,0,16:00-16:30,50,1,0,4
24,2025-01-24,2,0,16:00-16:30,50,0,1,5
24,2025-01-24,2,0,16:00-16:30,50,1,0,6
24,2025-01-24,2,0,16:00-16:30,50,1,0,7
24,2025-01-24,2,0,16:00-16:30,50,0,1,8
24,2025-01-24,2,0,16:00-16:30,50,1,0,9
24,2025-01-24,2,0,16:00-16:30,50,0,1,10
24,2025-01-24,2,0,16:00-16:30,50,0,1,11
24,2025-01-24,2,0,16:00-16:30,50,0,1,12
24,2025-01-24,2,0,16:00-16:30,50,0,1,13
24,2025-01-24,2,0,16:00-16:30,50,1,0,14
24,2025-01-24,2,0,16:00-16:30,50,0,1,15
24,2025-01-24,2,0,16:00-16:30,50,1,0,16
24,2025-01-24,2,0,16:00-16:30,50,0,1,17
24,2025-01-24,2,0,16:00-16:30,50,1,0,18
24,2025-01-24,2,0,16:00-16:30,50,0,1,19
24,2025-01-24,2,0,16:00-16:30,50,0,1,20
24,2025-01-24,2,0,16:00-16:30,50,0,1,21
24,2025-01-24,2,0,16:00-16:30,50,1,0,22
24,2025-01-24,2,0,16:00-16:30,50,0,1,23
24,2025-01-24,2,0,16:00-16:30,50,0,1,24
24,2025-01-24,2,0,16:00-16:30,50,0,1,25
24,2025-01-24,2,0,16:00-16:30,50,1,0,26
24,2025-01-24,2,0,16:00-16:30,50,1,0,27
24,2025-01-24,2,0,16:00-16:30,50,1,0,28
24,2025-01-24,2,0,16:00-16:30,50,1,0,29
24,2025-01-24,2,0,16:00-16:30,50,1,0,30
24,2025-01-24,2,0,16:00-16:30,50,0,1,31
24,2025-01-24,2,0,16:00-16:30,50,1,0,32
24,2025-01-24,2,0,16:00-16:30,50,0,1,33
24,2025-01-24,2,0,16:00-16:30,50,0,1,34
24,2025-01-24,2,0,16:00-16:30,50,0,1,35
24,2025-01-24,2,0,16:00-16:30,50,1,0,36
24,2025-01-24,2,0,16:00-16:30,50,0,1,37
24,2025-01-24,2,0,16:00-16:30,50,1,0,38
24,2025-01-24,2,0,16:00-16:30,50,1,0,39
24,2025-01-24,2,0,16:00-16:30,50,0,1,40
24,2025-01-24,2,0,16:00-16:30,50,1,0,41
24,2025-01-24,2,0,16:00-16:30,50,1,0,42
24,2025-01-24,2,0,16:00-16:30,50,1,0,43
24,2025-01-24,2,0,16:00-16:30,50,1,0,44
24,2025-01-24,2,0,16:00-16:30,50,1,0,45
24,2025-01-24,2,0,16:00-16:30,50,0,1,46
24,2025-01-24,2,0,16:00-16:30,50,0,1,47
24,2025-01-24,2,0,16:00-16:30,50,1,0,48
24,2025-01-24,2,0,16:00-16:30,50,0,1,49
24,2025-01-24,2,0,16:00-16:30,50,1,0,50
24,2025-01-24,2,0,16:30-17:00,50,0,1,1
24,2025-01-24,2,0,16:30-17:00,50,1,0,2
24,2025-01-24,2,0,16:30-17:00,50,1,0,3
24,2025-01-24,2,0,16:30-17:00,50,0,1,4
24,2025-01-24,2,0,16:30-17:00,50,0,1,5
24,2025-01-24,2,0,16:30-17:00,50,1,0,6
24,2025-01-24,2,0,16:30-17:00,50,0,1,7
24,2025-01-24,2,0,16:30-17:00,50,1,0,8
24,2025-01-24,2,0,16:30-17:00,50,1,0,9
24,2025-01-24,2,0,16:30-17:00,50,1,0,10
24,2025-01-24,2,0,16:30-17:00,50,1,0,11
24,2025-01-24,2,0,16:30-17:00,50,1,0,12
24,2025-01-24,2,0,16:30-17:00,50,1,0,13
24,2025-01-24,2,0,16:30-17:00,50,0,1,14
24,2025-01-24,2,0,16:30-17:00,50,1,0,15
24,2025-01-24,2,0,16:30-17:00,50,1,0,16
24,2025-01-24,2,0,16:30-17:00,50,0,1,17
24,2025-01-24,2,0,16:30-17:00,50,1,0,18
24,2025-01-24,2,0,16:30-17:00,50,0,1,19
24,2025-01-24,2,0,16:30-17:00,50,0,1,20
24,2025-01-24,2,0,16:30-17:00,50,1,0,21
24,2025-01-24,2,0,16:30-17:00,50,1,0,22
24,2025-01-24,2,0,16:30-17:00,50,0,1,23
24,2025-01-24,2,0,16:30-17:00,50,0,1,24
24,2025-01-24,2,0,16:30-17:00,50,1,0,25
24,2025-01-24,2,0,16:30-17:00,50,1,0,26
24,2025-01-24,2,0,16:30-17:00,50,1,0,27
24,2025-01-24,2,0,16:30-17:00,50,0,1,28
24,2025-01-24,2,0,16:30-17:00,50,0,1,29
24,2025-01-24,2,0,16:30-17:00,50,0,1,30
24,2025-01-24,2,0,16:30-17:00,50,1,0,31
24,2025-01-24,2,0,16:30-17:00,50,1,0,32
24,2025-01-24,2,0,16:30-17:00,50,0,1,33
24,2025-01-24,2,0,16:30-17:00,50,0,1,34
24,2025-01-24,2,0,16:30-17:00,50,0,1,35
24,2025-01-24,2,0,16:30-17:00,50,1,0,36
24,2025-01-24,2,0,16:30-17:00,50,1,0,37
24,2025-01-24,2,0,16:30-17:00,50,1,0,38
24,2025-01-24,2,0,16:30-17:00,50,0,1,39
24,2025-01-24,2,0,16:30-17:00,50,1,0,40
24,2025-01-24,2,0,16:30-17:00,50,0,1,41
24,2025-01-24,2,0,16:30-17:00,50,0,1,42
24,2025-01-24,2,0,16:30-17:00,50,0,1,43
24,2025-01-24,2,0,16:30-17:00,50,1,0,44
24,2025-01-24,2,0,16:30-17:00,50,1,0,45
24,2025-01-24,2,0,16:30-17:00,50,0,1,46
24,2025-01-24,2,0,16:30-17:00,50,1,0,47
24,2025-01-24,2,0,16:30-17:00,50,1,0,48
24,2025-01-24,2,0,16:30-17:00,50,1,0,49
24,2025-01-24,2,0,16:30-17:00,50,1,0,50
24,2025-01-24,2,0,17:00-17:30,50,0,1,1
24,2025-01-24,2,0,17:00-17:30,50,0,1,2
24,2025-01-24,2,0,17:00-17:30,50,1,0,3
24,2025-01-24,2,0,17:00-17:30,50,0,1,4
24,2025-01-24,2,0,17:00-17:30,50,1,0,5
24,2025-01-24,2,0,17:00-17:30,50,1,0,6
24,2025-01-24,2,0,17:00-17:30,50,0,1,7
24,2025-01-24,2,0,17:00-17:30,50,1,0,8
24,2025-01-24,2,0,17:00-17:30,50,0,1,9
24,2025-01-24,2,0,17:00-17:30,50,0,1,10
24,2025-01-24,2,0,17:00-17:30,50,0,1,11
24,2025-01-24,2,0,17:00-17:30,50,1,0,12
24,2025-01-24,2,0,17:00-17:30,50,1,0,13
24,2025-01-24,2,0,17:00-17:30,50,0,1,14
24,2025-01-24,2,0,17:00-17:30,50,0,1,15
24,2025-01-24,2,0,17:00-17:30,50,0,1,16
24,2025-01-24,2,0,17:00-17:30,50,0,1,17
24,2025-01-24,2,0,17:00-17:30,50,1,0,18
24,2025-01-24,2,0,17:00-17:30,50,0,1,19
24,2025-01-24,2,0,17:00-17:30,50,1,0,20
24,2025-01-24,2,0,17:00-17:30,50,1,0,21
24,2025-01-24,2,0,17:00-17:30,50,0,1,22
24,2025-01-24,2,0,17:00-17:30,50,1,0,23
24,2025-01-24,2,0,17:00-17:30,50,1,0,24
24,2025-01-24,2,0,17:00-17:30,50,1,0,25
24,2025-01-24,2,0,17:00-17:30,50,0,1,26
24,2025-01-24,2,0,17:00-17:30,50,1,0,27
24,2025-01-24,2,0,17:00-17:30,50,0,1,28
24,2025-01-24,2,0,17:00-17:30,50,1,0,29
24,2025-01-24,2,0,17:00-17:30,50,1,0,30
24,2025-01-24,2,0,17:00-17:30,50,0,1,31
24,2025-01-24,2,0,17:00-17:30,50,1,0,32
24,2025-01-24,2,0,17:00-17:30,50,0,1,33
24,2025-01-24,2,0,17:00-17:30,50,1,0,34
24,2025-01-24,2,0,17:00-17:30,50,1,0,35
24,2025-01-24,2,0,17:00-17:30,50,1,0,36
24,2025-01-24,2,0,17:00-17:30,50,0,1,37
24,2025-01-24,2,0,17:00-17:30,50,0,1,38
24,2025-01-24,2,0,17:00-17:30,50,1,0,39
24,2025-01-24,2,0,17:00-17:30,50,0,1,40
24,2025-01-24,2,0,17:00-17:30,50,0,1,41
24,2025-01-24,2,0,17:00-17:30,50,0,1,42
24,2025-01-24,2,0,17:00-17:30,50,1,0,43
24,2025-01-24,2,0,17:00-17:30,50,0,1,44
24,2025-01-24,2,0,17:00-17:30,50,1,0,45
24,2025-01-24,2,0,17:00-17:30,50,0,1,46
24,2025-01-24,2,0,17:00-17:30,50,1,0,47
24,2025-01-24,2,0,17:00-17:30,50,0,1,48
24,2025-01-24,2,0,17:00-17:30,50,1,0,49
24,2025-01-24,2,0,17:00-17:30,50,0,1,50
24,2025-01-24,2,0,17:30-18:00,50,0,1,1
24,2025-01-24,2,0,17:30-18:00,50,0,1,2
24,2025-01-24,2,0,17:30-18:00,50,0,1,3
24,2025-01-24,2,0,17:30-18:00,50,1,0,4
24,2025-01-24,2,0,17:30-18:00,50,1,0,5
24,2025-01-24,2,0,17:30-18:00,50,1,0,6
24,2025-01-24,2,0,17:30-18:00,50,0,1,7
24,2025-01-24,2,0,17:30-18:00,50,0,1,8
24,2025-01-24,2,0,17:30-18:00,50,0,1,9
24,2025-01-24,2,0,17:30-18:00,50,0,1,10
24,2025-01-24,2,0,17:30-18:00,50,1,0,11
24,2025-01-24,2,0,17:30-18:00,50,1,0,12
24,2025-01-24,2,0,17:30-18:00,50,1,0,13
24,2025-01-24,2,0,17:30-18:00,50,1,0,14
24,2025-01-24,2,0,17:30-18:00,50,0,1,15
24,2025-01-24,2,0,17:30-18:00,50,0,1,16
24,2025-01-24,2,0,17:30-18:00,50,1,0,17
24,2025-01-24,2,0,17:30-18:00,50,0,1,18
24,2025-01-24,2,0,17:30-18:00,50,0,1,19
24,2025-01-24,2,0,17:30-18:00,50,1,0,20
24,2025-01-24,2,0,17:30-18:00,50,0,1,21
24,2025-01-24,2,0,17:30-18:00,50,1,0,22
24,2025-01-24,2,0,17:30-18:00,50,0,1,23
24,2025-01-24,2,0,17:30-18:00,50,1,0,24
24,2025-01-24,2,0,17:30-18:00,50,0,1,25
24,2025-01-24,2,0,17:30-18:00,50,0,1,26
24,2025-01-24,2,0,17:30-18:00,50,0,1,27
24,2025-01-24,2,0,17:30-18:00,50,0,1,28
24,2025-01-24,2,0,17:30-18:00,50,1,0,29
24,2025-01-24,2,0,17:30-18:00,50,1,0,30
24,2025-01-24,2,0,17:30-18:00,50,1,0,31
24,2025-01-24,2,0,17:30-18:00,50,1,0,32
24,2025-01-24,2,0,17:30-18:00,50,1,0,33
24,2025-01-24,2,0,17:30-18:00,50,1,0,34
24,2025-01-24,2,0,17:30-18:00,50,0,1,35
24,2025-01-24,2,0,17:30-18:00,50,0,1,36
24,2025-01-24,2,0,17:30-18:00,50,1,0,37
24,2025-01-24,2,0,17:30-18:00,50,0,1,38
24,2025-01-24,2,0,17:30-18:00,50,1,0,39
24,2025-01-24,2,0,17:30-18:00,50,0,1,40
24,2025-01-24,2,0,17:30-18:00,50,1,0,41
24,2025-01-24,2,0,17:30-18:00,50,1,0,42
24,2025-01-24,2,0,17:30-18:00,50,0,1,43
24,2025-01-24,2,0,17:30-18:00,50,0,1,44
24,2025-01-24,2,0,17:30-18:00,50,0,1,45
24,2025-01-24,2,0,17:30-18:00,50,0,1,46
24,2025-01-24,2,0,17:30-18:00,50,1,0,47
24,2025-01-24,2,0,17:30-18:00,50,0,1,48
24,2025-01-24,2,0,17:30-18:00,50,0,1,49
24,2025-01-24,2,0,17:30-18:00,50,1,0,50
24,2025-01-24,2,0,18:00-18:30,50,0,1,1
24,2025-01-24,2,0,18:00-18:30,50,1,0,2
24,2025-01-24,2,0,18:00-18:30,50,0,1,3
24,2025-01-24,2,0,18:00-18:30,50,0,1,4
24,2025-01-24,2,0,18:00-18:30,50,1,0,5
24,2025-01-24,2,0,18:00-18:30,50,1,0,6
24,2025-01-24,2,0,18:00-18:30,50,1,0,7
24,2025-01-24,2,0,18:00-18:30,50,1,0,8
24,2025-01-24,2,0,18:00-18:30,50,1,0,9
24,2025-01-24,2,0,18:00-18:30,50,0,1,10
24,2025-01-24,2,0,18:00-18:30,50,0,1,11
24,2025-01-24,2,0,18:00-18:30,50,0,1,12
24,2025-01-24,2,0,18:00-18:30,50,1,0,13
24,2025-01-24,2,0,18:00-18:30,50,1,0,14
24,2025-01-24,2,0,18:00-18:30,50,0,1,15
24,2025-01-24,2,0,18:00-18:30,50,0,1,16
24,2025-01-24,2,0,18:00-18:30,50,0,1,17
24,2025-01-24,2,0,18:00-18:30,50,0,1,18
24,2025-01-24,2,0,18:00-18:30,50,0,1,19
24,2025-01-24,2,0,18:00-18:30,50,0,1,20
24,2025-01-24,2,0,18:00-18:30,50,1,0,21
24,2025-01-24,2,0,18:00-18:30,50,1,0,22
24,2025-01-24,2,0,18:00-18:30,50,0,1,23
24,2025-01-24,2,0,18:00-18:30,50,1,0,24
24,2025-01-24,2,0,18:00-18:30,50,0,1,25
24,2025-01-24,2,0,18:00-18:30,50,1,0,26
24,2025-01-24,2,0,18:00-18:30,50,0,1,27
24,2025-01-24,2,0,18:00-18:30,50,0,1,28
24,2025-01-24,2,0,18:00-18:30,50,0,1,29
24,2025-01-24,2,0,18:00-18:30,50,1,0,30
24,2025-01-24,2,0,18:00-18:30,50,0,1,31
24,2025-01-24,2,0,18:00-18:30,50,1,0,32
24,2025-01-24,2,0,18:00-18:30,50,0,1,33
24,2025-01-24,2,0,18:00-18:30,50,0,1,34
24,2025-01-24,2,0,18:00-18:30,50,1,0,35
24,2025-01-24,2,0,18:00-18:30,50,1,0,36
24,2025-01-24,2,0,18:00-18:30,50,0,1,37
24,2025-01-24,2,0,18:00-18:30,50,1,0,38
24,2025-01-24,2,0,18:00-18:30,50,1,0,39
24,2025-01-24,2,0,18:00-18:30,50,1,0,40
24,2025-01-24,2,0,18:00-18:30,50,1,0,41
24,2025-01-24,2,0,18:00-18:30,50,0,1,42
24,2025-01-24,2,0,18:00-18:30,50,1,0,43
24,2025-01-24,2,0,18:00-18:30,50,1,0,44
24,2025-01-24,2,0,18:00-18:30,50,0,1,45
24,2025-01-24,2,0,18:00-18:30,50,1,0,46
24,2025-01-24,2,0,18:00-18:30,50,1,0,47
24,2025-01-24,2,0,18:00-18:30,50,1,0,48
24,2025-01-24,2,0,18:00-18:30,50,1,0,49
24,2025-01-24,2,0,18:00-18:30,50,1,0,50
24,2025-01-24,2,0,18:30-19:00,50,0,1,1
24,2025-01-24,2,0,18:30-19:00,50,1,0,2
24,2025-01-24,2,0,18:30-19:00,50,0,1,3
24,2025-01-24,2,0,18:30-19:00,50,1,0,4
24,2025-01-24,2,0,18:30-19:00,50,0,1,5
24,2025-01-24,2,0,18:30-19:00,50,0,1,6
24,2025-01-24,2,0,18:30-19:00,50,0,1,7
24,2025-01-24,2,0,18:30-19:00,50,0,1,8
24,2025-01-24,2,0,18:30-19:00,50,0,1,9
24,2025-01-24,2,0,18:30-19:00,50,1,0,10
24,2025-01-24,2,0,18:30-19:00,50,1,0,11
24,2025-01-24,2,0,18:30-19:00,50,0,1,12
24,2025-01-24,2,0,18:30-19:00,50,1,0,13
24,2025-01-24,2,0,18:30-19:00,50,1,0,14
24,2025-01-24,2,0,18:30-19:00,50,0,1,15
24,2025-01-24,2,0,18:30-19:00,50,0,1,16
24,2025-01-24,2,0,18:30-19:00,50,0,1,17
24,2025-01-24,2,0,18:30-19:00,50,1,0,18
24,2025-01-24,2,0,18:30-19:00,50,1,0,19
24,2025-01-24,2,0,18:30-19:00,50,1,0,20
24,2025-01-24,2,0,18:30-19:00,50,0,1,21
24,2025-01-24,2,0,18:30-19:00,50,0,1,22
24,2025-01-24,2,0,18:30-19:00,50,1,0,23
24,2025-01-24,2,0,18:30-19:00,50,0,1,24
24,2025-01-24,2,0,18:30-19:00,50,1,0,25
24,2025-01-24,2,0,18:30-19:00,50,0,1,26
24,2025-01-24,2,0,18:30-19:00,50,1,0,27
24,2025-01-24,2,0,18:30-19:00,50,0,1,28
24,2025-01-24,2,0,18:30-19:00,50,1,0,29
24,2025-01-24,2,0,18:30-19:00,50,1,0,30
24,2025-01-24,2,0,18:30-19:00,50,0,1,31
24,2025-01-24,2,0,18:30-19:00,50,0,1,32
24,2025-01-24,2,0,18:30-19:00,50,1,0,33
24,2025-01-24,2,0,18:30-19:00,50,0,1,34
24,2025-01-24,2,0,18:30-19:00,50,0,1,35
24,2025-01-24,2,0,18:30-19:00,50,0,1,36
24,2025-01-24,2,0,18:30-19:00,50,0,1,37
24,2025-01-24,2,0,18:30-19:00,50,1,0,38
24,2025-01-24,2,0,18:30-19:00,50,0,1,39
24,2025-01-24,2,0,18:30-19:00,50,0,1,40
24,2025-01-24,2,0,18:30-19:00,50,0,1,41
24,2025-01-24,2,0,18:30-19:00,50,0,1,42
24,2025-01-24,2,0,18:30-19:00,50,0,1,43
24,2025-01-24,2,0,18:30-19:00,50,0,1,44
24,2025-01-24,2,0,18:30-19:00,50,0,1,45
24,2025-01-24,2,0,18:30-19:00,50,0,1,46
24,2025-01-24,2,0,18:30-19:00,50,1,0,47
24,2025-01-24,2,0,18:30-19:00,50,1,0,48
24,2025-01-24,2,0,18:30-19:00,50,0,1,49
24,2025-01-24,2,0,18:30-19:00,50,1,0,50
25,2025-01-25,3,0,07:00-07:30,50,1,0,1
25,2025-01-25,3,0,07:00-07:30,50,0,1,2
25,2025-01-25,3,0,07:00-07:30,50,0,1,3
25,2025-01-25,3,0,07:00-07:30,50,1,0,4
25,2025-01-25,3,0,07:00-07:30,50,1,0,5
25,2025-01-25,3,0,07:00-07:30,50,1,0,6
25,2025-01-25,3,0,07:00-07:30,50,0,1,7
25,2025-01-25,3,0,07:00-07:30,50,1,0,8
25,2025-01-25,3,0,07:00-07:30,50,1,0,9
25,2025-01-25,3,0,07:00-07:30,50,0,1,10
25,2025-01-25,3,0,07:00-07:30,50,1,0,11
25,2025-01-25,3,0,07:00-07:30,50,1,0,12
25,2025-01-25,3,0,07:00-07:30,50,1,0,13
25,2025-01-25,3,0,07:00-07:30,50,1,0,14
25,2025-01-25,3,0,07:00-07:30,50,0,1,15
25,2025-01-25,3,0,07:00-07:30,50,1,0,16
25,2025-01-25,3,0,07:00-07:30,50,1,0,17
25,2025-01-25,3,0,07:00-07:30,50,0,1,18
25,2025-01-25,3,0,07:00-07:30,50,1,0,19
25,2025-01-25,3,0,07:00-07:30,50,1,0,20
25,2025-01-25,3,0,07:00-07:30,50,1,0,21
25,2025-01-25,3,0,07:00-07:30,50,1,0,22
25,2025-01-25,3,0,07:00-07:30,50,1,0,23
25,2025-01-25,3,0,07:00-07:30,50,0,1,24
25,2025-01-25,3,0,07:00-07:30,50,1,0,25
25,2025-01-25,3,0,07:00-07:30,50,1,0,26
25,2025-01-25,3,0,07:00-07:30,50,1,0,27
25,2025-01-25,3,0,07:00-07:30,50,0,1,28
25,2025-01-25,3,0,07:00-07:30,50,0,1,29
25,2025-01-25,3,0,07:00-07:30,50,1,0,30
25,2025-01-25,3,0,07:00-07:30,50,1,0,31
25,2025-01-25,3,0,07:00-07:30,50,1,0,32
25,2025-01-25,3,0,07:00-07:30,50,1,0,33
25,2025-01-25,3,0,07:00-07:30,50,1,0,34
25,2025-01-25,3,0,07:00-07:30,50,1,0,35
25,2025-01-25,3,0,07:00-07:30,50,0,1,36
25,2025-01-25,3,0,07:00-07:30,50,1,0,37
25,2025-01-25,3,0,07:00-07:30,50,1,0,38
25,2025-01-25,3,0,07:00-07:30,50,0,1,39
25,2025-01-25,3,0,07:00-07:30,50,1,0,40
25,2025-01-25,3,0,07:00-07:30,50,1,0,41
25,2025-01-25,3,0,07:00-07:30,50,1,0,42
25,2025-01-25,3,0,07:00-07:30,50,0,1,43
25,2025-01-25,3,0,07:00-07:30,50,1,0,44
25,2025-01-25,3,0,07:00-07:30,50,1,0,45
25,2025-01-25,3,0,07:00-07:30,50,1,0,46
25,2025-01-25,3,0,07:00-07:30,50,1,0,47
25,2025-01-25,3,0,07:00-07:30,50,1,0,48
25,2025-01-25,3,0,07:00-07:30,50,1,0,49
25,2025-01-25,3,0,07:00-07:30,50,1,0,50
25,2025-01-25,3,0,07:30-08:00,50,0,1,1
25,2025-01-25,3,0,07:30-08:00,50,0,1,2
25,2025-01-25,3,0,07:30-08:00,50,1,0,3
25,2025-01-25,3,0,07:30-08:00,50,0,1,4
25,2025-01-25,3,0,07:30-08:00,50,1,0,5
25,2025-01-25,3,0,07:30-08:00,50,1,0,6
25,2025-01-25,3,0,07:30-08:00,50,1,0,7
25,2025-01-25,3,0,07:30-08:00,50,1,0,8
25,2025-01-25,3,0,07:30-08:00,50,1,0,9
25,2025-01-25,3,0,07:30-08:00,50,1,0,10
25,2025-01-25,3,0,07:30-08:00,50,1,0,11
25,2025-01-25,3,0,07:30-08:00,50,0,1,12
25,2025-01-25,3,0,07:30-08:00,50,0,1,13
25,2025-01-25,3,0,07:30-08:00,50,1,0,14
25,2025-01-25,3,0,07:30-08:00,50,0,1,15
25,2025-01-25,3,0,07:30-08:00,50,1,0,16
25,2025-01-25,3,0,07:30-08:00,50,1,0,17
25,2025-01-25,3,0,07:30-08:00,50,0,1,18
25,2025-01-25,3,0,07:30-08:00,50,0,1,19
25,2025-01-25,3,0,07:30-08:00,50,0,1,20
25,2025-01-25,3,0,07:30-08:00,50,0,1,21
25,2025-01-25,3,0,07:30-08:00,50,1,0,22
25,2025-01-25,3,0,07:30-08:00,50,0,1,23
25,2025-01-25,3,0,07:30-08:00,50,1,0,24
25,2025-01-25,3,0,07:30-08:00,50,1,0,25
25,2025-01-25,3,0,07:30-08:00,50,1,0,26
25,2025-01-25,3,0,07:30-08:00,50,1,0,27
25,2025-01-25,3,0,07:30-08:00,50,0,1,28
25,2025-01-25,3,0,07:30-08:00,50,0,1,29
25,2025-01-25,3,0,07:30-08:00,50,0,1,30
25,2025-01-25,3,0,07:30-08:00,50,1,0,31
25,2025-01-25,3,0,07:30-08:00,50,1,0,32
25,2025-01-25,3,0,07:30-08:00,50,1,0,33
25,2025-01-25,3,0,07:30-08:00,50,1,0,34
25,2025-01-25,3,0,07:30-08:00,50,1,0,35
25,2025-01-25,3,0,07:30-08:00,50,1,0,36
25,2025-01-25,3,0,07:30-08:00,50,1,0,37
25,2025-01-25,3,0,07:30-08:00,50,1,0,38
25,2025-01-25,3,0,07:30-08:00,50,1,0,39
25,2025-01-25,3,0,07:30-08:00,50,0,1,40
25,2025-01-25,3,0,07:30-08:00,50,1,0,41
25,2025-01-25,3,0,07:30-08:00,50,1,0,42
25,2025-01-25,3,0,07:30-08:00,50,1,0,43
25,2025-01-25,3,0,07:30-08:00,50,1,0,44
25,2025-01-25,3,0,07:30-08:00,50,0,1,45
25,2025-01-25,3,0,07:30-08:00,50,1,0,46
25,2025-01-25,3,0,07:30-08:00,50,1,0,47
25,2025-01-25,3,0,07:30-08:00,50,1,0,48
25,2025-01-25,3,0,07:30-08:00,50,1,0,49
25,2025-01-25,3,0,07:30-08:00,50,0,1,50
25,2025-01-25,3,0,08:00-08:30,50,1,0,1
25,2025-01-25,3,0,08:00-08:30,50,0,1,2
25,2025-01-25,3,0,08:00-08:30,50,0,1,3
25,2025-01-25,3,0,08:00-08:30,50,1,0,4
25,2025-01-25,3,0,08:00-08:30,50,1,0,5
25,2025-01-25,3,0,08:00-08:30,50,1,0,6
25,2025-01-25,3,0,08:00-08:30,50,1,0,7
25,2025-01-25,3,0,08:00-08:30,50,0,1,8
25,2025-01-25,3,0,08:00-08:30,50,0,1,9
25,2025-01-25,3,0,08:00-08:30,50,0,1,10
25,2025-01-25,3,0,08:00-08:30,50,1,0,11
25,2025-01-25,3,0,08:00-08:30,50,1,0,12
25,2025-01-25,3,0,08:00-08:30,50,1,0,13
25,2025-01-25,3,0,08:00-08:30,50,0,1,14
25,2025-01-25,3,0,08:00-08:30,50,1,0,15
25,2025-01-25,3,0,08:00-08:30,50,0,1,16
25,2025-01-25,3,0,08:00-08:30,50,1,0,17
25,2025-01-25,3,0,08:00-08:30,50,1,0,18
25,2025-01-25,3,0,08:00-08:30,50,0,1,19
25,2025-01-25,3,0,08:00-08:30,50,0,1,20
25,2025-01-25,3,0,08:00-08:30,50,0,1,21
25,2025-01-25,3,0,08:00-08:30,50,1,0,22
25,2025-01-25,3,0,08:00-08:30,50,0,1,23
25,2025-01-25,3,0,08:00-08:30,50,0,1,24
25,2025-01-25,3,0,08:00-08:30,50,1,0,25
25,2025-01-25,3,0,08:00-08:30,50,0,1,26
25,2025-01-25,3,0,08:00-08:30,50,1,0,27
25,2025-01-25,3,0,08:00-08:30,50,1,0,28
25,2025-01-25,3,0,08:00-08:30,50,0,1,29
25,2025-01-25,3,0,08:00-08:30,50,1,0,30
25,2025-01-25,3,0,08:00-08:30,50,1,0,31
25,2025-01-25,3,0,08:00-08:30,50,1,0,32
25,2025-01-25,3,0,08:00-08:30,50,1,0,33
25,2025-01-25,3,0,08:00-08:30,50,1,0,34
25,2025-01-25,3,0,08:00-08:30,50,1,0,35
25,2025-01-25,3,0,08:00-08:30,50,1,0,36
25,2025-01-25,3,0,08:00-08:30,50,1,0,37
25,2025-01-25,3,0,08:00-08:30,50,1,0,38
25,2025-01-25,3,0,08:00-08:30,50,0,1,39
25,2025-01-25,3,0,08:00-08:30,50,1,0,40
25,2025-01-25,3,0,08:00-08:30,50,1,0,41
25,2025-01-25,3,0,08:00-08:30,50,1,0,42
25,2025-01-25,3,0,08:00-08:30,50,1,0,43
25,2025-01-25,3,0,08:00-08:30,50,0,1,44
25,2025-01-25,3,0,08:00-08:30,50,0,1,45
25,2025-01-25,3,0,08:00-08:30,50,1,0,46
25,2025-01-25,3,0,08:00-08:30,50,0,1,47
25,2025-01-25,3,0,08:00-08:30,50,0,1,48
25,2025-01-25,3,0,08:00-08:30,50,0,1,49
25,2025-01-25,3,0,08:00-08:30,50,1,0,50
25,2025-01-25,3,0,08:30-09:00,50,0,1,1
25,2025-01-25,3,0,08:30-09:00,50,1,0,2
25,2025-01-25,3,0,08:30-09:00,50,0,1,3
25,2025-01-25,3,0,08:30-09:00,50,0,1,4
25,2025-01-25,3,0,08:30-09:00,50,0,1,5
25,2025-01-25,3,0,08:30-09:00,50,1,0,6
25,2025-01-25,3,0,08:30-09:00,50,0,1,7
25,2025-01-25,3,0,08:30-09:00,50,0,1,8
25,2025-01-25,3,0,08:30-09:00,50,1,0,9
25,2025-01-25,3,0,08:30-09:00,50,1,0,10
25,2025-01-25,3,0,08:30-09:00,50,1,0,11
25,2025-01-25,3,0,08:30-09:00,50,0,1,12
25,2025-01-25,3,0,08:30-09:00,50,1,0,13
25,2025-01-25,3,0,08:30-09:00,50,1,0,14
25,2025-01-25,3,0,08:30-09:00,50,0,1,15
25,2025-01-25,3,0,08:30-09:00,50,1,0,16
25,2025-01-25,3,0,08:30-09:00,50,1,0,17
25,2025-01-25,3,0,08:30-09:00,50,1,0,18
25,2025-01-25,3,0,08:30-09:00,50,1,0,19
25,2025-01-25,3,0,08:30-09:00,50,1,0,20
25,2025-01-25,3,0,08:30-09:00,50,1,0,21
25,2025-01-25,3,0,08:30-09:00,50,1,0,22
25,2025-01-25,3,0,08:30-09:00,50,0,1,23
25,2025-01-25,3,0,08:30-09:00,50,1,0,24
25,2025-01-25,3,0,08:30-09:00,50,1,0,25
25,2025-01-25,3,0,08:30-09:00,50,0,1,26
25,2025-01-25,3,0,08:30-09:00,50,0,1,27
25,2025-01-25,3,0,08:30-09:00,50,0,1,28
25,2025-01-25,3,0,08:30-09:00,50,1,0,29
25,2025-01-25,3,0,08:30-09:00,50,1,0,30
25,2025-01-25,3,0,08:30-09:00,50,1,0,31
25,2025-01-25,3,0,08:30-09:00,50,1,0,32
25,2025-01-25,3,0,08:30-09:00,50,0,1,33
25,2025-01-25,3,0,08:30-09:00,50,1,0,34
25,2025-01-25,3,0,08:30-09:00,50,0,1,35
25,2025-01-25,3,0,08:30-09:00,50,0,1,36
25,2025-01-25,3,0,08:30-09:00,50,1,0,37
25,2025-01-25,3,0,08:30-09:00,50,0,1,38
25,2025-01-25,3,0,08:30-09:00,50,0,1,39
25,2025-01-25,3,0,08:30-09:00,50,0,1,40
25,2025-01-25,3,0,08:30-09:00,50,1,0,41
25,2025-01-25,3,0,08:30-09:00,50,1,0,42
25,2025-01-25,3,0,08:30-09:00,50,0,1,43
25,2025-01-25,3,0,08:30-09:00,50,1,0,44
25,2025-01-25,3,0,08:30-09:00,50,0,1,45
25,2025-01-25,3,0,08:30-09:00,50,1,0,46
25,2025-01-25,3,0,08:30-09:00,50,0,1,47
25,2025-01-25,3,0,08:30-09:00,50,0,1,48
25,2025-01-25,3,0,08:30-09:00,50,1,0,49
25,2025-01-25,3,0,08:30-09:00,50,1,0,50
25,2025-01-25,3,0,09:00-09:30,50,0,1,1
25,2025-01-25,3,0,09:00-09:30,50,1,0,2
25,2025-01-25,3,0,09:00-09:30,50,1,0,3
25,2025-01-25,3,0,09:00-09:30,50,1,0,4
25,2025-01-25,3,0,09:00-09:30,50,0,1,5
25,2025-01-25,3,0,09:00-09:30,50,1,0,6
25,2025-01-25,3,0,09:00-09:30,50,1,0,7
25,2025-01-25,3,0,09:00-09:30,50,1,0,8
25,2025-01-25,3,0,09:00-09:30,50,0,1,9
25,2025-01-25,3,0,09:00-09:30,50,0,1,10
25,2025-01-25,3,0,09:00-09:30,50,0,1,11
25,2025-01-25,3,0,09:00-09:30,50,1,0,12
25,2025-01-25,3,0,09:00-09:30,50,0,1,13
25,2025-01-25,3,0,09:00-09:30,50,1,0,14
25,2025-01-25,3,0,09:00-09:30,50,1,0,15
25,2025-01-25,3,0,09:00-09:30,50,0,1,16
25,2025-01-25,3,0,09:00-09:30,50,1,0,17
25,2025-01-25,3,0,09:00-09:30,50,1,0,18
25,2025-01-25,3,0,09:00-09:30,50,0,1,19
25,2025-01-25,3,0,09:00-09:30,50,0,1,20
25,2025-01-25,3,0,09:00-09:30,50,1,0,21
25,2025-01-25,3,0,09:00-09:30,50,0,1,22
25,2025-01-25,3,0,09:00-09:30,50,0,1,23
25,2025-01-25,3,0,09:00-09:30,50,0,1,24
25,2025-01-25,3,0,09:00-09:30,50,1,0,25
25,2025-01-25,3,0,09:00-09:30,50,0,1,26
25,2025-01-25,3,0,09:00-09:30,50,0,1,27
25,2025-01-25,3,0,09:00-09:30,50,0,1,28
25,2025-01-25,3,0,09:00-09:30,50,1,0,29
25,2025-01-25,3,0,09:00-09:30,50,0,1,30
25,2025-01-25,3,0,09:00-09:30,50,0,1,31
25,2025-01-25,3,0,09:00-09:30,50,0,1,32
25,2025-01-25,3,0,09:00-09:30,50,1,0,33
25,2025-01-25,3,0,09:00-09:30,50,0,1,34
25,2025-01-25,3,0,09:00-09:30,50,0,1,35
25,2025-01-25,3,0,09:00-09:30,50,0,1,36
25,2025-01-25,3,0,09:00-09:30,50,0,1,37
25,2025-01-25,3,0,09:00-09:30,50,1,0,38
25,2025-01-25,3,0,09:00-09:30,50,1,0,39
25,2025-01-25,3,0,09:00-09:30,50,1,0,40
25,2025-01-25,3,0,09:00-09:30,50,1,0,41
25,2025-01-25,3,0,09:00-09:30,50,0,1,42
25,2025-01-25,3,0,09:00-09:30,50,1,0,43
25,2025-01-25,3,0,09:00-09:30,50,0,1,44
25,2025-01-25,3,0,09:00-09:30,50,1,0,45
25,2025-01-25,3,0,09:00-09:30,50,0,1,46
25,2025-01-25,3,0,09:00-09:30,50,1,0,47
25,2025-01-25,3,0,09:00-09:30,50,1,0,48
25,2025-01-25,3,0,09:00-09:30,50,1,0,49
25,2025-01-25,3,0,09:00-09:30,50,1,0,50
25,2025-01-25,3,0,09:30-10:00,50,0,1,1
25,2025-01-25,3,0,09:30-10:00,50,1,0,2
25,2025-01-25,3,0,09:30-10:00,50,1,0,3
25,2025-01-25,3,0,09:30-10:00,50,0,1,4
25,2025-01-25,3,0,09:30-10:00,50,1,0,5
25,2025-01-25,3,0,09:30-10:00,50,1,0,6
25,2025-01-25,3,0,09:30-10:00,50,1,0,7
25,2025-01-25,3,0,09:30-10:00,50,0,1,8
25,2025-01-25,3,0,09:30-10:00,50,0,1,9
25,2025-01-25,3,0,09:30-10:00,50,1,0,10
25,2025-01-25,3,0,09:30-10:00,50,1,0,11
25,2025-01-25,3,0,09:30-10:00,50,1,0,12
25,2025-01-25,3,0,09:30-10:00,50,0,1,13
25,2025-01-25,3,0,09:30-10:00,50,0,1,14
25,2025-01-25,3,0,09:30-10:00,50,1,0,15
25,2025-01-25,3,0,09:30-10:00,50,0,1,16
25,2025-01-25,3,0,09:30-10:00,50,1,0,17
25,2025-01-25,3,0,09:30-10:00,50,1,0,18
25,2025-01-25,3,0,09:30-10:00,50,1,0,19
25,2025-01-25,3,0,09:30-10:00,50,0,1,20
25,2025-01-25,3,0,09:30-10:00,50,1,0,21
25,2025-01-25,3,0,09:30-10:00,50,0,1,22
25,2025-01-25,3,0,09:30-10:00,50,0,1,23
25,2025-01-25,3,0,09:30-10:00,50,1,0,24
25,2025-01-25,3,0,09:30-10:00,50,0,1,25
25,2025-01-25,3,0,09:30-10:00,50,0,1,26
25,2025-01-25,3,0,09:30-10:00,50,1,0,27
25,2025-01-25,3,0,09:30-10:00,50,1,0,28
25,2025-01-25,3,0,09:30-10:00,50,0,1,29
25,2025-01-25,3,0,09:30-10:00,50,0,1,30
25,2025-01-25,3,0,09:30-10:00,50,1,0,31
25,2025-01-25,3,0,09:30-10:00,50,1,0,32
25,2025-01-25,3,0,09:30-10:00,50,1,0,33
25,2025-01-25,3,0,09:30-10:00,50,0,1,34
25,2025-01-25,3,0,09:30-10:00,50,1,0,35
25,2025-01-25,3,0,09:30-10:00,50,0,1,36
25,2025-01-25,3,0,09:30-10:00,50,1,0,37
25,2025-01-25,3,0,09:30-10:00,50,1,0,38
25,2025-01-25,3,0,09:30-10:00,50,1,0,39
25,2025-01-25,3,0,09:30-10:00,50,1,0,40
25,2025-01-25,3,0,09:30-10:00,50,0,1,41
25,2025-01-25,3,0,09:30-10:00,50,0,1,42
25,2025-01-25,3,0,09:30-10:00,50,0,1,43
25,2025-01-25,3,0,09:30-10:00,50,0,1,44
25,2025-01-25,3,0,09:30-10:00,50,0,1,45
25,2025-01-25,3,0,09:30-10:00,50,0,1,46
25,2025-01-25,3,0,09:30-10:00,50,1,0,47
25,2025-01-25,3,0,09:30-10:00,50,1,0,48
25,2025-01-25,3,0,09:30-10:00,50,0,1,49
25,2025-01-25,3,0,09:30-10:00,50,1,0,50
25,2025-01-25,3,0,16:00-16:30,50,1,0,1
25,2025-01-25,3,0,16:00-16:30,50,1,0,2
25,2025-01-25,3,0,16:00-16:30,50,1,0,3
25,2025-01-25,3,0,16:00-16:30,50,0,1,4
25,2025-01-25,3,0,16:00-16:30,50,0,1,5
25,2025-01-25,3,0,16:00-16:30,50,1,0,6
25,2025-01-25,3,0,16:00-16:30,50,1,0,7
25,2025-01-25,3,0,16:00-16:30,50,1,0,8
25,2025-01-25,3,0,16:00-16:30,50,0,1,9
25,2025-01-25,3,0,16:00-16:30,50,0,1,10
25,2025-01-25,3,0,16:00-16:30,50,1,0,11
25,2025-01-25,3,0,16:00-16:30,50,1,0,12
25,2025-01-25,3,0,16:00-16:30,50,0,1,13
25,2025-01-25,3,0,16:00-16:30,50,1,0,14
25,2025-01-25,3,0,16:00-16:30,50,1,0,15
25,2025-01-25,3,0,16:00-16:30,50,1,0,16
25,2025-01-25,3,0,16:00-16:30,50,1,0,17
25,2025-01-25,3,0,16:00-16:30,50,1,0,18
25,2025-01-25,3,0,16:00-16:30,50,1,0,19
25,2025-01-25,3,0,16:00-16:30,50,1,0,20
25,2025-01-25,3,0,16:00-16:30,50,1,0,21
25,2025-01-25,3,0,16:00-16:30,50,0,1,22
25,2025-01-25,3,0,16:00-16:30,50,1,0,23
25,2025-01-25,3,0,16:00-16:30,50,0,1,24
25,2025-01-25,3,0,16:00-16:30,50,0,1,25
25,2025-01-25,3,0,16:00-16:30,50,0,1,26
25,2025-01-25,3,0,16:00-16:30,50,1,0,27
25,2025-01-25,3,0,16:00-16:30,50,1,0,28
25,2025-01-25,3,0,16:00-16:30,50,1,0,29
25,2025-01-25,3,0,16:00-16:30,50,0,1,30
25,2025-01-25,3,0,16:00-16:30,50,1,0,31
25,2025-01-25,3,0,16:00-16:30,50,1,0,32
25,2025-01-25,3,0,16:00-16:30,50,0,1,33
25,2025-01-25,3,0,16:00-16:30,50,1,0,34
25,2025-01-25,3,0,16:00-16:30,50,0,1,35
25,2025-01-25,3,0,16:00-16:30,50,1,0,36
25,2025-01-25,3,0,16:00-16:30,50,1,0,37
25,2025-01-25,3,0,16:00-16:30,50,0,1,38
25,2025-01-25,3,0,16:00-16:30,50,0,1,39
25,2025-01-25,3,0,16:00-16:30,50,0,1,40
25,2025-01-25,3,0,16:00-16:30,50,0,1,41
25,2025-01-25,3,0,16:00-16:30,50,0,1,42
25,2025-01-25,3,0,16:00-16:30,50,1,0,43
25,2025-01-25,3,0,16:00-16:30,50,0,1,44
25,2025-01-25,3,0,16:00-16:30,50,1,0,45
25,2025-01-25,3,0,16:00-16:30,50,0,1,46
25,2025-01-25,3,0,16:00-16:30,50,1,0,47
25,2025-01-25,3,0,16:00-16:30,50,1,0,48
25,2025-01-25,3,0,16:00-16:30,50,1,0,49
25,2025-01-25,3,0,16:00-16:30,50,0,1,50
25,2025-01-25,3,0,16:30-17:00,50,1,0,1
25,2025-01-25,3,0,16:30-17:00,50,1,0,2
25,2025-01-25,3,0,16:30-17:00,50,1,0,3
25,2025-01-25,3,0,16:30-17:00,50,0,1,4
25,2025-01-25,3,0,16:30-17:00,50,0,1,5
25,2025-01-25,3,0,16:30-17:00,50,1,0,6
25,2025-01-25,3,0,16:30-17:00,50,1,0,7
25,2025-01-25,3,0,16:30-17:00,50,0,1,8
25,2025-01-25,3,0,16:30-17:00,50,0,1,9
25,2025-01-25,3,0,16:30-17:00,50,1,0,10
25,2025-01-25,3,0,16:30-17:00,50,0,1,11
25,2025-01-25,3,0,16:30-17:00,50,0,1,12
25,2025-01-25,3,0,16:30-17:00,50,0,1,13
25,2025-01-25,3,0,16:30-17:00,50,1,0,14
25,2025-01-25,3,0,16:30-17:00,50,1,0,15
25,2025-01-25,3,0,16:30-17:00,50,0,1,16
25,2025-01-25,3,0,16:30-17:00,50,0,1,17
25,2025-01-25,3,0,16:30-17:00,50,0,1,18
25,2025-01-25,3,0,16:30-17:00,50,1,0,19
25,2025-01-25,3,0,16:30-17:00,50,1,0,20
25,2025-01-25,3,0,16:30-17:00,50,0,1,21
25,2025-01-25,3,0,16:30-17:00,50,0,1,22
25,2025-01-25,3,0,16:30-17:00,50,1,0,23
25,2025-01-25,3,0,16:30-17:00,50,1,0,24
25,2025-01-25,3,0,16:30-17:00,50,1,0,25
25,2025-01-25,3,0,16:30-17:00,50,0,1,26
25,2025-01-25,3,0,16:30-17:00,50,1,0,27
25,2025-01-25,3,0,16:30-17:00,50,0,1,28
25,2025-01-25,3,0,16:30-17:00,50,1,0,29
25,2025-01-25,3,0,16:30-17:00,50,1,0,30
25,2025-01-25,3,0,16:30-17:00,50,0,1,31
25,2025-01-25,3,0,16:30-17:00,50,1,0,32
25,2025-01-25,3,0,16:30-17:00,50,1,0,33
25,2025-01-25,3,0,16:30-17:00,50,0,1,34
25,2025-01-25,3,0,16:30-17:00,50,1,0,35
25,2025-01-25,3,0,16:30-17:00,50,0,1,36
25,2025-01-25,3,0,16:30-17:00,50,0,1,37
25,2025-01-25,3,0,16:30-17:00,50,0,1,38
25,2025-01-25,3,0,16:30-17:00,50,0,1,39
25,2025-01-25,3,0,16:30-17:00,50,1,0,40
25,2025-01-25,3,0,16:30-17:00,50,1,0,41
25,2025-01-25,3,0,16:30-17:00,50,1,0,42
25,2025-01-25,3,0,16:30-17:00,50,1,0,43
25,2025-01-25,3,0,16:30-17:00,50,0,1,44
25,2025-01-25,3,0,16:30-17:00,50,0,1,45
25,2025-01-25,3,0,16:30-17:00,50,1,0,46
25,2025-01-25,3,0,16:30-17:00,50,0,1,47
25,2025-01-25,3,0,16:30-17:00,50,1,0,48
25,2025-01-25,3,0,16:30-17:00,50,1,0,49
25,2025-01-25,3,0,16:30-17:00,50,0,1,50
25,2025-01-25,3,0,17:00-17:30,50,1,0,1
25,2025-01-25,3,0,17:00-17:30,50,0,1,2
25,2025-01-25,3,0,17:00-17:30,50,1,0,3
25,2025-01-25,3,0,17:00-17:30,50,0,1,4
25,2025-01-25,3,0,17:00-17:30,50,0,1,5
25,2025-01-25,3,0,17:00-17:30,50,1,0,6
25,2025-01-25,3,0,17:00-17:30,50,0,1,7
25,2025-01-25,3,0,17:00-17:30,50,0,1,8
25,2025-01-25,3,0,17:00-17:30,50,1,0,9
25,2025-01-25,3,0,17:00-17:30,50,0,1,10
25,2025-01-25,3,0,17:00-17:30,50,0,1,11
25,2025-01-25,3,0,17:00-17:30,50,1,0,12
25,2025-01-25,3,0,17:00-17:30,50,0,1,13
25,2025-01-25,3,0,17:00-17:30,50,1,0,14
25,2025-01-25,3,0,17:00-17:30,50,0,1,15
25,2025-01-25,3,0,17:00-17:30,50,0,1,16
25,2025-01-25,3,0,17:00-17:30,50,0,1,17
25,2025-01-25,3,0,17:00-17:30,50,1,0,18
25,2025-01-25,3,0,17:00-17:30,50,0,1,19
25,2025-01-25,3,0,17:00-17:30,50,1,0,20
25,2025-01-25,3,0,17:00-17:30,50,0,1,21
25,2025-01-25,3,0,17:00-17:30,50,1,0,22
25,2025-01-25,3,0,17:00-17:30,50,1,0,23
25,2025-01-25,3,0,17:00-17:30,50,0,1,24
25,2025-01-25,3,0,17:00-17:30,50,0,1,25
25,2025-01-25,3,0,17:00-17:30,50,0,1,26
25,2025-01-25,3,0,17:00-17:30,50,0,1,27
25,2025-01-25,3,0,17:00-17:30,50,1,0,28
25,2025-01-25,3,0,17:00-17:30,50,1,0,29
25,2025-01-25,3,0,17:00-17:30,50,1,0,30
25,2025-01-25,3,0,17:00-17:30,50,0,1,31
25,2025-01-25,3,0,17:00-17:30,50,1,0,32
25,2025-01-25,3,0,17:00-17:30,50,0,1,33
25,2025-01-25,3,0,17:00-17:30,50,0,1,34
25,2025-01-25,3,0,17:00-17:30,50,1,0,35
25,2025-01-25,3,0,17:00-17:30,50,1,0,36
25,2025-01-25,3,0,17:00-17:30,50,1,0,37
25,2025-01-25,3,0,17:00-17:30,50,1,0,38
25,2025-01-25,3,0,17:00-17:30,50,0,1,39
25,2025-01-25,3,0,17:00-17:30,50,1,0,40
25,2025-01-25,3,0,17:00-17:30,50,0,1,41
25,2025-01-25,3,0,17:00-17:30,50,1,0,42
25,2025-01-25,3,0,17:00-17:30,50,1,0,43
25,2025-01-25,3,0,17:00-17:30,50,1,0,44
25,2025-01-25,3,0,17:00-17:30,50,1,0,45
25,2025-01-25,3,0,17:00-17:30,50,1,0,46
25,2025-01-25,3,0,17:00-17:30,50,1,0,47
25,2025-01-25,3,0,17:00-17:30,50,0,1,48
25,2025-01-25,3,0,17:00-17:30,50,1,0,49
25,2025-01-25,3,0,17:00-17:30,50,0,1,50
25,2025-01-25,3,0,17:30-18:00,50,1,0,1
25,2025-01-25,3,0,17:30-18:00,50,0,1,2
25,2025-01-25,3,0,17:30-18:00,50,0,1,3
25,2025-01-25,3,0,17:30-18:00,50,1,0,4
25,2025-01-25,3,0,17:30-18:00,50,0,1,5
25,2025-01-25,3,0,17:30-18:00,50,1,0,6
25,2025-01-25,3,0,17:30-18:00,50,0,1,7
25,2025-01-25,3,0,17:30-18:00,50,0,1,8
25,2025-01-25,3,0,17:30-18:00,50,1,0,9
25,2025-01-25,3,0,17:30-18:00,50,0,1,10
25,2025-01-25,3,0,17:30-18:00,50,0,1,11
25,2025-01-25,3,0,17:30-18:00,50,0,1,12
25,2025-01-25,3,0,17:30-18:00,50,0,1,13
25,2025-01-25,3,0,17:30-18:00,50,1,0,14
25,2025-01-25,3,0,17:30-18:00,50,1,0,15
25,2025-01-25,3,0,17:30-18:00,50,0,1,16
25,2025-01-25,3,0,17:30-18:00,50,0,1,17
25,2025-01-25,3,0,17:30-18:00,50,0,1,18
25,2025-01-25,3,0,17:30-18:00,50,1,0,19
25,2025-01-25,3,0,17:30-18:00,50,0,1,20
25,2025-01-25,3,0,17:30-18:00,50,1,0,21
25,2025-01-25,3,0,17:30-18:00,50,1,0,22
25,2025-01-25,3,0,17:30-18:00,50,0,1,23
25,2025-01-25,3,0,17:30-18:00,50,0,1,24
25,2025-01-25,3,0,17:30-18:00,50,1,0,25
25,2025-01-25,3,0,17:30-18:00,50,0,1,26
25,2025-01-25,3,0,17:30-18:00,50,0,1,27
25,2025-01-25,3,0,17:30-18:00,50,1,0,28
25,2025-01-25,3,0,17:30-18:00,50,1,0,29
25,2025-01-25,3,0,17:30-18:00,50,0,1,30
25,2025-01-25,3,0,17:30-18:00,50,1,0,31
25,2025-01-25,3,0,17:30-18:00,50,1,0,32
25,2025-01-25,3,0,17:30-18:00,50,0,1,33
25,2025-01-25,3,0,17:30-18:00,50,1,0,34
25,2025-01-25,3,0,17:30-18:00,50,1,0,35
25,2025-01-25,3,0,17:30-18:00,50,0,1,36
25,2025-01-25,3,0,17:30-18:00,50,1,0,37
25,2025-01-25,3,0,17:30-18:00,50,0,1,38
25,2025-01-25,3,0,17:30-18:00,50,1,0,39
25,2025-01-25,3,0,17:30-18:00,50,1,0,40
25,2025-01-25,3,0,17:30-18:00,50,0,1,41
25,2025-01-25,3,0,17:30-18:00,50,0,1,42
25,2025-01-25,3,0,17:30-18:00,50,0,1,43
25,2025-01-25,3,0,17:30-18:00,50,0,1,44
25,2025-01-25,3,0,17:30-18:00,50,1,0,45
25,2025-01-25,3,0,17:30-18:00,50,1,0,46
25,2025-01-25,3,0,17:30-18:00,50,1,0,47
25,2025-01-25,3,0,17:30-18:00,50,0,1,48
25,2025-01-25,3,0,17:30-18:00,50,0,1,49
25,2025-01-25,3,0,17:30-18:00,50,0,1,50
25,2025-01-25,3,0,18:00-18:30,50,1,0,1
25,2025-01-25,3,0,18:00-18:30,50,1,0,2
25,2025-01-25,3,0,18:00-18:30,50,1,0,3
25,2025-01-25,3,0,18:00-18:30,50,0,1,4
25,2025-01-25,3,0,18:00-18:30,50,0,1,5
25,2025-01-25,3,0,18:00-18:30,50,1,0,6
25,2025-01-25,3,0,18:00-18:30,50,1,0,7
25,2025-01-25,3,0,18:00-18:30,50,1,0,8
25,2025-01-25,3,0,18:00-18:30,50,1,0,9
25,2025-01-25,3,0,18:00-18:30,50,0,1,10
25,2025-01-25,3,0,18:00-18:30,50,1,0,11
25,2025-01-25,3,0,18:00-18:30,50,0,1,12
25,2025-01-25,3,0,18:00-18:30,50,1,0,13
25,2025-01-25,3,0,18:00-18:30,50,1,0,14
25,2025-01-25,3,0,18:00-18:30,50,1,0,15
25,2025-01-25,3,0,18:00-18:30,50,0,1,16
25,2025-01-25,3,0,18:00-18:30,50,0,1,17
25,2025-01-25,3,0,18:00-18:30,50,0,1,18
25,2025-01-25,3,0,18:00-18:30,50,1,0,19
25,2025-01-25,3,0,18:00-18:30,50,0,1,20
25,2025-01-25,3,0,18:00-18:30,50,0,1,21
25,2025-01-25,3,0,18:00-18:30,50,0,1,22
25,2025-01-25,3,0,18:00-18:30,50,0,1,23
25,2025-01-25,3,0,18:00-18:30,50,0,1,24
25,2025-01-25,3,0,18:00-18:30,50,0,1,25
25,2025-01-25,3,0,18:00-18:30,50,0,1,26
25,2025-01-25,3,0,18:00-18:30,50,1,0,27
25,2025-01-25,3,0,18:00-18:30,50,0,1,28
25,2025-01-25,3,0,18:00-18:30,50,0,1,29
25,2025-01-25,3,0,18:00-18:30,50,0,1,30
25,2025-01-25,3,0,18:00-18:30,50,0,1,31
25,2025-01-25,3,0,18:00-18:30,50,0,1,32
25,2025-01-25,3,0,18:00-18:30,50,1,0,33
25,2025-01-25,3,0,18:00-18:30,50,0,1,34
25,2025-01-25,3,0,18:00-18:30,50,0,1,35
25,2025-01-25,3,0,18:00-18:30,50,1,0,36
25,2025-01-25,3,0,18:00-18:30,50,1,0,37
25,2025-01-25,3,0,18:00-18:30,50,1,0,38
25,2025-01-25,3,0,18:00-18:30,50,1,0,39
25,2025-01-25,3,0,18:00-18:30,50,1,0,40
25,2025-01-25,3,0,18:00-18:30,50,0,1,41
25,2025-01-25,3,0,18:00-18:30,50,0,1,42
25,2025-01-25,3,0,18:00-18:30,50,1,0,43
25,2025-01-25,3,0,18:00-18:30,50,1,0,44
25,2025-01-25,3,0,18:00-18:30,50,0,1,45
25,2025-01-25,3,0,18:00-18:30,50,0,1,46
25,2025-01-25,3,0,18:00-18:30,50,1,0,47
25,2025-01-25,3,0,18:00-18:30,50,0,1,48
25,2025-01-25,3,0,18:00-18:30,50,1,0,49
25,2025-01-25,3,0,18:00-18:30,50,0,1,50
25,2025-01-25,3,0,18:30-19:00,50,1,0,1
25,2025-01-25,3,0,18:30-19:00,50,1,0,2
25,2025-01-25,3,0,18:30-19:00,50,1,0,3
25,2025-01-25,3,0,18:30-19:00,50,0,1,4
25,2025-01-25,3,0,18:30-19:00,50,0,1,5
25,2025-01-25,3,0,18:30-19:00,50,1,0,6
25,2025-01-25,3,0,18:30-19:00,50,1,0,7
25,2025-01-25,3,0,18:30-19:00,50,1,0,8
25,2025-01-25,3,0,18:30-19:00,50,1,0,9
25,2025-01-25,3,0,18:30-19:00,50,0,1,10
25,2025-01-25,3,0,18:30-19:00,50,0,1,11
25,2025-01-25,3,0,18:30-19:00,50,1,0,12
25,2025-01-25,3,0,18:30-19:00,50,0,1,13
25,2025-01-25,3,0,18:30-19:00,50,1,0,14
25,2025-01-25,3,0,18:30-19:00,50,0,1,15
25,2025-01-25,3,0,18:30-19:00,50,0,1,16
25,2025-01-25,3,0,18:30-19:00,50,1,0,17
25,2025-01-25,3,0,18:30-19:00,50,0,1,18
25,2025-01-25,3,0,18:30-19:00,50,0,1,19
25,2025-01-25,3,0,18:30-19:00,50,1,0,20
25,2025-01-25,3,0,18:30-19:00,50,0,1,21
25,2025-01-25,3,0,18:30-19:00,50,0,1,22
25,2025-01-25,3,0,18:30-19:00,50,0,1,23
25,2025-01-25,3,0,18:30-19:00,50,1,0,24
25,2025-01-25,3,0,18:30-19:00,50,0,1,25
25,2025-01-25,3,0,18:30-19:00,50,0,1,26
25,2025-01-25,3,0,18:30-19:00,50,0,1,27
25,2025-01-25,3,0,18:30-19:00,50,0,1,28
25,2025-01-25,3,0,18:30-19:00,50,0,1,29
25,2025-01-25,3,0,18:30-19:00,50,1,0,30
25,2025-01-25,3,0,18:30-19:00,50,0,1,31
25,2025-01-25,3,0,18:30-19:00,50,0,1,32
25,2025-01-25,3,0,18:30-19:00,50,0,1,33
25,2025-01-25,3,0,18:30-19:00,50,0,1,34
25,2025-01-25,3,0,18:30-19:00,50,0,1,35
25,2025-01-25,3,0,18:30-19:00,50,0,1,36
25,2025-01-25,3,0,18:30-19:00,50,1,0,37
25,2025-01-25,3,0,18:30-19:00,50,0,1,38
25,2025-01-25,3,0,18:30-19:00,50,0,1,39
25,2025-01-25,3,0,18:30-19:00,50,0,1,40
25,2025-01-25,3,0,18:30-19:00,50,1,0,41
25,2025-01-25,3,0,18:30-19:00,50,0,1,42
25,2025-01-25,3,0,18:30-19:00,50,1,0,43
25,2025-01-25,3,0,18:30-19:00,50,1,0,44
25,2025-01-25,3,0,18:30-19:00,50,0,1,45
25,2025-01-25,3,0,18:30-19:00,50,0,1,46
25,2025-01-25,3,0,18:30-19:00,50,0,1,47
25,2025-01-25,3,0,18:30-19:00,50,0,1,48
25,2025-01-25,3,0,18:30-19:00,50,1,0,49
25,2025-01-25,3,0,18:30-19:00,50,0,1,50
26,2025-01-26,4,0,07:00-07:30,50,1,0,1
26,2025-01-26,4,0,07:00-07:30,50,0,1,2
26,2025-01-26,4,0,07:00-07:30,50,1,0,3
26,2025-01-26,4,0,07:00-07:30,50,0,1,4
26,2025-01-26,4,0,07:00-07:30,50,0,1,5
26,2025-01-26,4,0,07:00-07:30,50,0,1,6
26,2025-01-26,4,0,07:00-07:30,50,1,0,7
26,2025-01-26,4,0,07:00-07:30,50,1,0,8
26,2025-01-26,4,0,07:00-07:30,50,1,0,9
26,2025-01-26,4,0,07:00-07:30,50,1,0,10
26,2025-01-26,4,0,07:00-07:30,50,1,0,11
26,2025-01-26,4,0,07:00-07:30,50,0,1,12
26,2025-01-26,4,0,07:00-07:30,50,0,1,13
26,2025-01-26,4,0,07:00-07:30,50,1,0,14
26,2025-01-26,4,0,07:00-07:30,50,0,1,15
26,2025-01-26,4,0,07:00-07:30,50,1,0,16
26,2025-01-26,4,0,07:00-07:30,50,0,1,17
26,2025-01-26,4,0,07:00-07:30,50,0,1,18
26,2025-01-26,4,0,07:00-07:30,50,0,1,19
26,2025-01-26,4,0,07:00-07:30,50,1,0,20
26,2025-01-26,4,0,07:00-07:30,50,0,1,21
26,2025-01-26,4,0,07:00-07:30,50,1,0,22
26,2025-01-26,4,0,07:00-07:30,50,1,0,23
26,2025-01-26,4,0,07:00-07:30,50,0,1,24
26,2025-01-26,4,0,07:00-07:30,50,1,0,25
26,2025-01-26,4,0,07:00-07:30,50,1,0,26
26,2025-01-26,4,0,07:00-07:30,50,1,0,27
26,2025-01-26,4,0,07:00-07:30,50,0,1,28
26,2025-01-26,4,0,07:00-07:30,50,0,1,29
26,2025-01-26,4,0,07:00-07:30,50,0,1,30
26,2025-01-26,4,0,07:00-07:30,50,0,1,31
26,2025-01-26,4,0,07:00-07:30,50,0,1,32
26,2025-01-26,4,0,07:00-07:30,50,1,0,33
26,2025-01-26,4,0,07:00-07:30,50,1,0,34
26,2025-01-26,4,0,07:00-07:30,50,1,0,35
26,2025-01-26,4,0,07:00-07:30,50,0,1,36
26,2025-01-26,4,0,07:00-07:30,50,0,1,37
26,2025-01-26,4,0,07:00-07:30,50,0,1,38
26,2025-01-26,4,0,07:00-07:30,50,1,0,39
26,2025-01-26,4,0,07:00-07:30,50,1,0,40
26,2025-01-26,4,0,07:00-07:30,50,1,0,41
26,2025-01-26,4,0,07:00-07:30,50,0,1,42
26,2025-01-26,4,0,07:00-07:30,50,1,0,43
26,2025-01-26,4,0,07:00-07:30,50,1,0,44
26,2025-01-26,4,0,07:00-07:30,50,1,0,45
26,2025-01-26,4,0,07:00-07:30,50,1,0,46
26,2025-01-26,4,0,07:00-07:30,50,1,0,47
26,2025-01-26,4,0,07:00-07:30,50,0,1,48
26,2025-01-26,4,0,07:00-07:30,50,1,0,49
26,2025-01-26,4,0,07:00-07:30,50,1,0,50
26,2025-01-26,4,0,07:30-08:00,50,1,0,1
26,2025-01-26,4,0,07:30-08:00,50,1,0,2
26,2025-01-26,4,0,07:30-08:00,50,0,1,3
26,2025-01-26,4,0,07:30-08:00,50,1,0,4
26,2025-01-26,4,0,07:30-08:00,50,1,0,5
26,2025-01-26,4,0,07:30-08:00,50,1,0,6
26,2025-01-26,4,0,07:30-08:00,50,1,0,7
26,2025-01-26,4,0,07:30-08:00,50,0,1,8
26,2025-01-26,4,0,07:30-08:00,50,1,0,9
26,2025-01-26,4,0,07:30-08:00,50,0,1,10
26,2025-01-26,4,0,07:30-08:00,50,0,1,11
26,2025-01-26,4,0,07:30-08:00,50,1,0,12
26,2025-01-26,4,0,07:30-08:00,50,0,1,13
26,2025-01-26,4,0,07:30-08:00,50,1,0,14
26,2025-01-26,4,0,07:30-08:00,50,1,0,15
26,2025-01-26,4,0,07:30-08:00,50,0,1,16
26,2025-01-26,4,0,07:30-08:00,50,1,0,17
26,2025-01-26,4,0,07:30-08:00,50,1,0,18
26,2025-01-26,4,0,07:30-08:00,50,0,1,19
26,2025-01-26,4,0,07:30-08:00,50,1,0,20
26,2025-01-26,4,0,07:30-08:00,50,1,0,21
26,2025-01-26,4,0,07:30-08:00,50,1,0,22
26,2025-01-26,4,0,07:30-08:00,50,1,0,23
26,2025-01-26,4,0,07:30-08:00,50,0,1,24
26,2025-01-26,4,0,07:30-08:00,50,0,1,25
26,2025-01-26,4,0,07:30-08:00,50,1,0,26
26,2025-01-26,4,0,07:30-08:00,50,1,0,27
26,2025-01-26,4,0,07:30-08:00,50,1,0,28
26,2025-01-26,4,0,07:30-08:00,50,1,0,29
26,2025-01-26,4,0,07:30-08:00,50,1,0,30
26,2025-01-26,4,0,07:30-08:00,50,1,0,31
26,2025-01-26,4,0,07:30-08:00,50,1,0,32
26,2025-01-26,4,0,07:30-08:00,50,0,1,33
26,2025-01-26,4,0,07:30-08:00,50,1,0,34
26,2025-01-26,4,0,07:30-08:00,50,1,0,35
26,2025-01-26,4,0,07:30-08:00,50,0,1,36
26,2025-01-26,4,0,07:30-08:00,50,0,1,37
26,2025-01-26,4,0,07:30-08:00,50,1,0,38
26,2025-01-26,4,0,07:30-08:00,50,1,0,39
26,2025-01-26,4,0,07:30-08:00,50,0,1,40
26,2025-01-26,4,0,07:30-08:00,50,1,0,41
26,2025-01-26,4,0,07:30-08:00,50,0,1,42
26,2025-01-26,4,0,07:30-08:00,50,1,0,43
26,2025-01-26,4,0,07:30-08:00,50,0,1,44
26,2025-01-26,4,0,07:30-08:00,50,1,0,45
26,2025-01-26,4,0,07:30-08:00,50,1,0,46
26,2025-01-26,4,0,07:30-08:00,50,1,0,47
26,2025-01-26,4,0,07:30-08:00,50,1,0,48
26,2025-01-26,4,0,07:30-08:00,50,0,1,49
26,2025-01-26,4,0,07:30-08:00,50,1,0,50
26,2025-01-26,4,0,08:00-08:30,50,0,1,1
26,2025-01-26,4,0,08:00-08:30,50,0,1,2
26,2025-01-26,4,0,08:00-08:30,50,0,1,3
26,2025-01-26,4,0,08:00-08:30,50,0,1,4
26,2025-01-26,4,0,08:00-08:30,50,1,0,5
26,2025-01-26,4,0,08:00-08:30,50,1,0,6
26,2025-01-26,4,0,08:00-08:30,50,0,1,7
26,2025-01-26,4,0,08:00-08:30,50,0,1,8
26,2025-01-26,4,0,08:00-08:30,50,0,1,9
26,2025-01-26,4,0,08:00-08:30,50,1,0,10
26,2025-01-26,4,0,08:00-08:30,50,1,0,11
26,2025-01-26,4,0,08:00-08:30,50,1,0,12
26,2025-01-26,4,0,08:00-08:30,50,1,0,13
26,2025-01-26,4,0,08:00-08:30,50,1,0,14
26,2025-01-26,4,0,08:00-08:30,50,1,0,15
26,2025-01-26,4,0,08:00-08:30,50,1,0,16
26,2025-01-26,4,0,08:00-08:30,50,1,0,17
26,2025-01-26,4,0,08:00-08:30,50,0,1,18
26,2025-01-26,4,0,08:00-08:30,50,0,1,19
26,2025-01-26,4,0,08:00-08:30,50,1,0,20
26,2025-01-26,4,0,08:00-08:30,50,0,1,21
26,2025-01-26,4,0,08:00-08:30,50,0,1,22
26,2025-01-26,4,0,08:00-08:30,50,1,0,23
26,2025-01-26,4,0,08:00-08:30,50,1,0,24
26,2025-01-26,4,0,08:00-08:30,50,1,0,25
26,2025-01-26,4,0,08:00-08:30,50,1,0,26
26,2025-01-26,4,0,08:00-08:30,50,1,0,27
26,2025-01-26,4,0,08:00-08:30,50,1,0,28
26,2025-01-26,4,0,08:00-08:30,50,1,0,29
26,2025-01-26,4,0,08:00-08:30,50,1,0,30
26,2025-01-26,4,0,08:00-08:30,50,0,1,31
26,2025-01-26,4,0,08:00-08:30,50,1,0,32
26,2025-01-26,4,0,08:00-08:30,50,0,1,33
26,2025-01-26,4,0,08:00-08:30,50,0,1,34
26,2025-01-26,4,0,08:00-08:30,50,0,1,35
26,2025-01-26,4,0,08:00-08:30,50,1,0,36
26,2025-01-26,4,0,08:00-08:30,50,0,1,37
26,2025-01-26,4,0,08:00-08:30,50,1,0,38
26,2025-01-26,4,0,08:00-08:30,50,0,1,39
26,2025-01-26,4,0,08:00-08:30,50,1,0,40
26,2025-01-26,4,0,08:00-08:30,50,0,1,41
26,2025-01-26,4,0,08:00-08:30,50,1,0,42
26,2025-01-26,4,0,08:00-08:30,50,1,0,43
26,2025-01-26,4,0,08:00-08:30,50,0,1,44
26,2025-01-26,4,0,08:00-08:30,50,1,0,45
26,2025-01-26,4,0,08:00-08:30,50,1,0,46
26,2025-01-26,4,0,08:00-08:30,50,1,0,47
26,2025-01-26,4,0,08:00-08:30,50,0,1,48
26,2025-01-26,4,0,08:00-08:30,50,1,0,49
26,2025-01-26,4,0,08:00-08:30,50,1,0,50
26,2025-01-26,4,0,08:30-09:00,50,1,0,1
26,2025-01-26,4,0,08:30-09:00,50,0,1,2
26,2025-01-26,4,0,08:30-09:00,50,0,1,3
26,2025-01-26,4,0,08:30-09:00,50,1,0,4
26,2025-01-26,4,0,08:30-09:00,50,0,1,5
26,2025-01-26,4,0,08:30-09:00,50,1,0,6
26,2025-01-26,4,0,08:30-09:00,50,1,0,7
26,2025-01-26,4,0,08:30-09:00,50,1,0,8
26,2025-01-26,4,0,08:30-09:00,50,0,1,9
26,2025-01-26,4,0,08:30-09:00,50,1,0,10
26,2025-01-26,4,0,08:30-09:00,50,1,0,11
26,2025-01-26,4,0,08:30-09:00,50,0,1,12
26,2025-01-26,4,0,08:30-09:00,50,1,0,13
26,2025-01-26,4,0,08:30-09:00,50,0,1,14
26,2025-01-26,4,0,08:30-09:00,50,0,1,15
26,2025-01-26,4,0,08:30-09:00,50,1,0,16
26,2025-01-26,4,0,08:30-09:00,50,1,0,17
26,2025-01-26,4,0,08:30-09:00,50,1,0,18
26,2025-01-26,4,0,08:30-09:00,50,0,1,19
26,2025-01-26,4,0,08:30-09:00,50,1,0,20
26,2025-01-26,4,0,08:30-09:00,50,0,1,21
26,2025-01-26,4,0,08:30-09:00,50,0,1,22
26,2025-01-26,4,0,08:30-09:00,50,1,0,23
26,2025-01-26,4,0,08:30-09:00,50,1,0,24
26,2025-01-26,4,0,08:30-09:00,50,1,0,25
26,2025-01-26,4,0,08:30-09:00,50,1,0,26
26,2025-01-26,4,0,08:30-09:00,50,1,0,27
26,2025-01-26,4,0,08:30-09:00,50,1,0,28
26,2025-01-26,4,0,08:30-09:00,50,1,0,29
26,2025-01-26,4,0,08:30-09:00,50,1,0,30
26,2025-01-26,4,0,08:30-09:00,50,0,1,31
26,2025-01-26,4,0,08:30-09:00,50,1,0,32
26,2025-01-26,4,0,08:30-09:00,50,1,0,33
26,2025-01-26,4,0,08:30-09:00,50,1,0,34
26,2025-01-26,4,0,08:30-09:00,50,1,0,35
26,2025-01-26,4,0,08:30-09:00,50,0,1,36
26,2025-01-26,4,0,08:30-09:00,50,1,0,37
26,2025-01-26,4,0,08:30-09:00,50,1,0,38
26,2025-01-26,4,0,08:30-09:00,50,0,1,39
26,2025-01-26,4,0,08:30-09:00,50,0,1,40
26,2025-01-26,4,0,08:30-09:00,50,1,0,41
26,2025-01-26,4,0,08:30-09:00,50,1,0,42
26,2025-01-26,4,0,08:30-09:00,50,1,0,43
26,2025-01-26,4,0,08:30-09:00,50,1,0,44
26,2025-01-26,4,0,08:30-09:00,50,1,0,45
26,2025-01-26,4,0,08:30-09:00,50,1,0,46
26,2025-01-26,4,0,08:30-09:00,50,1,0,47
26,2025-01-26,4,0,08:30-09:00,50,0,1,48
26,2025-01-26,4,0,08:30-09:00,50,1,0,49
26,2025-01-26,4,0,08:30-09:00,50,1,0,50
26,2025-01-26,4,0,09:00-09:30,50,1,0,1
26,2025-01-26,4,0,09:00-09:30,50,0,1,2
26,2025-01-26,4,0,09:00-09:30,50,1,0,3
26,2025-01-26,4,0,09:00-09:30,50,0,1,4
26,2025-01-26,4,0,09:00-09:30,50,0,1,5
26,2025-01-26,4,0,09:00-09:30,50,1,0,6
26,2025-01-26,4,0,09:00-09:30,50,1,0,7
26,2025-01-26,4,0,09:00-09:30,50,0,1,8
26,2025-01-26,4,0,09:00-09:30,50,1,0,9
26,2025-01-26,4,0,09:00-09:30,50,0,1,10
26,2025-01-26,4,0,09:00-09:30,50,0,1,11
26,2025-01-26,4,0,09:00-09:30,50,0,1,12
26,2025-01-26,4,0,09:00-09:30,50,0,1,13
26,2025-01-26,4,0,09:00-09:30,50,1,0,14
26,2025-01-26,4,0,09:00-09:30,50,0,1,15
26,2025-01-26,4,0,09:00-09:30,50,1,0,16
26,2025-01-26,4,0,09:00-09:30,50,1,0,17
26,2025-01-26,4,0,09:00-09:30,50,0,1,18
26,2025-01-26,4,0,09:00-09:30,50,0,1,19
26,2025-01-26,4,0,09:00-09:30,50,1,0,20
26,2025-01-26,4,0,09:00-09:30,50,0,1,21
26,2025-01-26,4,0,09:00-09:30,50,0,1,22
26,2025-01-26,4,0,09:00-09:30,50,1,0,23
26,2025-01-26,4,0,09:00-09:30,50,1,0,24
26,2025-01-26,4,0,09:00-09:30,50,1,0,25
26,2025-01-26,4,0,09:00-09:30,50,1,0,26
26,2025-01-26,4,0,09:00-09:30,50,0,1,27
26,2025-01-26,4,0,09:00-09:30,50,1,0,28
26,2025-01-26,4,0,09:00-09:30,50,1,0,29
26,2025-01-26,4,0,09:00-09:30,50,1,0,30
26,2025-01-26,4,0,09:00-09:30,50,1,0,31
26,2025-01-26,4,0,09:00-09:30,50,1,0,32
26,2025-01-26,4,0,09:00-09:30,50,1,0,33
26,2025-01-26,4,0,09:00-09:30,50,0,1,34
26,2025-01-26,4,0,09:00-09:30,50,1,0,35
26,2025-01-26,4,0,09:00-09:30,50,1,0,36
26,2025-01-26,4,0,09:00-09:30,50,0,1,37
26,2025-01-26,4,0,09:00-09:30,50,1,0,38
26,2025-01-26,4,0,09:00-09:30,50,0,1,39
26,2025-01-26,4,0,09:00-09:30,50,0,1,40
26,2025-01-26,4,0,09:00-09:30,50,1,0,41
26,2025-01-26,4,0,09:00-09:30,50,1,0,42
26,2025-01-26,4,0,09:00-09:30,50,0,1,43
26,2025-01-26,4,0,09:00-09:30,50,0,1,44
26,2025-01-26,4,0,09:00-09:30,50,0,1,45
26,2025-01-26,4,0,09:00-09:30,50,1,0,46
26,2025-01-26,4,0,09:00-09:30,50,0,1,47
26,2025-01-26,4,0,09:00-09:30,50,1,0,48
26,2025-01-26,4,0,09:00-09:30,50,1,0,49
26,2025-01-26,4,0,09:00-09:30,50,1,0,50
26,2025-01-26,4,0,09:30-10:00,50,1,0,1
26,2025-01-26,4,0,09:30-10:00,50,0,1,2
26,2025-01-26,4,0,09:30-10:00,50,1,0,3
26,2025-01-26,4,0,09:30-10:00,50,0,1,4
26,2025-01-26,4,0,09:30-10:00,50,0,1,5
26,2025-01-26,4,0,09:30-10:00,50,1,0,6
26,2025-01-26,4,0,09:30-10:00,50,0,1,7
26,2025-01-26,4,0,09:30-10:00,50,0,1,8
26,2025-01-26,4,0,09:30-10:00,50,1,0,9
26,2025-01-26,4,0,09:30-10:00,50,1,0,10
26,2025-01-26,4,0,09:30-10:00,50,0,1,11
26,2025-01-26,4,0,09:30-10:00,50,0,1,12
26,2025-01-26,4,0,09:30-10:00,50,1,0,13
26,2025-01-26,4,0,09:30-10:00,50,1,0,14
26,2025-01-26,4,0,09:30-10:00,50,0,1,15
26,2025-01-26,4,0,09:30-10:00,50,0,1,16
26,2025-01-26,4,0,09:30-10:00,50,0,1,17
26,2025-01-26,4,0,09:30-10:00,50,0,1,18
26,2025-01-26,4,0,09:30-10:00,50,1,0,19
26,2025-01-26,4,0,09:30-10:00,50,0,1,20
26,2025-01-26,4,0,09:30-10:00,50,1,0,21
26,2025-01-26,4,0,09:30-10:00,50,1,0,22
26,2025-01-26,4,0,09:30-10:00,50,1,0,23
26,2025-01-26,4,0,09:30-10:00,50,1,0,24
26,2025-01-26,4,0,09:30-10:00,50,0,1,25
26,2025-01-26,4,0,09:30-10:00,50,0,1,26
26,2025-01-26,4,0,09:30-10:00,50,0,1,27
26,2025-01-26,4,0,09:30-10:00,50,0,1,28
26,2025-01-26,4,0,09:30-10:00,50,0,1,29
26,2025-01-26,4,0,09:30-10:00,50,1,0,30
26,2025-01-26,4,0,09:30-10:00,50,1,0,31
26,2025-01-26,4,0,09:30-10:00,50,1,0,32
26,2025-01-26,4,0,09:30-10:00,50,0,1,33
26,2025-01-26,4,0,09:30-10:00,50,0,1,34
26,2025-01-26,4,0,09:30-10:00,50,0,1,35
26,2025-01-26,4,0,09:30-10:00,50,1,0,36
26,2025-01-26,4,0,09:30-10:00,50,0,1,37
26,2025-01-26,4,0,09:30-10:00,50,1,0,38
26,2025-01-26,4,0,09:30-10:00,50,0,1,39
26,2025-01-26,4,0,09:30-10:00,50,0,1,40
26,2025-01-26,4,0,09:30-10:00,50,0,1,41
26,2025-01-26,4,0,09:30-10:00,50,0,1,42
26,2025-01-26,4,0,09:30-10:00,50,1,0,43
26,2025-01-26,4,0,09:30-10:00,50,0,1,44
26,2025-01-26,4,0,09:30-10:00,50,1,0,45
26,2025-01-26,4,0,09:30-10:00,50,0,1,46
26,2025-01-26,4,0,09:30-10:00,50,0,1,47
26,2025-01-26,4,0,09:30-10:00,50,0,1,48
26,2025-01-26,4,0,09:30-10:00,50,0,1,49
26,2025-01-26,4,0,09:30-10:00,50,1,0,50
26,2025-01-26,4,0,16:00-16:30,50,0,1,1
26,2025-01-26,4,0,16:00-16:30,50,1,0,2
26,2025-01-26,4,0,16:00-16:30,50,1,0,3
26,2025-01-26,4,0,16:00-16:30,50,1,0,4
26,2025-01-26,4,0,16:00-16:30,50,1,0,5
26,2025-01-26,4,0,16:00-16:30,50,0,1,6
26,2025-01-26,4,0,16:00-16:30,50,0,1,7
26,2025-01-26,4,0,16:00-16:30,50,1,0,8
26,2025-01-26,4,0,16:00-16:30,50,1,0,9
26,2025-01-26,4,0,16:00-16:30,50,1,0,10
26,2025-01-26,4,0,16:00-16:30,50,1,0,11
26,2025-01-26,4,0,16:00-16:30,50,0,1,12
26,2025-01-26,4,0,16:00-16:30,50,1,0,13
26,2025-01-26,4,0,16:00-16:30,50,1,0,14
26,2025-01-26,4,0,16:00-16:30,50,1,0,15
26,2025-01-26,4,0,16:00-16:30,50,1,0,16
26,2025-01-26,4,0,16:00-16:30,50,0,1,17
26,2025-01-26,4,0,16:00-16:30,50,1,0,18
26,2025-01-26,4,0,16:00-16:30,50,1,0,19
26,2025-01-26,4,0,16:00-16:30,50,1,0,20
26,2025-01-26,4,0,16:00-16:30,50,1,0,21
26,2025-01-26,4,0,16:00-16:30,50,0,1,22
26,2025-01-26,4,0,16:00-16:30,50,1,0,23
26,2025-01-26,4,0,16:00-16:30,50,1,0,24
26,2025-01-26,4,0,16:00-16:30,50,1,0,25
26,2025-01-26,4,0,16:00-16:30,50,0,1,26
26,2025-01-26,4,0,16:00-16:30,50,1,0,27
26,2025-01-26,4,0,16:00-16:30,50,1,0,28
26,2025-01-26,4,0,16:00-16:30,50,0,1,29
26,2025-01-26,4,0,16:00-16:30,50,1,0,30
26,2025-01-26,4,0,16:00-16:30,50,1,0,31
26,2025-01-26,4,0,16:00-16:30,50,1,0,32
26,2025-01-26,4,0,16:00-16:30,50,0,1,33
26,2025-01-26,4,0,16:00-16:30,50,1,0,34
26,2025-01-26,4,0,16:00-16:30,50,1,0,35
26,2025-01-26,4,0,16:00-16:30,50,1,0,36
26,2025-01-26,4,0,16:00-16:30,50,0,1,37
26,2025-01-26,4,0,16:00-16:30,50,1,0,38
26,2025-01-26,4,0,16:00-16:30,50,1,0,39
26,2025-01-26,4,0,16:00-16:30,50,1,0,40
26,2025-01-26,4,0,16:00-16:30,50,1,0,41
26,2025-01-26,4,0,16:00-16:30,50,0,1,42
26,2025-01-26,4,0,16:00-16:30,50,1,0,43
26,2025-01-26,4,0,16:00-16:30,50,0,1,44
26,2025-01-26,4,0,16:00-16:30,50,0,1,45
26,2025-01-26,4,0,16:00-16:30,50,1,0,46
26,2025-01-26,4,0,16:00-16:30,50,1,0,47
26,2025-01-26,4,0,16:00-16:30,50,0,1,48
26,2025-01-26,4,0,16:00-16:30,50,1,0,49
26,2025-01-26,4,0,16:00-16:30,50,0,1,50
26,2025-01-26,4,0,16:30-17:00,50,1,0,1
26,2025-01-26,4,0,16:30-17:00,50,0,1,2
26,2025-01-26,4,0,16:30-17:00,50,1,0,3
26,2025-01-26,4,0,16:30-17:00,50,0,1,4
26,2025-01-26,4,0,16:30-17:00,50,1,0,5
26,2025-01-26,4,0,16:30-17:00,50,1,0,6
26,2025-01-26,4,0,16:30-17:00,50,1,0,7
26,2025-01-26,4,0,16:30-17:00,50,0,1,8
26,2025-01-26,4,0,16:30-17:00,50,1,0,9
26,2025-01-26,4,0,16:30-17:00,50,0,1,10
26,2025-01-26,4,0,16:30-17:00,50,1,0,11
26,2025-01-26,4,0,16:30-17:00,50,1,0,12
26,2025-01-26,4,0,16:30-17:00,50,1,0,13
26,2025-01-26,4,0,16:30-17:00,50,1,0,14
26,2025-01-26,4,0,16:30-17:00,50,1,0,15
26,2025-01-26,4,0,16:30-17:00,50,1,0,16
26,2025-01-26,4,0,16:30-17:00,50,0,1,17
26,2025-01-26,4,0,16:30-17:00,50,1,0,18
26,2025-01-26,4,0,16:30-17:00,50,1,0,19
26,2025-01-26,4,0,16:30-17:00,50,0,1,20
26,2025-01-26,4,0,16:30-17:00,50,0,1,21
26,2025-01-26,4,0,16:30-17:00,50,1,0,22
26,2025-01-26,4,0,16:30-17:00,50,1,0,23
26,2025-01-26,4,0,16:30-17:00,50,0,1,24
26,2025-01-26,4,0,16:30-17:00,50,0,1,25
26,2025-01-26,4,0,16:30-17:00,50,1,0,26
26,2025-01-26,4,0,16:30-17:00,50,1,0,27
26,2025-01-26,4,0,16:30-17:00,50,1,0,28
26,2025-01-26,4,0,16:30-17:00,50,1,0,29
26,2025-01-26,4,0,16:30-17:00,50,0,1,30
26,2025-01-26,4,0,16:30-17:00,50,0,1,31
26,2025-01-26,4,0,16:30-17:00,50,0,1,32
26,2025-01-26,4,0,16:30-17:00,50,0,1,33
26,2025-01-26,4,0,16:30-17:00,50,1,0,34
26,2025-01-26,4,0,16:30-17:00,50,1,0,35
26,2025-01-26,4,0,16:30-17:00,50,0,1,36
26,2025-01-26,4,0,16:30-17:00,50,0,1,37
26,2025-01-26,4,0,16:30-17:00,50,1,0,38
26,2025-01-26,4,0,16:30-17:00,50,1,0,39
26,2025-01-26,4,0,16:30-17:00,50,0,1,40
26,2025-01-26,4,0,16:30-17:00,50,1,0,41
26,2025-01-26,4,0,16:30-17:00,50,0,1,42
26,2025-01-26,4,0,16:30-17:00,50,1,0,43
26,2025-01-26,4,0,16:30-17:00,50,0,1,44
26,2025-01-26,4,0,16:30-17:00,50,0,1,45
26,2025-01-26,4,0,16:30-17:00,50,0,1,46
26,2025-01-26,4,0,16:30-17:00,50,0,1,47
26,2025-01-26,4,0,16:30-17:00,50,0,1,48
26,2025-01-26,4,0,16:30-17:00,50,0,1,49
26,2025-01-26,4,0,16:30-17:00,50,1,0,50
26,2025-01-26,4,0,17:00-17:30,50,1,0,1
26,2025-01-26,4,0,17:00-17:30,50,0,1,2
26,2025-01-26,4,0,17:00-17:30,50,0,1,3
26,2025-01-26,4,0,17:00-17:30,50,0,1,4
26,2025-01-26,4,0,17:00-17:30,50,1,0,5
26,2025-01-26,4,0,17:00-17:30,50,1,0,6
26,2025-01-26,4,0,17:00-17:30,50,0,1,7
26,2025-01-26,4,0,17:00-17:30,50,0,1,8
26,2025-01-26,4,0,17:00-17:30,50,0,1,9
26,2025-01-26,4,0,17:00-17:30,50,0,1,10
26,2025-01-26,4,0,17:00-17:30,50,1,0,11
26,2025-01-26,4,0,17:00-17:30,50,1,0,12
26,2025-01-26,4,0,17:00-17:30,50,0,1,13
26,2025-01-26,4,0,17:00-17:30,50,0,1,14
26,2025-01-26,4,0,17:00-17:30,50,0,1,15
26,2025-01-26,4,0,17:00-17:30,50,1,0,16
26,2025-01-26,4,0,17:00-17:30,50,0,1,17
26,2025-01-26,4,0,17:00-17:30,50,1,0,18
26,2025-01-26,4,0,17:00-17:30,50,0,1,19
26,2025-01-26,4,0,17:00-17:30,50,1,0,20
26,2025-01-26,4,0,17:00-17:30,50,0,1,21
26,2025-01-26,4,0,17:00-17:30,50,1,0,22
26,2025-01-26,4,0,17:00-17:30,50,0,1,23
26,2025-01-26,4,0,17:00-17:30,50,1,0,24
26,2025-01-26,4,0,17:00-17:30,50,1,0,25
26,2025-01-26,4,0,17:00-17:30,50,0,1,26
26,2025-01-26,4,0,17:00-17:30,50,1,0,27
26,2025-01-26,4,0,17:00-17:30,50,0,1,28
26,2025-01-26,4,0,17:00-17:30,50,0,1,29
26,2025-01-26,4,0,17:00-17:30,50,0,1,30
26,2025-01-26,4,0,17:00-17:30,50,1,0,31
26,2025-01-26,4,0,17:00-17:30,50,0,1,32
26,2025-01-26,4,0,17:00-17:30,50,0,1,33
26,2025-01-26,4,0,17:00-17:30,50,0,1,34
26,2025-01-26,4,0,17:00-17:30,50,0,1,35
26,2025-01-26,4,0,17:00-17:30,50,0,1,36
26,2025-01-26,4,0,17:00-17:30,50,0,1,37
26,2025-01-26,4,0,17:00-17:30,50,1,0,38
26,2025-01-26,4,0,17:00-17:30,50,0,1,39
26,2025-01-26,4,0,17:00-17:30,50,0,1,40
26,2025-01-26,4,0,17:00-17:30,50,1,0,41
26,2025-01-26,4,0,17:00-17:30,50,0,1,42
26,2025-01-26,4,0,17:00-17:30,50,1,0,43
26,2025-01-26,4,0,17:00-17:30,50,1,0,44
26,2025-01-26,4,0,17:00-17:30,50,1,0,45
26,2025-01-26,4,0,17:00-17:30,50,0,1,46
26,2025-01-26,4,0,17:00-17:30,50,0,1,47
26,2025-01-26,4,0,17:00-17:30,50,0,1,48
26,2025-01-26,4,0,17:00-17:30,50,0,1,49
26,2025-01-26,4,0,17:00-17:30,50,0,1,50
26,2025-01-26,4,0,17:30-18:00,50,1,0,1
26,2025-01-26,4,0,17:30-18:00,50,1,0,2
26,2025-01-26,4,0,17:30-18:00,50,0,1,3
26,2025-01-26,4,0,17:30-18:00,50,1,0,4
26,2025-01-26,4,0,17:30-18:00,50,0,1,5
26,2025-01-26,4,0,17:30-18:00,50,1,0,6
26,2025-01-26,4,0,17:30-18:00,50,1,0,7
26,2025-01-26,4,0,17:30-18:00,50,0,1,8
26,2025-01-26,4,0,17:30-18:00,50,1,0,9
26,2025-01-26,4,0,17:30-18:00,50,0,1,10
26,2025-01-26,4,0,17:30-18:00,50,1,0,11
26,2025-01-26,4,0,17:30-18:00,50,0,1,12
26,2025-01-26,4,0,17:30-18:00,50,0,1,13
26,2025-01-26,4,0,17:30-18:00,50,0,1,14
26,2025-01-26,4,0,17:30-18:00,50,0,1,15
26,2025-01-26,4,0,17:30-18:00,50,1,0,16
26,2025-01-26,4,0,17:30-18:00,50,0,1,17
26,2025-01-26,4,0,17:30-18:00,50,0,1,18
26,2025-01-26,4,0,17:30-18:00,50,0,1,19
26,2025-01-26,4,0,17:30-18:00,50,1,0,20
26,2025-01-26,4,0,17:30-18:00,50,1,0,21
26,2025-01-26,4,0,17:30-18:00,50,0,1,22
26,2025-01-26,4,0,17:30-18:00,50,0,1,23
26,2025-01-26,4,0,17:30-18:00,50,0,1,24
26,2025-01-26,4,0,17:30-18:00,50,1,0,25
26,2025-01-26,4,0,17:30-18:00,50,1,0,26
26,2025-01-26,4,0,17:30-18:00,50,1,0,27
26,2025-01-26,4,0,17:30-18:00,50,1,0,28
26,2025-01-26,4,0,17:30-18:00,50,0,1,29
26,2025-01-26,4,0,17:30-18:00,50,1,0,30
26,2025-01-26,4,0,17:30-18:00,50,1,0,31
26,2025-01-26,4,0,17:30-18:00,50,0,1,32
26,2025-01-26,4,0,17:30-18:00,50,1,0,33
26,2025-01-26,4,0,17:30-18:00,50,0,1,34
26,2025-01-26,4,0,17:30-18:00,50,0,1,35
26,2025-01-26,4,0,17:30-18:00,50,1,0,36
26,2025-01-26,4,0,17:30-18:00,50,0,1,37
26,2025-01-26,4,0,17:30-18:00,50,0,1,38
26,2025-01-26,4,0,17:30-18:00,50,1,0,39
26,2025-01-26,4,0,17:30-18:00,50,1,0,40
26,2025-01-26,4,0,17:30-18:00,50,1,0,41
26,2025-01-26,4,0,17:30-18:00,50,0,1,42
26,2025-01-26,4,0,17:30-18:00,50,1,0,43
26,2025-01-26,4,0,17:30-18:00,50,0,1,44
26,2025-01-26,4,0,17:30-18:00,50,0,1,45
26,2025-01-26,4,0,17:30-18:00,50,1,0,46
26,2025-01-26,4,0,17:30-18:00,50,0,1,47
26,2025-01-26,4,0,17:30-18:00,50,0,1,48
26,2025-01-26,4,0,17:30-18:00,50,1,0,49
26,2025-01-26,4,0,17:30-18:00,50,1,0,50
26,2025-01-26,4,0,18:00-18:30,50,0,1,1
26,2025-01-26,4,0,18:00-18:30,50,1,0,2
26,2025-01-26,4,0,18:00-18:30,50,1,0,3
26,2025-01-26,4,0,18:00-18:30,50,0,1,4
26,2025-01-26,4,0,18:00-18:30,50,0,1,5
26,2025-01-26,4,0,18:00-18:30,50,1,0,6
26,2025-01-26,4,0,18:00-18:30,50,0,1,7
26,2025-01-26,4,0,18:00-18:30,50,0,1,8
26,2025-01-26,4,0,18:00-18:30,50,1,0,9
26,2025-01-26,4,0,18:00-18:30,50,1,0,10
26,2025-01-26,4,0,18:00-18:30,50,0,1,11
26,2025-01-26,4,0,18:00-18:30,50,0,1,12
26,2025-01-26,4,0,18:00-18:30,50,0,1,13
26,2025-01-26,4,0,18:00-18:30,50,0,1,14
26,2025-01-26,4,0,18:00-18:30,50,0,1,15
26,2025-01-26,4,0,18:00-18:30,50,1,0,16
26,2025-01-26,4,0,18:00-18:30,50,0,1,17
26,2025-01-26,4,0,18:00-18:30,50,0,1,18
26,2025-01-26,4,0,18:00-18:30,50,0,1,19
26,2025-01-26,4,0,18:00-18:30,50,0,1,20
26,2025-01-26,4,0,18:00-18:30,50,0,1,21
26,2025-01-26,4,0,18:00-18:30,50,1,0,22
26,2025-01-26,4,0,18:00-18:30,50,0,1,23
26,2025-01-26,4,0,18:00-18:30,50,0,1,24
26,2025-01-26,4,0,18:00-18:30,50,0,1,25
26,2025-01-26,4,0,18:00-18:30,50,0,1,26
26,2025-01-26,4,0,18:00-18:30,50,1,0,27
26,2025-01-26,4,0,18:00-18:30,50,1,0,28
26,2025-01-26,4,0,18:00-18:30,50,1,0,29
26,2025-01-26,4,0,18:00-18:30,50,1,0,30
26,2025-01-26,4,0,18:00-18:30,50,0,1,31
26,2025-01-26,4,0,18:00-18:30,50,0,1,32
26,2025-01-26,4,0,18:00-18:30,50,0,1,33
26,2025-01-26,4,0,18:00-18:30,50,0,1,34
26,2025-01-26,4,0,18:00-18:30,50,0,1,35
26,2025-01-26,4,0,18:00-18:30,50,0,1,36
26,2025-01-26,4,0,18:00-18:30,50,0,1,37
26,2025-01-26,4,0,18:00-18:30,50,0,1,38
26,2025-01-26,4,0,18:00-18:30,50,0,1,39
26,2025-01-26,4,0,18:00-18:30,50,0,1,40
26,2025-01-26,4,0,18:00-18:30,50,1,0,41
26,2025-01-26,4,0,18:00-18:30,50,0,1,42
26,2025-01-26,4,0,18:00-18:30,50,1,0,43
26,2025-01-26,4,0,18:00-18:30,50,0,1,44
26,2025-01-26,4,0,18:00-18:30,50,0,1,45
26,2025-01-26,4,0,18:00-18:30,50,0,1,46
26,2025-01-26,4,0,18:00-18:30,50,1,0,47
26,2025-01-26,4,0,18:00-18:30,50,0,1,48
26,2025-01-26,4,0,18:00-18:30,50,0,1,49
26,2025-01-26,4,0,18:00-18:30,50,1,0,50
26,2025-01-26,4,0,18:30-19:00,50,1,0,1
26,2025-01-26,4,0,18:30-19:00,50,1,0,2
26,2025-01-26,4,0,18:30-19:00,50,0,1,3
26,2025-01-26,4,0,18:30-19:00,50,0,1,4
26,2025-01-26,4,0,18:30-19:00,50,1,0,5
26,2025-01-26,4,0,18:30-19:00,50,1,0,6
26,2025-01-26,4,0,18:30-19:00,50,0,1,7
26,2025-01-26,4,0,18:30-19:00,50,1,0,8
26,2025-01-26,4,0,18:30-19:00,50,0,1,9
26,2025-01-26,4,0,18:30-19:00,50,0,1,10
26,2025-01-26,4,0,18:30-19:00,50,0,1,11
26,2025-01-26,4,0,18:30-19:00,50,0,1,12
26,2025-01-26,4,0,18:30-19:00,50,0,1,13
26,2025-01-26,4,0,18:30-19:00,50,0,1,14
26,2025-01-26,4,0,18:30-19:00,50,0,1,15
26,2025-01-26,4,0,18:30-19:00,50,1,0,16
26,2025-01-26,4,0,18:30-19:00,50,1,0,17
26,2025-01-26,4,0,18:30-19:00,50,0,1,18
26,2025-01-26,4,0,18:30-19:00,50,1,0,19
26,2025-01-26,4,0,18:30-19:00,50,0,1,20
26,2025-01-26,4,0,18:30-19:00,50,0,1,21
26,2025-01-26,4,0,18:30-19:00,50,0,1,22
26,2025-01-26,4,0,18:30-19:00,50,1,0,23
26,2025-01-26,4,0,18:30-19:00,50,0,1,24
26,2025-01-26,4,0,18:30-19:00,50,0,1,25
26,2025-01-26,4,0,18:30-19:00,50,1,0,26
26,2025-01-26,4,0,18:30-19:00,50,0,1,27
26,2025-01-26,4,0,18:30-19:00,50,1,0,28
26,2025-01-26,4,0,18:30-19:00,50,0,1,29
26,2025-01-26,4,0,18:30-19:00,50,0,1,30
26,2025-01-26,4,0,18:30-19:00,50,0,1,31
26,2025-01-26,4,0,18:30-19:00,50,1,0,32
26,2025-01-26,4,0,18:30-19:00,50,0,1,33
26,2025-01-26,4,0,18:30-19:00,50,1,0,34
26,2025-01-26,4,0,18:30-19:00,50,1,0,35
26,2025-01-26,4,0,18:30-19:00,50,1,0,36
26,2025-01-26,4,0,18:30-19:00,50,0,1,37
26,2025-01-26,4,0,18:30-19:00,50,1,0,38
26,2025-01-26,4,0,18:30-19:00,50,0,1,39
26,2025-01-26,4,0,18:30-19:00,50,0,1,40
26,2025-01-26,4,0,18:30-19:00,50,1,0,41
26,2025-01-26,4,0,18:30-19:00,50,1,0,42
26,2025-01-26,4,0,18:30-19:00,50,1,0,43
26,2025-01-26,4,0,18:30-19:00,50,0,1,44
26,2025-01-26,4,0,18:30-19:00,50,0,1,45
26,2025-01-26,4,0,18:30-19:00,50,0,1,46
26,2025-01-26,4,0,18:30-19:00,50,1,0,47
26,2025-01-26,4,0,18:30-19:00,50,0,1,48
26,2025-01-26,4,0,18:30-19:00,50,1,0,49
26,2025-01-26,4,0,18:30-19:00,50,0,1,50
27,2025-01-27,5,1,07:00-07:30,50,1,0,1
27,2025-01-27,5,1,07:00-07:30,50,1,0,2
27,2025-01-27,5,1,07:00-07:30,50,0,1,3
27,2025-01-27,5,1,07:00-07:30,50,0,1,4
27,2025-01-27,5,1,07:00-07:30,50,0,1,5
27,2025-01-27,5,1,07:00-07:30,50,0,1,6
27,2025-01-27,5,1,07:00-07:30,50,1,0,7
27,2025-01-27,5,1,07:00-07:30,50,0,1,8
27,2025-01-27,5,1,07:00-07:30,50,1,0,9
27,2025-01-27,5,1,07:00-07:30,50,1,0,10
27,2025-01-27,5,1,07:00-07:30,50,0,1,11
27,2025-01-27,5,1,07:00-07:30,50,0,1,12
27,2025-01-27,5,1,07:00-07:30,50,1,0,13
27,2025-01-27,5,1,07:00-07:30,50,0,1,14
27,2025-01-27,5,1,07:00-07:30,50,1,0,15
27,2025-01-27,5,1,07:00-07:30,50,0,1,16
27,2025-01-27,5,1,07:00-07:30,50,0,1,17
27,2025-01-27,5,1,07:00-07:30,50,0,1,18
27,2025-01-27,5,1,07:00-07:30,50,0,1,19
27,2025-01-27,5,1,07:00-07:30,50,1,0,20
27,2025-01-27,5,1,07:00-07:30,50,1,0,21
27,2025-01-27,5,1,07:00-07:30,50,0,1,22
27,2025-01-27,5,1,07:00-07:30,50,1,0,23
27,2025-01-27,5,1,07:00-07:30,50,1,0,24
27,2025-01-27,5,1,07:00-07:30,50,0,1,25
27,2025-01-27,5,1,07:00-07:30,50,0,1,26
27,2025-01-27,5,1,07:00-07:30,50,1,0,27
27,2025-01-27,5,1,07:00-07:30,50,0,1,28
27,2025-01-27,5,1,07:00-07:30,50,0,1,29
27,2025-01-27,5,1,07:00-07:30,50,1,0,30
27,2025-01-27,5,1,07:00-07:30,50,0,1,31
27,2025-01-27,5,1,07:00-07:30,50,0,1,32
27,2025-01-27,5,1,07:00-07:30,50,0,1,33
27,2025-01-27,5,1,07:00-07:30,50,0,1,34
27,2025-01-27,5,1,07:00-07:30,50,1,0,35
27,2025-01-27,5,1,07:00-07:30,50,0,1,36
27,2025-01-27,5,1,07:00-07:30,50,1,0,37
27,2025-01-27,5,1,07:00-07:30,50,0,1,38
27,2025-01-27,5,1,07:00-07:30,50,0,1,39
27,2025-01-27,5,1,07:00-07:30,50,0,1,40
27,2025-01-27,5,1,07:00-07:30,50,0,1,41
27,2025-01-27,5,1,07:00-07:30,50,1,0,42
27,2025-01-27,5,1,07:00-07:30,50,0,1,43
27,2025-01-27,5,1,07:00-07:30,50,0,1,44
27,2025-01-27,5,1,07:00-07:30,50,1,0,45
27,2025-01-27,5,1,07:00-07:30,50,0,1,46
27,2025-01-27,5,1,07:00-07:30,50,0,1,47
27,2025-01-27,5,1,07:00-07:30,50,0,1,48
27,2025-01-27,5,1,07:00-07:30,50,0,1,49
27,2025-01-27,5,1,07:00-07:30,50,0,1,50
27,2025-01-27,5,1,07:30-08:00,50,1,0,1
27,2025-01-27,5,1,07:30-08:00,50,1,0,2
27,2025-01-27,5,1,07:30-08:00,50,1,0,3
27,2025-01-27,5,1,07:30-08:00,50,0,1,4
27,2025-01-27,5,1,07:30-08:00,50,0,1,5
27,2025-01-27,5,1,07:30-08:00,50,1,0,6
27,2025-01-27,5,1,07:30-08:00,50,0,1,7
27,2025-01-27,5,1,07:30-08:00,50,0,1,8
27,2025-01-27,5,1,07:30-08:00,50,0,1,9
27,2025-01-27,5,1,07:30-08:00,50,0,1,10
27,2025-01-27,5,1,07:30-08:00,50,0,1,11
27,2025-01-27,5,1,07:30-08:00,50,0,1,12
27,2025-01-27,5,1,07:30-08:00,50,0,1,13
27,2025-01-27,5,1,07:30-08:00,50,0,1,14
27,2025-01-27,5,1,07:30-08:00,50,0,1,15
27,2025-01-27,5,1,07:30-08:00,50,1,0,16
27,2025-01-27,5,1,07:30-08:00,50,0,1,17
27,2025-01-27,5,1,07:30-08:00,50,1,0,18
27,2025-01-27,5,1,07:30-08:00,50,1,0,19
27,2025-01-27,5,1,07:30-08:00,50,0,1,20
27,2025-01-27,5,1,07:30-08:00,50,1,0,21
27,2025-01-27,5,1,07:30-08:00,50,1,0,22
27,2025-01-27,5,1,07:30-08:00,50,1,0,23
27,2025-01-27,5,1,07:30-08:00,50,0,1,24
27,2025-01-27,5,1,07:30-08:00,50,0,1,25
27,2025-01-27,5,1,07:30-08:00,50,1,0,26
27,2025-01-27,5,1,07:30-08:00,50,1,0,27
27,2025-01-27,5,1,07:30-08:00,50,0,1,28
27,2025-01-27,5,1,07:30-08:00,50,1,0,29
27,2025-01-27,5,1,07:30-08:00,50,0,1,30
27,2025-01-27,5,1,07:30-08:00,50,1,0,31
27,2025-01-27,5,1,07:30-08:00,50,1,0,32
27,2025-01-27,5,1,07:30-08:00,50,0,1,33
27,2025-01-27,5,1,07:30-08:00,50,1,0,34
27,2025-01-27,5,1,07:30-08:00,50,0,1,35
27,2025-01-27,5,1,07:30-08:00,50,0,1,36
27,2025-01-27,5,1,07:30-08:00,50,0,1,37
27,2025-01-27,5,1,07:30-08:00,50,0,1,38
27,2025-01-27,5,1,07:30-08:00,50,1,0,39
27,2025-01-27,5,1,07:30-08:00,50,0,1,40
27,2025-01-27,5,1,07:30-08:00,50,0,1,41
27,2025-01-27,5,1,07:30-08:00,50,0,1,42
27,2025-01-27,5,1,07:30-08:00,50,0,1,43
27,2025-01-27,5,1,07:30-08:00,50,0,1,44
27,2025-01-27,5,1,07:30-08:00,50,0,1,45
27,2025-01-27,5,1,07:30-08:00,50,0,1,46
27,2025-01-27,5,1,07:30-08:00,50,1,0,47
27,2025-01-27,5,1,07:30-08:00,50,0,1,48
27,2025-01-27,5,1,07:30-08:00,50,0,1,49
27,2025-01-27,5,1,07:30-08:00,50,0,1,50
27,2025-01-27,5,1,08:00-08:30,50,0,1,1
27,2025-01-27,5,1,08:00-08:30,50,0,1,2
27,2025-01-27,5,1,08:00-08:30,50,1,0,3
27,2025-01-27,5,1,08:00-08:30,50,0,1,4
27,2025-01-27,5,1,08:00-08:30,50,0,1,5
27,2025-01-27,5,1,08:00-08:30,50,0,1,6
27,2025-01-27,5,1,08:00-08:30,50,0,1,7
27,2025-01-27,5,1,08:00-08:30,50,0,1,8
27,2025-01-27,5,1,08:00-08:30,50,1,0,9
27,2025-01-27,5,1,08:00-08:30,50,0,1,10
27,2025-01-27,5,1,08:00-08:30,50,0,1,11
27,2025-01-27,5,1,08:00-08:30,50,0,1,12
27,2025-01-27,5,1,08:00-08:30,50,0,1,13
27,2025-01-27,5,1,08:00-08:30,50,0,1,14
27,2025-01-27,5,1,08:00-08:30,50,0,1,15
27,2025-01-27,5,1,08:00-08:30,50,0,1,16
27,2025-01-27,5,1,08:00-08:30,50,1,0,17
27,2025-01-27,5,1,08:00-08:30,50,1,0,18
27,2025-01-27,5,1,08:00-08:30,50,0,1,19
27,2025-01-27,5,1,08:00-08:30,50,0,1,20
27,2025-01-27,5,1,08:00-08:30,50,0,1,21
27,2025-01-27,5,1,08:00-08:30,50,0,1,22
27,2025-01-27,5,1,08:00-08:30,50,0,1,23
27,2025-01-27,5,1,08:00-08:30,50,0,1,24
27,2025-01-27,5,1,08:00-08:30,50,0,1,25
27,2025-01-27,5,1,08:00-08:30,50,0,1,26
27,2025-01-27,5,1,08:00-08:30,50,1,0,27
27,2025-01-27,5,1,08:00-08:30,50,1,0,28
27,2025-01-27,5,1,08:00-08:30,50,0,1,29
27,2025-01-27,5,1,08:00-08:30,50,0,1,30
27,2025-01-27,5,1,08:00-08:30,50,0,1,31
27,2025-01-27,5,1,08:00-08:30,50,1,0,32
27,2025-01-27,5,1,08:00-08:30,50,0,1,33
27,2025-01-27,5,1,08:00-08:30,50,1,0,34
27,2025-01-27,5,1,08:00-08:30,50,0,1,35
27,2025-01-27,5,1,08:00-08:30,50,0,1,36
27,2025-01-27,5,1,08:00-08:30,50,0,1,37
27,2025-01-27,5,1,08:00-08:30,50,1,0,38
27,2025-01-27,5,1,08:00-08:30,50,1,0,39
27,2025-01-27,5,1,08:00-08:30,50,1,0,40
27,2025-01-27,5,1,08:00-08:30,50,0,1,41
27,2025-01-27,5,1,08:00-08:30,50,0,1,42
27,2025-01-27,5,1,08:00-08:30,50,0,1,43
27,2025-01-27,5,1,08:00-08:30,50,1,0,44
27,2025-01-27,5,1,08:00-08:30,50,1,0,45
27,2025-01-27,5,1,08:00-08:30,50,0,1,46
27,2025-01-27,5,1,08:00-08:30,50,0,1,47
27,2025-01-27,5,1,08:00-08:30,50,0,1,48
27,2025-01-27,5,1,08:00-08:30,50,1,0,49
27,2025-01-27,5,1,08:00-08:30,50,0,1,50
27,2025-01-27,5,1,08:30-09:00,50,0,1,1
27,2025-01-27,5,1,08:30-09:00,50,0,1,2
27,2025-01-27,5,1,08:30-09:00,50,0,1,3
27,2025-01-27,5,1,08:30-09:00,50,0,1,4
27,2025-01-27,5,1,08:30-09:00,50,0,1,5
27,2025-01-27,5,1,08:30-09:00,50,0,1,6
27,2025-01-27,5,1,08:30-09:00,50,1,0,7
27,2025-01-27,5,1,08:30-09:00,50,1,0,8
27,2025-01-27,5,1,08:30-09:00,50,1,0,9
27,2025-01-27,5,1,08:30-09:00,50,1,0,10
27,2025-01-27,5,1,08:30-09:00,50,0,1,11
27,2025-01-27,5,1,08:30-09:00,50,0,1,12
27,2025-01-27,5,1,08:30-09:00,50,0,1,13
27,2025-01-27,5,1,08:30-09:00,50,1,0,14
27,2025-01-27,5,1,08:30-09:00,50,0,1,15
27,2025-01-27,5,1,08:30-09:00,50,0,1,16
27,2025-01-27,5,1,08:30-09:00,50,0,1,17
27,2025-01-27,5,1,08:30-09:00,50,1,0,18
27,2025-01-27,5,1,08:30-09:00,50,0,1,19
27,2025-01-27,5,1,08:30-09:00,50,0,1,20
27,2025-01-27,5,1,08:30-09:00,50,0,1,21
27,2025-01-27,5,1,08:30-09:00,50,0,1,22
27,2025-01-27,5,1,08:30-09:00,50,0,1,23
27,2025-01-27,5,1,08:30-09:00,50,0,1,24
27,2025-01-27,5,1,08:30-09:00,50,1,0,25
27,2025-01-27,5,1,08:30-09:00,50,1,0,26
27,2025-01-27,5,1,08:30-09:00,50,0,1,27
27,2025-01-27,5,1,08:30-09:00,50,0,1,28
27,2025-01-27,5,1,08:30-09:00,50,0,1,29
27,2025-01-27,5,1,08:30-09:00,50,0,1,30
27,2025-01-27,5,1,08:30-09:00,50,1,0,31
27,2025-01-27,5,1,08:30-09:00,50,0,1,32
27,2025-01-27,5,1,08:30-09:00,50,0,1,33
27,2025-01-27,5,1,08:30-09:00,50,0,1,34
27,2025-01-27,5,1,08:30-09:00,50,0,1,35
27,2025-01-27,5,1,08:30-09:00,50,0,1,36
27,2025-01-27,5,1,08:30-09:00,50,0,1,37
27,2025-01-27,5,1,08:30-09:00,50,0,1,38
27,2025-01-27,5,1,08:30-09:00,50,1,0,39
27,2025-01-27,5,1,08:30-09:00,50,0,1,40
27,2025-01-27,5,1,08:30-09:00,50,0,1,41
27,2025-01-27,5,1,08:30-09:00,50,0,1,42
27,2025-01-27,5,1,08:30-09:00,50,0,1,43
27,2025-01-27,5,1,08:30-09:00,50,0,1,44
27,2025-01-27,5,1,08:30-09:00,50,0,1,45
27,2025-01-27,5,1,08:30-09:00,50,0,1,46
27,2025-01-27,5,1,08:30-09:00,50,1,0,47
27,2025-01-27,5,1,08:30-09:00,50,0,1,48
27,2025-01-27,5,1,08:30-09:00,50,1,0,49
27,2025-01-27,5,1,08:30-09:00,50,0,1,50
27,2025-01-27,5,1,09:00-09:30,50,0,1,1
27,2025-01-27,5,1,09:00-09:30,50,0,1,2
27,2025-01-27,5,1,09:00-09:30,50,0,1,3
27,2025-01-27,5,1,09:00-09:30,50,1,0,4
27,2025-01-27,5,1,09:00-09:30,50,0,1,5
27,2025-01-27,5,1,09:00-09:30,50,1,0,6
27,2025-01-27,5,1,09:00-09:30,50,0,1,7
27,2025-01-27,5,1,09:00-09:30,50,0,1,8
27,2025-01-27,5,1,09:00-09:30,50,0,1,9
27,2025-01-27,5,1,09:00-09:30,50,0,1,10
27,2025-01-27,5,1,09:00-09:30,50,1,0,11
27,2025-01-27,5,1,09:00-09:30,50,0,1,12
27,2025-01-27,5,1,09:00-09:30,50,0,1,13
27,2025-01-27,5,1,09:00-09:30,50,1,0,14
27,2025-01-27,5,1,09:00-09:30,50,0,1,15
27,2025-01-27,5,1,09:00-09:30,50,1,0,16
27,2025-01-27,5,1,09:00-09:30,50,0,1,17
27,2025-01-27,5,1,09:00-09:30,50,0,1,18
27,2025-01-27,5,1,09:00-09:30,50,0,1,19
27,2025-01-27,5,1,09:00-09:30,50,0,1,20
27,2025-01-27,5,1,09:00-09:30,50,1,0,21
27,2025-01-27,5,1,09:00-09:30,50,0,1,22
27,2025-01-27,5,1,09:00-09:30,50,0,1,23
27,2025-01-27,5,1,09:00-09:30,50,0,1,24
27,2025-01-27,5,1,09:00-09:30,50,1,0,25
27,2025-01-27,5,1,09:00-09:30,50,0,1,26
27,2025-01-27,5,1,09:00-09:30,50,0,1,27
27,2025-01-27,5,1,09:00-09:30,50,1,0,28
27,2025-01-27,5,1,09:00-09:30,50,0,1,29
27,2025-01-27,5,1,09:00-09:30,50,1,0,30
27,2025-01-27,5,1,09:00-09:30,50,0,1,31
27,2025-01-27,5,1,09:00-09:30,50,1,0,32
27,2025-01-27,5,1,09:00-09:30,50,0,1,33
27,2025-01-27,5,1,09:00-09:30,50,1,0,34
27,2025-01-27,5,1,09:00-09:30,50,0,1,35
27,2025-01-27,5,1,09:00-09:30,50,0,1,36
27,2025-01-27,5,1,09:00-09:30,50,0,1,37
27,2025-01-27,5,1,09:00-09:30,50,0,1,38
27,2025-01-27,5,1,09:00-09:30,50,0,1,39
27,2025-01-27,5,1,09:00-09:30,50,0,1,40
27,2025-01-27,5,1,09:00-09:30,50,0,1,41
27,2025-01-27,5,1,09:00-09:30,50,0,1,42
27,2025-01-27,5,1,09:00-09:30,50,0,1,43
27,2025-01-27,5,1,09:00-09:30,50,0,1,44
27,2025-01-27,5,1,09:00-09:30,50,1,0,45
27,2025-01-27,5,1,09:00-09:30,50,0,1,46
27,2025-01-27,5,1,09:00-09:30,50,0,1,47
27,2025-01-27,5,1,09:00-09:30,50,0,1,48
27,2025-01-27,5,1,09:00-09:30,50,0,1,49
27,2025-01-27,5,1,09:00-09:30,50,1,0,50
27,2025-01-27,5,1,09:30-10:00,50,0,1,1
27,2025-01-27,5,1,09:30-10:00,50,1,0,2
27,2025-01-27,5,1,09:30-10:00,50,0,1,3
27,2025-01-27,5,1,09:30-10:00,50,0,1,4
27,2025-01-27,5,1,09:30-10:00,50,0,1,5
27,2025-01-27,5,1,09:30-10:00,50,0,1,6
27,2025-01-27,5,1,09:30-10:00,50,0,1,7
27,2025-01-27,5,1,09:30-10:00,50,1,0,8
27,2025-01-27,5,1,09:30-10:00,50,0,1,9
27,2025-01-27,5,1,09:30-10:00,50,0,1,10
27,2025-01-27,5,1,09:30-10:00,50,0,1,11
27,2025-01-27,5,1,09:30-10:00,50,0,1,12
27,2025-01-27,5,1,09:30-10:00,50,0,1,13
27,2025-01-27,5,1,09:30-10:00,50,0,1,14
27,2025-01-27,5,1,09:30-10:00,50,0,1,15
27,2025-01-27,5,1,09:30-10:00,50,0,1,16
27,2025-01-27,5,1,09:30-10:00,50,0,1,17
27,2025-01-27,5,1,09:30-10:00,50,0,1,18
27,2025-01-27,5,1,09:30-10:00,50,0,1,19
27,2025-01-27,5,1,09:30-10:00,50,0,1,20
27,2025-01-27,5,1,09:30-10:00,50,0,1,21
27,2025-01-27,5,1,09:30-10:00,50,1,0,22
27,2025-01-27,5,1,09:30-10:00,50,0,1,23
27,2025-01-27,5,1,09:30-10:00,50,0,1,24
27,2025-01-27,5,1,09:30-10:00,50,0,1,25
27,2025-01-27,5,1,09:30-10:00,50,1,0,26
27,2025-01-27,5,1,09:30-10:00,50,1,0,27
27,2025-01-27,5,1,09:30-10:00,50,0,1,28
27,2025-01-27,5,1,09:30-10:00,50,0,1,29
27,2025-01-27,5,1,09:30-10:00,50,0,1,30
27,2025-01-27,5,1,09:30-10:00,50,0,1,31
27,2025-01-27,5,1,09:30-10:00,50,0,1,32
27,2025-01-27,5,1,09:30-10:00,50,1,0,33
27,2025-01-27,5,1,09:30-10:00,50,0,1,34
27,2025-01-27,5,1,09:30-10:00,50,0,1,35
27,2025-01-27,5,1,09:30-10:00,50,1,0,36
27,2025-01-27,5,1,09:30-10:00,50,0,1,37
27,2025-01-27,5,1,09:30-10:00,50,0,1,38
27,2025-01-27,5,1,09:30-10:00,50,0,1,39
27,2025-01-27,5,1,09:30-10:00,50,0,1,40
27,2025-01-27,5,1,09:30-10:00,50,0,1,41
27,2025-01-27,5,1,09:30-10:00,50,0,1,42
27,2025-01-27,5,1,09:30-10:00,50,0,1,43
27,2025-01-27,5,1,09:30-10:00,50,0,1,44
27,2025-01-27,5,1,09:30-10:00,50,0,1,45
27,2025-01-27,5,1,09:30-10:00,50,0,1,46
27,2025-01-27,5,1,09:30-10:00,50,0,1,47
27,2025-01-27,5,1,09:30-10:00,50,0,1,48
27,2025-01-27,5,1,09:30-10:00,50,0,1,49
27,2025-01-27,5,1,09:30-10:00,50,0,1,50
27,2025-01-27,5,1,16:00-16:30,50,0,1,1
27,2025-01-27,5,1,16:00-16:30,50,1,0,2
27,2025-01-27,5,1,16:00-16:30,50,0,1,3
27,2025-01-27,5,1,16:00-16:30,50,1,0,4
27,2025-01-27,5,1,16:00-16:30,50,0,1,5
27,2025-01-27,5,1,16:00-16:30,50,0,1,6
27,2025-01-27,5,1,16:00-16:30,50,0,1,7
27,2025-01-27,5,1,16:00-16:30,50,0,1,8
27,2025-01-27,5,1,16:00-16:30,50,0,1,9
27,2025-01-27,5,1,16:00-16:30,50,0,1,10
27,2025-01-27,5,1,16:00-16:30,50,0,1,11
27,2025-01-27,5,1,16:00-16:30,50,0,1,12
27,2025-01-27,5,1,16:00-16:30,50,1,0,13
27,2025-01-27,5,1,16:00-16:30,50,0,1,14
27,2025-01-27,5,1,16:00-16:30,50,0,1,15
27,2025-01-27,5,1,16:00-16:30,50,0,1,16
27,2025-01-27,5,1,16:00-16:30,50,0,1,17
27,2025-01-27,5,1,16:00-16:30,50,1,0,18
27,2025-01-27,5,1,16:00-16:30,50,0,1,19
27,2025-01-27,5,1,16:00-16:30,50,0,1,20
27,2025-01-27,5,1,16:00-16:30,50,0,1,21
27,2025-01-27,5,1,16:00-16:30,50,0,1,22
27,2025-01-27,5,1,16:00-16:30,50,0,1,23
27,2025-01-27,5,1,16:00-16:30,50,0,1,24
27,2025-01-27,5,1,16:00-16:30,50,0,1,25
27,2025-01-27,5,1,16:00-16:30,50,0,1,26
27,2025-01-27,5,1,16:00-16:30,50,0,1,27
27,2025-01-27,5,1,16:00-16:30,50,0,1,28
27,2025-01-27,5,1,16:00-16:30,50,0,1,29
27,2025-01-27,5,1,16:00-16:30,50,0,1,30
27,2025-01-27,5,1,16:00-16:30,50,0,1,31
27,2025-01-27,5,1,16:00-16:30,50,0,1,32
27,2025-01-27,5,1,16:00-16:30,50,1,0,33
27,2025-01-27,5,1,16:00-16:30,50,0,1,34
27,2025-01-27,5,1,16:00-16:30,50,0,1,35
27,2025-01-27,5,1,16:00-16:30,50,0,1,36
27,2025-01-27,5,1,16:00-16:30,50,0,1,37
27,2025-01-27,5,1,16:00-16:30,50,0,1,38
27,2025-01-27,5,1,16:00-16:30,50,0,1,39
27,2025-01-27,5,1,16:00-16:30,50,0,1,40
27,2025-01-27,5,1,16:00-16:30,50,0,1,41
27,2025-01-27,5,1,16:00-16:30,50,1,0,42
27,2025-01-27,5,1,16:00-16:30,50,0,1,43
27,2025-01-27,5,1,16:00-16:30,50,0,1,44
27,2025-01-27,5,1,16:00-16:30,50,1,0,45
27,2025-01-27,5,1,16:00-16:30,50,0,1,46
27,2025-01-27,5,1,16:00-16:30,50,1,0,47
27,2025-01-27,5,1,16:00-16:30,50,0,1,48
27,2025-01-27,5,1,16:00-16:30,50,0,1,49
27,2025-01-27,5,1,16:00-16:30,50,0,1,50
27,2025-01-27,5,1,16:30-17:00,50,1,0,1
27,2025-01-27,5,1,16:30-17:00,50,1,0,2
27,2025-01-27,5,1,16:30-17:00,50,0,1,3
27,2025-01-27,5,1,16:30-17:00,50,0,1,4
27,2025-01-27,5,1,16:30-17:00,50,1,0,5
27,2025-01-27,5,1,16:30-17:00,50,0,1,6
27,2025-01-27,5,1,16:30-17:00,50,0,1,7
27,2025-01-27,5,1,16:30-17:00,50,0,1,8
27,2025-01-27,5,1,16:30-17:00,50,0,1,9
27,2025-01-27,5,1,16:30-17:00,50,0,1,10
27,2025-01-27,5,1,16:30-17:00,50,0,1,11
27,2025-01-27,5,1,16:30-17:00,50,0,1,12
27,2025-01-27,5,1,16:30-17:00,50,0,1,13
27,2025-01-27,5,1,16:30-17:00,50,0,1,14
27,2025-01-27,5,1,16:30-17:00,50,1,0,15
27,2025-01-27,5,1,16:30-17:00,50,0,1,16
27,2025-01-27,5,1,16:30-17:00,50,0,1,17
27,2025-01-27,5,1,16:30-17:00,50,0,1,18
27,2025-01-27,5,1,16:30-17:00,50,1,0,19
27,2025-01-27,5,1,16:30-17:00,50,0,1,20
27,2025-01-27,5,1,16:30-17:00,50,0,1,21
27,2025-01-27,5,1,16:30-17:00,50,0,1,22
27,2025-01-27,5,1,16:30-17:00,50,1,0,23
27,2025-01-27,5,1,16:30-17:00,50,0,1,24
27,2025-01-27,5,1,16:30-17:00,50,0,1,25
27,2025-01-27,5,1,16:30-17:00,50,0,1,26
27,2025-01-27,5,1,16:30-17:00,50,0,1,27
27,2025-01-27,5,1,16:30-17:00,50,0,1,28
27,2025-01-27,5,1,16:30-17:00,50,1,0,29
27,2025-01-27,5,1,16:30-17:00,50,0,1,30
27,2025-01-27,5,1,16:30-17:00,50,0,1,31
27,2025-01-27,5,1,16:30-17:00,50,1,0,32
27,2025-01-27,5,1,16:30-17:00,50,1,0,33
27,2025-01-27,5,1,16:30-17:00,50,0,1,34
27,2025-01-27,5,1,16:30-17:00,50,0,1,35
27,2025-01-27,5,1,16:30-17:00,50,0,1,36
27,2025-01-27,5,1,16:30-17:00,50,1,0,37
27,2025-01-27,5,1,16:30-17:00,50,0,1,38
27,2025-01-27,5,1,16:30-17:00,50,0,1,39
27,2025-01-27,5,1,16:30-17:00,50,0,1,40
27,2025-01-27,5,1,16:30-17:00,50,0,1,41
27,2025-01-27,5,1,16:30-17:00,50,0,1,42
27,2025-01-27,5,1,16:30-17:00,50,0,1,43
27,2025-01-27,5,1,16:30-17:00,50,0,1,44
27,2025-01-27,5,1,16:30-17:00,50,0,1,45
27,2025-01-27,5,1,16:30-17:00,50,0,1,46
27,2025-01-27,5,1,16:30-17:00,50,0,1,47
27,2025-01-27,5,1,16:30-17:00,50,1,0,48
27,2025-01-27,5,1,16:30-17:00,50,1,0,49
27,2025-01-27,5,1,16:30-17:00,50,1,0,50
27,2025-01-27,5,1,17:00-17:30,50,0,1,1
27,2025-01-27,5,1,17:00-17:30,50,0,1,2
27,2025-01-27,5,1,17:00-17:30,50,0,1,3
27,2025-01-27,5,1,17:00-17:30,50,0,1,4
27,2025-01-27,5,1,17:00-17:30,50,0,1,5
27,2025-01-27,5,1,17:00-17:30,50,0,1,6
27,2025-01-27,5,1,17:00-17:30,50,0,1,7
27,2025-01-27,5,1,17:00-17:30,50,0,1,8
27,2025-01-27,5,1,17:00-17:30,50,0,1,9
27,2025-01-27,5,1,17:00-17:30,50,0,1,10
27,2025-01-27,5,1,17:00-17:30,50,0,1,11
27,2025-01-27,5,1,17:00-17:30,50,0,1,12
27,2025-01-27,5,1,17:00-17:30,50,0,1,13
27,2025-01-27,5,1,17:00-17:30,50,0,1,14
27,2025-01-27,5,1,17:00-17:30,50,0,1,15
27,2025-01-27,5,1,17:00-17:30,50,0,1,16
27,2025-01-27,5,1,17:00-17:30,50,0,1,17
27,2025-01-27,5,1,17:00-17:30,50,0,1,18
27,2025-01-27,5,1,17:00-17:30,50,0,1,19
27,2025-01-27,5,1,17:00-17:30,50,0,1,20
27,2025-01-27,5,1,17:00-17:30,50,1,0,21
27,2025-01-27,5,1,17:00-17:30,50,1,0,22
27,2025-01-27,5,1,17:00-17:30,50,0,1,23
27,2025-01-27,5,1,17:00-17:30,50,1,0,24
27,2025-01-27,5,1,17:00-17:30,50,1,0,25
27,2025-01-27,5,1,17:00-17:30,50,0,1,26
27,2025-01-27,5,1,17:00-17:30,50,0,1,27
27,2025-01-27,5,1,17:00-17:30,50,0,1,28
27,2025-01-27,5,1,17:00-17:30,50,0,1,29
27,2025-01-27,5,1,17:00-17:30,50,0,1,30
27,2025-01-27,5,1,17:00-17:30,50,0,1,31
27,2025-01-27,5,1,17:00-17:30,50,0,1,32
27,2025-01-27,5,1,17:00-17:30,50,0,1,33
27,2025-01-27,5,1,17:00-17:30,50,1,0,34
27,2025-01-27,5,1,17:00-17:30,50,0,1,35
27,2025-01-27,5,1,17:00-17:30,50,0,1,36
27,2025-01-27,5,1,17:00-17:30,50,0,1,37
27,2025-01-27,5,1,17:00-17:30,50,0,1,38
27,2025-01-27,5,1,17:00-17:30,50,0,1,39
27,2025-01-27,5,1,17:00-17:30,50,0,1,40
27,2025-01-27,5,1,17:00-17:30,50,0,1,41
27,2025-01-27,5,1,17:00-17:30,50,0,1,42
27,2025-01-27,5,1,17:00-17:30,50,0,1,43
27,2025-01-27,5,1,17:00-17:30,50,0,1,44
27,2025-01-27,5,1,17:00-17:30,50,0,1,45
27,2025-01-27,5,1,17:00-17:30,50,0,1,46
27,2025-01-27,5,1,17:00-17:30,50,1,0,47
27,2025-01-27,5,1,17:00-17:30,50,0,1,48
27,2025-01-27,5,1,17:00-17:30,50,0,1,49
27,2025-01-27,5,1,17:00-17:30,50,0,1,50
27,2025-01-27,5,1,17:30-18:00,50,0,1,1
27,2025-01-27,5,1,17:30-18:00,50,0,1,2
27,2025-01-27,5,1,17:30-18:00,50,0,1,3
27,2025-01-27,5,1,17:30-18:00,50,0,1,4
27,2025-01-27,5,1,17:30-18:00,50,1,0,5
27,2025-01-27,5,1,17:30-18:00,50,0,1,6
27,2025-01-27,5,1,17:30-18:00,50,0,1,7
27,2025-01-27,5,1,17:30-18:00,50,1,0,8
27,2025-01-27,5,1,17:30-18:00,50,0,1,9
27,2025-01-27,5,1,17:30-18:00,50,0,1,10
27,2025-01-27,5,1,17:30-18:00,50,0,1,11
27,2025-01-27,5,1,17:30-18:00,50,0,1,12
27,2025-01-27,5,1,17:30-18:00,50,0,1,13
27,2025-01-27,5,1,17:30-18:00,50,0,1,14
27,2025-01-27,5,1,17:30-18:00,50,1,0,15
27,2025-01-27,5,1,17:30-18:00,50,0,1,16
27,2025-01-27,5,1,17:30-18:00,50,1,0,17
27,2025-01-27,5,1,17:30-18:00,50,0,1,18
27,2025-01-27,5,1,17:30-18:00,50,0,1,19
27,2025-01-27,5,1,17:30-18:00,50,0,1,20
27,2025-01-27,5,1,17:30-18:00,50,0,1,21
27,2025-01-27,5,1,17:30-18:00,50,0,1,22
27,2025-01-27,5,1,17:30-18:00,50,0,1,23
27,2025-01-27,5,1,17:30-18:00,50,1,0,24
27,2025-01-27,5,1,17:30-18:00,50,0,1,25
27,2025-01-27,5,1,17:30-18:00,50,1,0,26
27,2025-01-27,5,1,17:30-18:00,50,0,1,27
27,2025-01-27,5,1,17:30-18:00,50,0,1,28
27,2025-01-27,5,1,17:30-18:00,50,0,1,29
27,2025-01-27,5,1,17:30-18:00,50,0,1,30
27,2025-01-27,5,1,17:30-18:00,50,0,1,31
27,2025-01-27,5,1,17:30-18:00,50,0,1,32
27,2025-01-27,5,1,17:30-18:00,50,0,1,33
27,2025-01-27,5,1,17:30-18:00,50,0,1,34
27,2025-01-27,5,1,17:30-18:00,50,0,1,35
27,2025-01-27,5,1,17:30-18:00,50,1,0,36
27,2025-01-27,5,1,17:30-18:00,50,1,0,37
27,2025-01-27,5,1,17:30-18:00,50,0,1,38
27,2025-01-27,5,1,17:30-18:00,50,0,1,39
27,2025-01-27,5,1,17:30-18:00,50,0,1,40
27,2025-01-27,5,1,17:30-18:00,50,0,1,41
27,2025-01-27,5,1,17:30-18:00,50,1,0,42
27,2025-01-27,5,1,17:30-18:00,50,0,1,43
27,2025-01-27,5,1,17:30-18:00,50,0,1,44
27,2025-01-27,5,1,17:30-18:00,50,0,1,45
27,2025-01-27,5,1,17:30-18:00,50,0,1,46
27,2025-01-27,5,1,17:30-18:00,50,1,0,47
27,2025-01-27,5,1,17:30-18:00,50,0,1,48
27,2025-01-27,5,1,17:30-18:00,50,0,1,49
27,2025-01-27,5,1,17:30-18:00,50,0,1,50
27,2025-01-27,5,1,18:00-18:30,50,0,1,1
27,2025-01-27,5,1,18:00-18:30,50,1,0,2
27,2025-01-27,5,1,18:00-18:30,50,0,1,3
27,2025-01-27,5,1,18:00-18:30,50,0,1,4
27,2025-01-27,5,1,18:00-18:30,50,0,1,5
27,2025-01-27,5,1,18:00-18:30,50,0,1,6
27,2025-01-27,5,1,18:00-18:30,50,0,1,7
27,2025-01-27,5,1,18:00-18:30,50,0,1,8
27,2025-01-27,5,1,18:00-18:30,50,0,1,9
27,2025-01-27,5,1,18:00-18:30,50,0,1,10
27,2025-01-27,5,1,18:00-18:30,50,0,1,11
27,2025-01-27,5,1,18:00-18:30,50,0,1,12
27,2025-01-27,5,1,18:00-18:30,50,0,1,13
27,2025-01-27,5,1,18:00-18:30,50,1,0,14
27,2025-01-27,5,1,18:00-18:30,50,0,1,15
27,2025-01-27,5,1,18:00-18:30,50,0,1,16
27,2025-01-27,5,1,18:00-18:30,50,0,1,17
27,2025-01-27,5,1,18:00-18:30,50,0,1,18
27,2025-01-27,5,1,18:00-18:30,50,0,1,19
27,2025-01-27,5,1,18:00-18:30,50,1,0,20
27,2025-01-27,5,1,18:00-18:30,50,0,1,21
27,2025-01-27,5,1,18:00-18:30,50,0,1,22
27,2025-01-27,5,1,18:00-18:30,50,0,1,23
27,2025-01-27,5,1,18:00-18:30,50,0,1,24
27,2025-01-27,5,1,18:00-18:30,50,0,1,25
27,2025-01-27,5,1,18:00-18:30,50,0,1,26
27,2025-01-27,5,1,18:00-18:30,50,0,1,27
27,2025-01-27,5,1,18:00-18:30,50,1,0,28
27,2025-01-27,5,1,18:00-18:30,50,0,1,29
27,2025-01-27,5,1,18:00-18:30,50,0,1,30
27,2025-01-27,5,1,18:00-18:30,50,0,1,31
27,2025-01-27,5,1,18:00-18:30,50,1,0,32
27,2025-01-27,5,1,18:00-18:30,50,0,1,33
27,2025-01-27,5,1,18:00-18:30,50,0,1,34
27,2025-01-27,5,1,18:00-18:30,50,1,0,35
27,2025-01-27,5,1,18:00-18:30,50,1,0,36
27,2025-01-27,5,1,18:00-18:30,50,0,1,37
27,2025-01-27,5,1,18:00-18:30,50,0,1,38
27,2025-01-27,5,1,18:00-18:30,50,0,1,39
27,2025-01-27,5,1,18:00-18:30,50,0,1,40
27,2025-01-27,5,1,18:00-18:30,50,0,1,41
27,2025-01-27,5,1,18:00-18:30,50,0,1,42
27,2025-01-27,5,1,18:00-18:30,50,0,1,43
27,2025-01-27,5,1,18:00-18:30,50,0,1,44
27,2025-01-27,5,1,18:00-18:30,50,0,1,45
27,2025-01-27,5,1,18:00-18:30,50,0,1,46
27,2025-01-27,5,1,18:00-18:30,50,1,0,47
27,2025-01-27,5,1,18:00-18:30,50,0,1,48
27,2025-01-27,5,1,18:00-18:30,50,0,1,49
27,2025-01-27,5,1,18:00-18:30,50,0,1,50
27,2025-01-27,5,1,18:30-19:00,50,0,1,1
27,2025-01-27,5,1,18:30-19:00,50,0,1,2
27,2025-01-27,5,1,18:30-19:00,50,0,1,3
27,2025-01-27,5,1,18:30-19:00,50,0,1,4
27,2025-01-27,5,1,18:30-19:00,50,0,1,5
27,2025-01-27,5,1,18:30-19:00,50,0,1,6
27,2025-01-27,5,1,18:30-19:00,50,0,1,7
27,2025-01-27,5,1,18:30-19:00,50,0,1,8
27,2025-01-27,5,1,18:30-19:00,50,0,1,9
27,2025-01-27,5,1,18:30-19:00,50,0,1,10
27,2025-01-27,5,1,18:30-19:00,50,0,1,11
27,2025-01-27,5,1,18:30-19:00,50,0,1,12
27,2025-01-27,5,1,18:30-19:00,50,0,1,13
27,2025-01-27,5,1,18:30-19:00,50,1,0,14
27,2025-01-27,5,1,18:30-19:00,50,1,0,15
27,2025-01-27,5,1,18:30-19:00,50,0,1,16
27,2025-01-27,5,1,18:30-19:00,50,0,1,17
27,2025-01-27,5,1,18:30-19:00,50,0,1,18
27,2025-01-27,5,1,18:30-19:00,50,0,1,19
27,2025-01-27,5,1,18:30-19:00,50,0,1,20
27,2025-01-27,5,1,18:30-19:00,50,0,1,21
27,2025-01-27,5,1,18:30-19:00,50,0,1,22
27,2025-01-27,5,1,18:30-19:00,50,0,1,23
27,2025-01-27,5,1,18:30-19:00,50,0,1,24
27,2025-01-27,5,1,18:30-19:00,50,0,1,25
27,2025-01-27,5,1,18:30-19:00,50,0,1,26
27,2025-01-27,5,1,18:30-19:00,50,0,1,27
27,2025-01-27,5,1,18:30-19:00,50,0,1,28
27,2025-01-27,5,1,18:30-19:00,50,0,1,29
27,2025-01-27,5,1,18:30-19:00,50,0,1,30
27,2025-01-27,5,1,18:30-19:00,50,0,1,31
27,2025-01-27,5,1,18:30-19:00,50,0,1,32
27,2025-01-27,5,1,18:30-19:00,50,0,1,33
27,2025-01-27,5,1,18:30-19:00,50,0,1,34
27,2025-01-27,5,1,18:30-19:00,50,0,1,35
27,2025-01-27,5,1,18:30-19:00,50,0,1,36
27,2025-01-27,5,1,18:30-19:00,50,0,1,37
27,2025-01-27,5,1,18:30-19:00,50,0,1,38
27,2025-01-27,5,1,18:30-19:00,50,0,1,39
27,2025-01-27,5,1,18:30-19:00,50,0,1,40
27,2025-01-27,5,1,18:30-19:00,50,1,0,41
27,2025-01-27,5,1,18:30-19:00,50,0,1,42
27,2025-01-27,5,1,18:30-19:00,50,0,1,43
27,2025-01-27,5,1,18:30-19:00,50,0,1,44
27,2025-01-27,5,1,18:30-19:00,50,0,1,45
27,2025-01-27,5,1,18:30-19:00,50,1,0,46
27,2025-01-27,5,1,18:30-19:00,50,0,1,47
27,2025-01-27,5,1,18:30-19:00,50,0,1,48
27,2025-01-27,5,1,18:30-19:00,50,0,1,49
27,2025-01-27,5,1,18:30-19:00,50,0,1,50
28,2025-01-28,6,0,07:00-07:30,50,1,0,1
28,2025-01-28,6,0,07:00-07:30,50,0,1,2
28,2025-01-28,6,0,07:00-07:30,50,0,1,3
28,2025-01-28,6,0,07:00-07:30,50,1,0,4
28,2025-01-28,6,0,07:00-07:30,50,1,0,5
28,2025-01-28,6,0,07:00-07:30,50,1,0,6
28,2025-01-28,6,0,07:00-07:30,50,0,1,7
28,2025-01-28,6,0,07:00-07:30,50,0,1,8
28,2025-01-28,6,0,07:00-07:30,50,1,0,9
28,2025-01-28,6,0,07:00-07:30,50,1,0,10
28,2025-01-28,6,0,07:00-07:30,50,0,1,11
28,2025-01-28,6,0,07:00-07:30,50,1,0,12
28,2025-01-28,6,0,07:00-07:30,50,1,0,13
28,2025-01-28,6,0,07:00-07:30,50,1,0,14
28,2025-01-28,6,0,07:00-07:30,50,1,0,15
28,2025-01-28,6,0,07:00-07:30,50,0,1,16
28,2025-01-28,6,0,07:00-07:30,50,1,0,17
28,2025-01-28,6,0,07:00-07:30,50,1,0,18
28,2025-01-28,6,0,07:00-07:30,50,0,1,19
28,2025-01-28,6,0,07:00-07:30,50,0,1,20
28,2025-01-28,6,0,07:00-07:30,50,1,0,21
28,2025-01-28,6,0,07:00-07:30,50,1,0,22
28,2025-01-28,6,0,07:00-07:30,50,1,0,23
28,2025-01-28,6,0,07:00-07:30,50,0,1,24
28,2025-01-28,6,0,07:00-07:30,50,1,0,25
28,2025-01-28,6,0,07:00-07:30,50,0,1,26
28,2025-01-28,6,0,07:00-07:30,50,1,0,27
28,2025-01-28,6,0,07:00-07:30,50,0,1,28
28,2025-01-28,6,0,07:00-07:30,50,1,0,29
28,2025-01-28,6,0,07:00-07:30,50,1,0,30
28,2025-01-28,6,0,07:00-07:30,50,0,1,31
28,2025-01-28,6,0,07:00-07:30,50,1,0,32
28,2025-01-28,6,0,07:00-07:30,50,0,1,33
28,2025-01-28,6,0,07:00-07:30,50,0,1,34
28,2025-01-28,6,0,07:00-07:30,50,1,0,35
28,2025-01-28,6,0,07:00-07:30,50,1,0,36
28,2025-01-28,6,0,07:00-07:30,50,1,0,37
28,2025-01-28,6,0,07:00-07:30,50,1,0,38
28,2025-01-28,6,0,07:00-07:30,50,1,0,39
28,2025-01-28,6,0,07:00-07:30,50,0,1,40
28,2025-01-28,6,0,07:00-07:30,50,1,0,41
28,2025-01-28,6,0,07:00-07:30,50,0,1,42
28,2025-01-28,6,0,07:00-07:30,50,1,0,43
28,2025-01-28,6,0,07:00-07:30,50,1,0,44
28,2025-01-28,6,0,07:00-07:30,50,1,0,45
28,2025-01-28,6,0,07:00-07:30,50,1,0,46
28,2025-01-28,6,0,07:00-07:30,50,1,0,47
28,2025-01-28,6,0,07:00-07:30,50,1,0,48
28,2025-01-28,6,0,07:00-07:30,50,0,1,49
28,2025-01-28,6,0,07:00-07:30,50,1,0,50
28,2025-01-28,6,0,07:30-08:00,50,1,0,1
28,2025-01-28,6,0,07:30-08:00,50,1,0,2
28,2025-01-28,6,0,07:30-08:00,50,1,0,3
28,2025-01-28,6,0,07:30-08:00,50,0,1,4
28,2025-01-28,6,0,07:30-08:00,50,1,0,5
28,2025-01-28,6,0,07:30-08:00,50,1,0,6
28,2025-01-28,6,0,07:30-08:00,50,1,0,7
28,2025-01-28,6,0,07:30-08:00,50,1,0,8
28,2025-01-28,6,0,07:30-08:00,50,0,1,9
28,2025-01-28,6,0,07:30-08:00,50,0,1,10
28,2025-01-28,6,0,07:30-08:00,50,0,1,11
28,2025-01-28,6,0,07:30-08:00,50,1,0,12
28,2025-01-28,6,0,07:30-08:00,50,1,0,13
28,2025-01-28,6,0,07:30-08:00,50,1,0,14
28,2025-01-28,6,0,07:30-08:00,50,0,1,15
28,2025-01-28,6,0,07:30-08:00,50,0,1,16
28,2025-01-28,6,0,07:30-08:00,50,1,0,17
28,2025-01-28,6,0,07:30-08:00,50,1,0,18
28,2025-01-28,6,0,07:30-08:00,50,1,0,19
28,2025-01-28,6,0,07:30-08:00,50,1,0,20
28,2025-01-28,6,0,07:30-08:00,50,0,1,21
28,2025-01-28,6,0,07:30-08:00,50,1,0,22
28,2025-01-28,6,0,07:30-08:00,50,0,1,23
28,2025-01-28,6,0,07:30-08:00,50,1,0,24
28,2025-01-28,6,0,07:30-08:00,50,0,1,25
28,2025-01-28,6,0,07:30-08:00,50,0,1,26
28,2025-01-28,6,0,07:30-08:00,50,1,0,27
28,2025-01-28,6,0,07:30-08:00,50,1,0,28
28,2025-01-28,6,0,07:30-08:00,50,0,1,29
28,2025-01-28,6,0,07:30-08:00,50,0,1,30
28,2025-01-28,6,0,07:30-08:00,50,0,1,31
28,2025-01-28,6,0,07:30-08:00,50,0,1,32
28,2025-01-28,6,0,07:30-08:00,50,0,1,33
28,2025-01-28,6,0,07:30-08:00,50,1,0,34
28,2025-01-28,6,0,07:30-08:00,50,1,0,35
28,2025-01-28,6,0,07:30-08:00,50,1,0,36
28,2025-01-28,6,0,07:30-08:00,50,1,0,37
28,2025-01-28,6,0,07:30-08:00,50,1,0,38
28,2025-01-28,6,0,07:30-08:00,50,1,0,39
28,2025-01-28,6,0,07:30-08:00,50,0,1,40
28,2025-01-28,6,0,07:30-08:00,50,1,0,41
28,2025-01-28,6,0,07:30-08:00,50,1,0,42
28,2025-01-28,6,0,07:30-08:00,50,1,0,43
28,2025-01-28,6,0,07:30-08:00,50,0,1,44
28,2025-01-28,6,0,07:30-08:00,50,0,1,45
28,2025-01-28,6,0,07:30-08:00,50,1,0,46
28,2025-01-28,6,0,07:30-08:00,50,1,0,47
28,2025-01-28,6,0,07:30-08:00,50,0,1,48
28,2025-01-28,6,0,07:30-08:00,50,1,0,49
28,2025-01-28,6,0,07:30-08:00,50,0,1,50
28,2025-01-28,6,0,08:00-08:30,50,0,1,1
28,2025-01-28,6,0,08:00-08:30,50,1,0,2
28,2025-01-28,6,0,08:00-08:30,50,0,1,3
28,2025-01-28,6,0,08:00-08:30,50,1,0,4
28,2025-01-28,6,0,08:00-08:30,50,1,0,5
28,2025-01-28,6,0,08:00-08:30,50,1,0,6
28,2025-01-28,6,0,08:00-08:30,50,1,0,7
28,2025-01-28,6,0,08:00-08:30,50,0,1,8
28,2025-01-28,6,0,08:00-08:30,50,1,0,9
28,2025-01-28,6,0,08:00-08:30,50,1,0,10
28,2025-01-28,6,0,08:00-08:30,50,1,0,11
28,2025-01-28,6,0,08:00-08:30,50,0,1,12
28,2025-01-28,6,0,08:00-08:30,50,1,0,13
28,2025-01-28,6,0,08:00-08:30,50,0,1,14
28,2025-01-28,6,0,08:00-08:30,50,1,0,15
28,2025-01-28,6,0,08:00-08:30,50,0,1,16
28,2025-01-28,6,0,08:00-08:30,50,1,0,17
28,2025-01-28,6,0,08:00-08:30,50,1,0,18
28,2025-01-28,6,0,08:00-08:30,50,0,1,19
28,2025-01-28,6,0,08:00-08:30,50,1,0,20
28,2025-01-28,6,0,08:00-08:30,50,1,0,21
28,2025-01-28,6,0,08:00-08:30,50,0,1,22
28,2025-01-28,6,0,08:00-08:30,50,0,1,23
28,2025-01-28,6,0,08:00-08:30,50,0,1,24
28,2025-01-28,6,0,08:00-08:30,50,1,0,25
28,2025-01-28,6,0,08:00-08:30,50,0,1,26
28,2025-01-28,6,0,08:00-08:30,50,1,0,27
28,2025-01-28,6,0,08:00-08:30,50,1,0,28
28,2025-01-28,6,0,08:00-08:30,50,1,0,29
28,2025-01-28,6,0,08:00-08:30,50,1,0,30
28,2025-01-28,6,0,08:00-08:30,50,0,1,31
28,2025-01-28,6,0,08:00-08:30,50,1,0,32
28,2025-01-28,6,0,08:00-08:30,50,1,0,33
28,2025-01-28,6,0,08:00-08:30,50,1,0,34
28,2025-01-28,6,0,08:00-08:30,50,0,1,35
28,2025-01-28,6,0,08:00-08:30,50,0,1,36
28,2025-01-28,6,0,08:00-08:30,50,1,0,37
28,2025-01-28,6,0,08:00-08:30,50,1,0,38
28,2025-01-28,6,0,08:00-08:30,50,1,0,39
28,2025-01-28,6,0,08:00-08:30,50,1,0,40
28,2025-01-28,6,0,08:00-08:30,50,0,1,41
28,2025-01-28,6,0,08:00-08:30,50,0,1,42
28,2025-01-28,6,0,08:00-08:30,50,0,1,43
28,2025-01-28,6,0,08:00-08:30,50,1,0,44
28,2025-01-28,6,0,08:00-08:30,50,0,1,45
28,2025-01-28,6,0,08:00-08:30,50,1,0,46
28,2025-01-28,6,0,08:00-08:30,50,0,1,47
28,2025-01-28,6,0,08:00-08:30,50,1,0,48
28,2025-01-28,6,0,08:00-08:30,50,0,1,49
28,2025-01-28,6,0,08:00-08:30,50,1,0,50
28,2025-01-28,6,0,08:30-09:00,50,0,1,1
28,2025-01-28,6,0,08:30-09:00,50,0,1,2
28,2025-01-28,6,0,08:30-09:00,50,1,0,3
28,2025-01-28,6,0,08:30-09:00,50,1,0,4
28,2025-01-28,6,0,08:30-09:00,50,0,1,5
28,2025-01-28,6,0,08:30-09:00,50,1,0,6
28,2025-01-28,6,0,08:30-09:00,50,0,1,7
28,2025-01-28,6,0,08:30-09:00,50,0,1,8
28,2025-01-28,6,0,08:30-09:00,50,0,1,9
28,2025-01-28,6,0,08:30-09:00,50,1,0,10
28,2025-01-28,6,0,08:30-09:00,50,1,0,11
28,2025-01-28,6,0,08:30-09:00,50,0,1,12
28,2025-01-28,6,0,08:30-09:00,50,1,0,13
28,2025-01-28,6,0,08:30-09:00,50,1,0,14
28,2025-01-28,6,0,08:30-09:00,50,1,0,15
28,2025-01-28,6,0,08:30-09:00,50,0,1,16
28,2025-01-28,6,0,08:30-09:00,50,1,0,17
28,2025-01-28,6,0,08:30-09:00,50,0,1,18
28,2025-01-28,6,0,08:30-09:00,50,1,0,19
28,2025-01-28,6,0,08:30-09:00,50,1,0,20
28,2025-01-28,6,0,08:30-09:00,50,0,1,21
28,2025-01-28,6,0,08:30-09:00,50,1,0,22
28,2025-01-28,6,0,08:30-09:00,50,1,0,23
28,2025-01-28,6,0,08:30-09:00,50,1,0,24
28,2025-01-28,6,0,08:30-09:00,50,1,0,25
28,2025-01-28,6,0,08:30-09:00,50,1,0,26
28,2025-01-28,6,0,08:30-09:00,50,0,1,27
28,2025-01-28,6,0,08:30-09:00,50,1,0,28
28,2025-01-28,6,0,08:30-09:00,50,0,1,29
28,2025-01-28,6,0,08:30-09:00,50,1,0,30
28,2025-01-28,6,0,08:30-09:00,50,0,1,31
28,2025-01-28,6,0,08:30-09:00,50,0,1,32
28,2025-01-28,6,0,08:30-09:00,50,1,0,33
28,2025-01-28,6,0,08:30-09:00,50,1,0,34
28,2025-01-28,6,0,08:30-09:00,50,0,1,35
28,2025-01-28,6,0,08:30-09:00,50,0,1,36
28,2025-01-28,6,0,08:30-09:00,50,0,1,37
28,2025-01-28,6,0,08:30-09:00,50,1,0,38
28,2025-01-28,6,0,08:30-09:00,50,1,0,39
28,2025-01-28,6,0,08:30-09:00,50,0,1,40
28,2025-01-28,6,0,08:30-09:00,50,1,0,41
28,2025-01-28,6,0,08:30-09:00,50,0,1,42
28,2025-01-28,6,0,08:30-09:00,50,1,0,43
28,2025-01-28,6,0,08:30-09:00,50,0,1,44
28,2025-01-28,6,0,08:30-09:00,50,1,0,45
28,2025-01-28,6,0,08:30-09:00,50,1,0,46
28,2025-01-28,6,0,08:30-09:00,50,1,0,47
28,2025-01-28,6,0,08:30-09:00,50,1,0,48
28,2025-01-28,6,0,08:30-09:00,50,0,1,49
28,2025-01-28,6,0,08:30-09:00,50,1,0,50
28,2025-01-28,6,0,09:00-09:30,50,0,1,1
28,2025-01-28,6,0,09:00-09:30,50,1,0,2
28,2025-01-28,6,0,09:00-09:30,50,1,0,3
28,2025-01-28,6,0,09:00-09:30,50,0,1,4
28,2025-01-28,6,0,09:00-09:30,50,0,1,5
28,2025-01-28,6,0,09:00-09:30,50,0,1,6
28,2025-01-28,6,0,09:00-09:30,50,1,0,7
28,2025-01-28,6,0,09:00-09:30,50,1,0,8
28,2025-01-28,6,0,09:00-09:30,50,0,1,9
28,2025-01-28,6,0,09:00-09:30,50,1,0,10
28,2025-01-28,6,0,09:00-09:30,50,1,0,11
28,2025-01-28,6,0,09:00-09:30,50,1,0,12
28,2025-01-28,6,0,09:00-09:30,50,0,1,13
28,2025-01-28,6,0,09:00-09:30,50,1,0,14
28,2025-01-28,6,0,09:00-09:30,50,1,0,15
28,2025-01-28,6,0,09:00-09:30,50,0,1,16
28,2025-01-28,6,0,09:00-09:30,50,1,0,17
28,2025-01-28,6,0,09:00-09:30,50,0,1,18
28,2025-01-28,6,0,09:00-09:30,50,0,1,19
28,2025-01-28,6,0,09:00-09:30,50,1,0,20
28,2025-01-28,6,0,09:00-09:30,50,1,0,21
28,2025-01-28,6,0,09:00-09:30,50,0,1,22
28,2025-01-28,6,0,09:00-09:30,50,1,0,23
28,2025-01-28,6,0,09:00-09:30,50,0,1,24
28,2025-01-28,6,0,09:00-09:30,50,0,1,25
28,2025-01-28,6,0,09:00-09:30,50,0,1,26
28,2025-01-28,6,0,09:00-09:30,50,1,0,27
28,2025-01-28,6,0,09:00-09:30,50,0,1,28
28,2025-01-28,6,0,09:00-09:30,50,1,0,29
28,2025-01-28,6,0,09:00-09:30,50,0,1,30
28,2025-01-28,6,0,09:00-09:30,50,1,0,31
28,2025-01-28,6,0,09:00-09:30,50,0,1,32
28,2025-01-28,6,0,09:00-09:30,50,0,1,33
28,2025-01-28,6,0,09:00-09:30,50,0,1,34
28,2025-01-28,6,0,09:00-09:30,50,0,1,35
28,2025-01-28,6,0,09:00-09:30,50,0,1,36
28,2025-01-28,6,0,09:00-09:30,50,0,1,37
28,2025-01-28,6,0,09:00-09:30,50,0,1,38
28,2025-01-28,6,0,09:00-09:30,50,1,0,39
28,2025-01-28,6,0,09:00-09:30,50,0,1,40
28,2025-01-28,6,0,09:00-09:30,50,1,0,41
28,2025-01-28,6,0,09:00-09:30,50,1,0,42
28,2025-01-28,6,0,09:00-09:30,50,0,1,43
28,2025-01-28,6,0,09:00-09:30,50,1,0,44
28,2025-01-28,6,0,09:00-09:30,50,1,0,45
28,2025-01-28,6,0,09:00-09:30,50,1,0,46
28,2025-01-28,6,0,09:00-09:30,50,0,1,47
28,2025-01-28,6,0,09:00-09:30,50,1,0,48
28,2025-01-28,6,0,09:00-09:30,50,0,1,49
28,2025-01-28,6,0,09:00-09:30,50,0,1,50
28,2025-01-28,6,0,09:30-10:00,50,0,1,1
28,2025-01-28,6,0,09:30-10:00,50,0,1,2
28,2025-01-28,6,0,09:30-10:00,50,0,1,3
28,2025-01-28,6,0,09:30-10:00,50,1,0,4
28,2025-01-28,6,0,09:30-10:00,50,0,1,5
28,2025-01-28,6,0,09:30-10:00,50,0,1,6
28,2025-01-28,6,0,09:30-10:00,50,0,1,7
28,2025-01-28,6,0,09:30-10:00,50,1,0,8
28,2025-01-28,6,0,09:30-10:00,50,0,1,9
28,2025-01-28,6,0,09:30-10:00,50,1,0,10
28,2025-01-28,6,0,09:30-10:00,50,0,1,11
28,2025-01-28,6,0,09:30-10:00,50,1,0,12
28,2025-01-28,6,0,09:30-10:00,50,0,1,13
28,2025-01-28,6,0,09:30-10:00,50,0,1,14
28,2025-01-28,6,0,09:30-10:00,50,1,0,15
28,2025-01-28,6,0,09:30-10:00,50,1,0,16
28,2025-01-28,6,0,09:30-10:00,50,1,0,17
28,2025-01-28,6,0,09:30-10:00,50,0,1,18
28,2025-01-28,6,0,09:30-10:00,50,1,0,19
28,2025-01-28,6,0,09:30-10:00,50,0,1,20
28,2025-01-28,6,0,09:30-10:00,50,0,1,21
28,2025-01-28,6,0,09:30-10:00,50,0,1,22
28,2025-01-28,6,0,09:30-10:00,50,0,1,23
28,2025-01-28,6,0,09:30-10:00,50,1,0,24
28,2025-01-28,6,0,09:30-10:00,50,0,1,25
28,2025-01-28,6,0,09:30-10:00,50,1,0,26
28,2025-01-28,6,0,09:30-10:00,50,0,1,27
28,2025-01-28,6,0,09:30-10:00,50,1,0,28
28,2025-01-28,6,0,09:30-10:00,50,0,1,29
28,2025-01-28,6,0,09:30-10:00,50,0,1,30
28,2025-01-28,6,0,09:30-10:00,50,1,0,31
28,2025-01-28,6,0,09:30-10:00,50,1,0,32
28,2025-01-28,6,0,09:30-10:00,50,0,1,33
28,2025-01-28,6,0,09:30-10:00,50,0,1,34
28,2025-01-28,6,0,09:30-10:00,50,1,0,35
28,2025-01-28,6,0,09:30-10:00,50,0,1,36
28,2025-01-28,6,0,09:30-10:00,50,0,1,37
28,2025-01-28,6,0,09:30-10:00,50,1,0,38
28,2025-01-28,6,0,09:30-10:00,50,1,0,39
28,2025-01-28,6,0,09:30-10:00,50,0,1,40
28,2025-01-28,6,0,09:30-10:00,50,0,1,41
28,2025-01-28,6,0,09:30-10:00,50,0,1,42
28,2025-01-28,6,0,09:30-10:00,50,1,0,43
28,2025-01-28,6,0,09:30-10:00,50,0,1,44
28,2025-01-28,6,0,09:30-10:00,50,1,0,45
28,2025-01-28,6,0,09:30-10:00,50,0,1,46
28,2025-01-28,6,0,09:30-10:00,50,1,0,47
28,2025-01-28,6,0,09:30-10:00,50,0,1,48
28,2025-01-28,6,0,09:30-10:00,50,1,0,49
28,2025-01-28,6,0,09:30-10:00,50,1,0,50
28,2025-01-28,6,0,16:00-16:30,50,1,0,1
28,2025-01-28,6,0,16:00-16:30,50,1,0,2
28,2025-01-28,6,0,16:00-16:30,50,1,0,3
28,2025-01-28,6,0,16:00-16:30,50,0,1,4
28,2025-01-28,6,0,16:00-16:30,50,1,0,5
28,2025-01-28,6,0,16:00-16:30,50,1,0,6
28,2025-01-28,6,0,16:00-16:30,50,1,0,7
28,2025-01-28,6,0,16:00-16:30,50,0,1,8
28,2025-01-28,6,0,16:00-16:30,50,1,0,9
28,2025-01-28,6,0,16:00-16:30,50,1,0,10
28,2025-01-28,6,0,16:00-16:30,50,0,1,11
28,2025-01-28,6,0,16:00-16:30,50,0,1,12
28,2025-01-28,6,0,16:00-16:30,50,0,1,13
28,2025-01-28,6,0,16:00-16:30,50,0,1,14
28,2025-01-28,6,0,16:00-16:30,50,1,0,15
28,2025-01-28,6,0,16:00-16:30,50,0,1,16
28,2025-01-28,6,0,16:00-16:30,50,1,0,17
28,2025-01-28,6,0,16:00-16:30,50,1,0,18
28,2025-01-28,6,0,16:00-16:30,50,1,0,19
28,2025-01-28,6,0,16:00-16:30,50,1,0,20
28,2025-01-28,6,0,16:00-16:30,50,1,0,21
28,2025-01-28,6,0,16:00-16:30,50,1,0,22
28,2025-01-28,6,0,16:00-16:30,50,1,0,23
28,2025-01-28,6,0,16:00-16:30,50,1,0,24
28,2025-01-28,6,0,16:00-16:30,50,1,0,25
28,2025-01-28,6,0,16:00-16:30,50,1,0,26
28,2025-01-28,6,0,16:00-16:30,50,0,1,27
28,2025-01-28,6,0,16:00-16:30,50,1,0,28
28,2025-01-28,6,0,16:00-16:30,50,0,1,29
28,2025-01-28,6,0,16:00-16:30,50,0,1,30
28,2025-01-28,6,0,16:00-16:30,50,1,0,31
28,2025-01-28,6,0,16:00-16:30,50,1,0,32
28,2025-01-28,6,0,16:00-16:30,50,0,1,33
28,2025-01-28,6,0,16:00-16:30,50,1,0,34
28,2025-01-28,6,0,16:00-16:30,50,1,0,35
28,2025-01-28,6,0,16:00-16:30,50,1,0,36
28,2025-01-28,6,0,16:00-16:30,50,0,1,37
28,2025-01-28,6,0,16:00-16:30,50,0,1,38
28,2025-01-28,6,0,16:00-16:30,50,1,0,39
28,2025-01-28,6,0,16:00-16:30,50,1,0,40
28,2025-01-28,6,0,16:00-16:30,50,1,0,41
28,2025-01-28,6,0,16:00-16:30,50,0,1,42
28,2025-01-28,6,0,16:00-16:30,50,1,0,43
28,2025-01-28,6,0,16:00-16:30,50,1,0,44
28,2025-01-28,6,0,16:00-16:30,50,1,0,45
28,2025-01-28,6,0,16:00-16:30,50,0,1,46
28,2025-01-28,6,0,16:00-16:30,50,0,1,47
28,2025-01-28,6,0,16:00-16:30,50,1,0,48
28,2025-01-28,6,0,16:00-16:30,50,1,0,49
28,2025-01-28,6,0,16:00-16:30,50,1,0,50
28,2025-01-28,6,0,16:30-17:00,50,1,0,1
28,2025-01-28,6,0,16:30-17:00,50,1,0,2
28,2025-01-28,6,0,16:30-17:00,50,1,0,3
28,2025-01-28,6,0,16:30-17:00,50,1,0,4
28,2025-01-28,6,0,16:30-17:00,50,1,0,5
28,2025-01-28,6,0,16:30-17:00,50,1,0,6
28,2025-01-28,6,0,16:30-17:00,50,0,1,7
28,2025-01-28,6,0,16:30-17:00,50,0,1,8
28,2025-01-28,6,0,16:30-17:00,50,1,0,9
28,2025-01-28,6,0,16:30-17:00,50,0,1,10
28,2025-01-28,6,0,16:30-17:00,50,1,0,11
28,2025-01-28,6,0,16:30-17:00,50,1,0,12
28,2025-01-28,6,0,16:30-17:00,50,1,0,13
28,2025-01-28,6,0,16:30-17:00,50,0,1,14
28,2025-01-28,6,0,16:30-17:00,50,1,0,15
28,2025-01-28,6,0,16:30-17:00,50,1,0,16
28,2025-01-28,6,0,16:30-17:00,50,1,0,17
28,2025-01-28,6,0,16:30-17:00,50,0,1,18
28,2025-01-28,6,0,16:30-17:00,50,0,1,19
28,2025-01-28,6,0,16:30-17:00,50,0,1,20
28,2025-01-28,6,0,16:30-17:00,50,0,1,21
28,2025-01-28,6,0,16:30-17:00,50,1,0,22
28,2025-01-28,6,0,16:30-17:00,50,1,0,23
28,2025-01-28,6,0,16:30-17:00,50,0,1,24
28,2025-01-28,6,0,16:30-17:00,50,0,1,25
28,2025-01-28,6,0,16:30-17:00,50,0,1,26
28,2025-01-28,6,0,16:30-17:00,50,1,0,27
28,2025-01-28,6,0,16:30-17:00,50,0,1,28
28,2025-01-28,6,0,16:30-17:00,50,1,0,29
28,2025-01-28,6,0,16:30-17:00,50,1,0,30
28,2025-01-28,6,0,16:30-17:00,50,1,0,31
28,2025-01-28,6,0,16:30-17:00,50,1,0,32
28,2025-01-28,6,0,16:30-17:00,50,0,1,33
28,2025-01-28,6,0,16:30-17:00,50,0,1,34
28,2025-01-28,6,0,16:30-17:00,50,0,1,35
28,2025-01-28,6,0,16:30-17:00,50,0,1,36
28,2025-01-28,6,0,16:30-17:00,50,1,0,37
28,2025-01-28,6,0,16:30-17:00,50,1,0,38
28,2025-01-28,6,0,16:30-17:00,50,0,1,39
28,2025-01-28,6,0,16:30-17:00,50,1,0,40
28,2025-01-28,6,0,16:30-17:00,50,0,1,41
28,2025-01-28,6,0,16:30-17:00,50,0,1,42
28,2025-01-28,6,0,16:30-17:00,50,1,0,43
28,2025-01-28,6,0,16:30-17:00,50,1,0,44
28,2025-01-28,6,0,16:30-17:00,50,0,1,45
28,2025-01-28,6,0,16:30-17:00,50,1,0,46
28,2025-01-28,6,0,16:30-17:00,50,1,0,47
28,2025-01-28,6,0,16:30-17:00,50,0,1,48
28,2025-01-28,6,0,16:30-17:00,50,1,0,49
28,2025-01-28,6,0,16:30-17:00,50,1,0,50
28,2025-01-28,6,0,17:00-17:30,50,1,0,1
28,2025-01-28,6,0,17:00-17:30,50,0,1,2
28,2025-01-28,6,0,17:00-17:30,50,1,0,3
28,2025-01-28,6,0,17:00-17:30,50,0,1,4
28,2025-01-28,6,0,17:00-17:30,50,1,0,5
28,2025-01-28,6,0,17:00-17:30,50,0,1,6
28,2025-01-28,6,0,17:00-17:30,50,0,1,7
28,2025-01-28,6,0,17:00-17:30,50,1,0,8
28,2025-01-28,6,0,17:00-17:30,50,1,0,9
28,2025-01-28,6,0,17:00-17:30,50,1,0,10
28,2025-01-28,6,0,17:00-17:30,50,1,0,11
28,2025-01-28,6,0,17:00-17:30,50,0,1,12
28,2025-01-28,6,0,17:00-17:30,50,1,0,13
28,2025-01-28,6,0,17:00-17:30,50,0,1,14
28,2025-01-28,6,0,17:00-17:30,50,1,0,15
28,2025-01-28,6,0,17:00-17:30,50,0,1,16
28,2025-01-28,6,0,17:00-17:30,50,0,1,17
28,2025-01-28,6,0,17:00-17:30,50,1,0,18
28,2025-01-28,6,0,17:00-17:30,50,1,0,19
28,2025-01-28,6,0,17:00-17:30,50,0,1,20
28,2025-01-28,6,0,17:00-17:30,50,1,0,21
28,2025-01-28,6,0,17:00-17:30,50,0,1,22
28,2025-01-28,6,0,17:00-17:30,50,1,0,23
28,2025-01-28,6,0,17:00-17:30,50,0,1,24
28,2025-01-28,6,0,17:00-17:30,50,1,0,25
28,2025-01-28,6,0,17:00-17:30,50,1,0,26
28,2025-01-28,6,0,17:00-17:30,50,1,0,27
28,2025-01-28,6,0,17:00-17:30,50,0,1,28
28,2025-01-28,6,0,17:00-17:30,50,1,0,29
28,2025-01-28,6,0,17:00-17:30,50,1,0,30
28,2025-01-28,6,0,17:00-17:30,50,0,1,31
28,2025-01-28,6,0,17:00-17:30,50,1,0,32
28,2025-01-28,6,0,17:00-17:30,50,0,1,33
28,2025-01-28,6,0,17:00-17:30,50,1,0,34
28,2025-01-28,6,0,17:00-17:30,50,0,1,35
28,2025-01-28,6,0,17:00-17:30,50,1,0,36
28,2025-01-28,6,0,17:00-17:30,50,0,1,37
28,2025-01-28,6,0,17:00-17:30,50,0,1,38
28,2025-01-28,6,0,17:00-17:30,50,1,0,39
28,2025-01-28,6,0,17:00-17:30,50,1,0,40
28,2025-01-28,6,0,17:00-17:30,50,0,1,41
28,2025-01-28,6,0,17:00-17:30,50,1,0,42
28,2025-01-28,6,0,17:00-17:30,50,0,1,43
28,2025-01-28,6,0,17:00-17:30,50,0,1,44
28,2025-01-28,6,0,17:00-17:30,50,0,1,45
28,2025-01-28,6,0,17:00-17:30,50,0,1,46
28,2025-01-28,6,0,17:00-17:30,50,0,1,47
28,2025-01-28,6,0,17:00-17:30,50,0,1,48
28,2025-01-28,6,0,17:00-17:30,50,0,1,49
28,2025-01-28,6,0,17:00-17:30,50,0,1,50
28,2025-01-28,6,0,17:30-18:00,50,0,1,1
28,2025-01-28,6,0,17:30-18:00,50,1,0,2
28,2025-01-28,6,0,17:30-18:00,50,0,1,3
28,2025-01-28,6,0,17:30-18:00,50,1,0,4
28,2025-01-28,6,0,17:30-18:00,50,1,0,5
28,2025-01-28,6,0,17:30-18:00,50,0,1,6
28,2025-01-28,6,0,17:30-18:00,50,1,0,7
28,2025-01-28,6,0,17:30-18:00,50,0,1,8
28,2025-01-28,6,0,17:30-18:00,50,0,1,9
28,2025-01-28,6,0,17:30-18:00,50,0,1,10
28,2025-01-28,6,0,17:30-18:00,50,0,1,11
28,2025-01-28,6,0,17:30-18:00,50,1,0,12
28,2025-01-28,6,0,17:30-18:00,50,1,0,13
28,2025-01-28,6,0,17:30-18:00,50,0,1,14
28,2025-01-28,6,0,17:30-18:00,50,1,0,15
28,2025-01-28,6,0,17:30-18:00,50,0,1,16
28,2025-01-28,6,0,17:30-18:00,50,1,0,17
28,2025-01-28,6,0,17:30-18:00,50,0,1,18
28,2025-01-28,6,0,17:30-18:00,50,1,0,19
28,2025-01-28,6,0,17:30-18:00,50,1,0,20
28,2025-01-28,6,0,17:30-18:00,50,1,0,21
28,2025-01-28,6,0,17:30-18:00,50,1,0,22
28,2025-01-28,6,0,17:30-18:00,50,0,1,23
28,2025-01-28,6,0,17:30-18:00,50,0,1,24
28,2025-01-28,6,0,17:30-18:00,50,0,1,25
28,2025-01-28,6,0,17:30-18:00,50,1,0,26
28,2025-01-28,6,0,17:30-18:00,50,0,1,27
28,2025-01-28,6,0,17:30-18:00,50,1,0,28
28,2025-01-28,6,0,17:30-18:00,50,1,0,29
28,2025-01-28,6,0,17:30-18:00,50,1,0,30
28,2025-01-28,6,0,17:30-18:00,50,0,1,31
28,2025-01-28,6,0,17:30-18:00,50,0,1,32
28,2025-01-28,6,0,17:30-18:00,50,0,1,33
28,2025-01-28,6,0,17:30-18:00,50,0,1,34
28,2025-01-28,6,0,17:30-18:00,50,0,1,35
28,2025-01-28,6,0,17:30-18:00,50,1,0,36
28,2025-01-28,6,0,17:30-18:00,50,0,1,37
28,2025-01-28,6,0,17:30-18:00,50,0,1,38
28,2025-01-28,6,0,17:30-18:00,50,0,1,39
28,2025-01-28,6,0,17:30-18:00,50,0,1,40
28,2025-01-28,6,0,17:30-18:00,50,0,1,41
28,2025-01-28,6,0,17:30-18:00,50,1,0,42
28,2025-01-28,6,0,17:30-18:00,50,0,1,43
28,2025-01-28,6,0,17:30-18:00,50,1,0,44
28,2025-01-28,6,0,17:30-18:00,50,1,0,45
28,2025-01-28,6,0,17:30-18:00,50,0,1,46
28,2025-01-28,6,0,17:30-18:00,50,0,1,47
28,2025-01-28,6,0,17:30-18:00,50,1,0,48
28,2025-01-28,6,0,17:30-18:00,50,0,1,49
28,2025-01-28,6,0,17:30-18:00,50,1,0,50
28,2025-01-28,6,0,18:00-18:30,50,1,0,1
28,2025-01-28,6,0,18:00-18:30,50,0,1,2
28,2025-01-28,6,0,18:00-18:30,50,1,0,3
28,2025-01-28,6,0,18:00-18:30,50,1,0,4
28,2025-01-28,6,0,18:00-18:30,50,1,0,5
28,2025-01-28,6,0,18:00-18:30,50,0,1,6
28,2025-01-28,6,0,18:00-18:30,50,0,1,7
28,2025-01-28,6,0,18:00-18:30,50,1,0,8
28,2025-01-28,6,0,18:00-18:30,50,1,0,9
28,2025-01-28,6,0,18:00-18:30,50,0,1,10
28,2025-01-28,6,0,18:00-18:30,50,1,0,11
28,2025-01-28,6,0,18:00-18:30,50,1,0,12
28,2025-01-28,6,0,18:00-18:30,50,0,1,13
28,2025-01-28,6,0,18:00-18:30,50,0,1,14
28,2025-01-28,6,0,18:00-18:30,50,0,1,15
28,2025-01-28,6,0,18:00-18:30,50,0,1,16
28,2025-01-28,6,0,18:00-18:30,50,1,0,17
28,2025-01-28,6,0,18:00-18:30,50,0,1,18
28,2025-01-28,6,0,18:00-18:30,50,1,0,19
28,2025-01-28,6,0,18:00-18:30,50,1,0,20
28,2025-01-28,6,0,18:00-18:30,50,1,0,21
28,2025-01-28,6,0,18:00-18:30,50,0,1,22
28,2025-01-28,6,0,18:00-18:30,50,0,1,23
28,2025-01-28,6,0,18:00-18:30,50,1,0,24
28,2025-01-28,6,0,18:00-18:30,50,1,0,25
28,2025-01-28,6,0,18:00-18:30,50,1,0,26
28,2025-01-28,6,0,18:00-18:30,50,0,1,27
28,2025-01-28,6,0,18:00-18:30,50,0,1,28
28,2025-01-28,6,0,18:00-18:30,50,0,1,29
28,2025-01-28,6,0,18:00-18:30,50,1,0,30
28,2025-01-28,6,0,18:00-18:30,50,1,0,31
28,2025-01-28,6,0,18:00-18:30,50,1,0,32
28,2025-01-28,6,0,18:00-18:30,50,1,0,33
28,2025-01-28,6,0,18:00-18:30,50,1,0,34
28,2025-01-28,6,0,18:00-18:30,50,1,0,35
28,2025-01-28,6,0,18:00-18:30,50,1,0,36
28,2025-01-28,6,0,18:00-18:30,50,0,1,37
28,2025-01-28,6,0,18:00-18:30,50,1,0,38
28,2025-01-28,6,0,18:00-18:30,50,0,1,39
28,2025-01-28,6,0,18:00-18:30,50,1,0,40
28,2025-01-28,6,0,18:00-18:30,50,0,1,41
28,2025-01-28,6,0,18:00-18:30,50,0,1,42
28,2025-01-28,6,0,18:00-18:30,50,1,0,43
28,2025-01-28,6,0,18:00-18:30,50,0,1,44
28,2025-01-28,6,0,18:00-18:30,50,1,0,45
28,2025-01-28,6,0,18:00-18:30,50,0,1,46
28,2025-01-28,6,0,18:00-18:30,50,0,1,47
28,2025-01-28,6,0,18:00-18:30,50,0,1,48
28,2025-01-28,6,0,18:00-18:30,50,1,0,49
28,2025-01-28,6,0,18:00-18:30,50,0,1,50
28,2025-01-28,6,0,18:30-19:00,50,0,1,1
28,2025-01-28,6,0,18:30-19:00,50,0,1,2
28,2025-01-28,6,0,18:30-19:00,50,1,0,3
28,2025-01-28,6,0,18:30-19:00,50,0,1,4
28,2025-01-28,6,0,18:30-19:00,50,0,1,5
28,2025-01-28,6,0,18:30-19:00,50,0,1,6
28,2025-01-28,6,0,18:30-19:00,50,1,0,7
28,2025-01-28,6,0,18:30-19:00,50,0,1,8
28,2025-01-28,6,0,18:30-19:00,50,1,0,9
28,2025-01-28,6,0,18:30-19:00,50,1,0,10
28,2025-01-28,6,0,18:30-19:00,50,0,1,11
28,2025-01-28,6,0,18:30-19:00,50,1,0,12
28,2025-01-28,6,0,18:30-19:00,50,0,1,13
28,2025-01-28,6,0,18:30-19:00,50,0,1,14
28,2025-01-28,6,0,18:30-19:00,50,1,0,15
28,2025-01-28,6,0,18:30-19:00,50,1,0,16
28,2025-01-28,6,0,18:30-19:00,50,0,1,17
28,2025-01-28,6,0,18:30-19:00,50,0,1,18
28,2025-01-28,6,0,18:30-19:00,50,0,1,19
28,2025-01-28,6,0,18:30-19:00,50,1,0,20
28,2025-01-28,6,0,18:30-19:00,50,1,0,21
28,2025-01-28,6,0,18:30-19:00,50,1,0,22
28,2025-01-28,6,0,18:30-19:00,50,0,1,23
28,2025-01-28,6,0,18:30-19:00,50,1,0,24
28,2025-01-28,6,0,18:30-19:00,50,0,1,25
28,2025-01-28,6,0,18:30-19:00,50,1,0,26
28,2025-01-28,6,0,18:30-19:00,50,0,1,27
28,2025-01-28,6,0,18:30-19:00,50,1,0,28
28,2025-01-28,6,0,18:30-19:00,50,1,0,29
28,2025-01-28,6,0,18:30-19:00,50,1,0,30
28,2025-01-28,6,0,18:30-19:00,50,1,0,31
28,2025-01-28,6,0,18:30-19:00,50,0,1,32
28,2025-01-28,6,0,18:30-19:00,50,0,1,33
28,2025-01-28,6,0,18:30-19:00,50,1,0,34
28,2025-01-28,6,0,18:30-19:00,50,1,0,35
28,2025-01-28,6,0,18:30-19:00,50,1,0,36
28,2025-01-28,6,0,18:30-19:00,50,1,0,37
28,2025-01-28,6,0,18:30-19:00,50,0,1,38
28,2025-01-28,6,0,18:30-19:00,50,0,1,39
28,2025-01-28,6,0,18:30-19:00,50,0,1,40
28,2025-01-28,6,0,18:30-19:00,50,0,1,41
28,2025-01-28,6,0,18:30-19:00,50,0,1,42
28,2025-01-28,6,0,18:30-19:00,50,1,0,43
28,2025-01-28,6,0,18:30-19:00,50,1,0,44
28,2025-01-28,6,0,18:30-19:00,50,0,1,45
28,2025-01-28,6,0,18:30-19:00,50,0,1,46
28,2025-01-28,6,0,18:30-19:00,50,1,0,47
28,2025-01-28,6,0,18:30-19:00,50,0,1,48
28,2025-01-28,6,0,18:30-19:00,50,0,1,49
28,2025-01-28,6,0,18:30-19:00,50,0,1,50
29,2025-01-29,0,0,07:00-07:30,50,0,1,1
29,2025-01-29,0,0,07:00-07:30,50,1,0,2
29,2025-01-29,0,0,07:00-07:30,50,1,0,3
29,2025-01-29,0,0,07:00-07:30,50,0,1,4
29,2025-01-29,0,0,07:00-07:30,50,1,0,5
29,2025-01-29,0,0,07:00-07:30,50,1,0,6
29,2025-01-29,0,0,07:00-07:30,50,1,0,7
29,2025-01-29,0,0,07:00-07:30,50,1,0,8
29,2025-01-29,0,0,07:00-07:30,50,1,0,9
29,2025-01-29,0,0,07:00-07:30,50,1,0,10
29,2025-01-29,0,0,07:00-07:30,50,1,0,11
29,2025-01-29,0,0,07:00-07:30,50,1,0,12
29,2025-01-29,0,0,07:00-07:30,50,0,1,13
29,2025-01-29,0,0,07:00-07:30,50,1,0,14
29,2025-01-29,0,0,07:00-07:30,50,0,1,15
29,2025-01-29,0,0,07:00-07:30,50,0,1,16
29,2025-01-29,0,0,07:00-07:30,50,1,0,17
29,2025-01-29,0,0,07:00-07:30,50,1,0,18
29,2025-01-29,0,0,07:00-07:30,50,1,0,19
29,2025-01-29,0,0,07:00-07:30,50,0,1,20
29,2025-01-29,0,0,07:00-07:30,50,1,0,21
29,2025-01-29,0,0,07:00-07:30,50,1,0,22
29,2025-01-29,0,0,07:00-07:30,50,1,0,23
29,2025-01-29,0,0,07:00-07:30,50,0,1,24
29,2025-01-29,0,0,07:00-07:30,50,1,0,25
29,2025-01-29,0,0,07:00-07:30,50,1,0,26
29,2025-01-29,0,0,07:00-07:30,50,1,0,27
29,2025-01-29,0,0,07:00-07:30,50,1,0,28
29,2025-01-29,0,0,07:00-07:30,50,0,1,29
29,2025-01-29,0,0,07:00-07:30,50,1,0,30
29,2025-01-29,0,0,07:00-07:30,50,1,0,31
29,2025-01-29,0,0,07:00-07:30,50,1,0,32
29,2025-01-29,0,0,07:00-07:30,50,1,0,33
29,2025-01-29,0,0,07:00-07:30,50,1,0,34
29,2025-01-29,0,0,07:00-07:30,50,0,1,35
29,2025-01-29,0,0,07:00-07:30,50,0,1,36
29,2025-01-29,0,0,07:00-07:30,50,0,1,37
29,2025-01-29,0,0,07:00-07:30,50,1,0,38
29,2025-01-29,0,0,07:00-07:30,50,1,0,39
29,2025-01-29,0,0,07:00-07:30,50,0,1,40
29,2025-01-29,0,0,07:00-07:30,50,0,1,41
29,2025-01-29,0,0,07:00-07:30,50,1,0,42
29,2025-01-29,0,0,07:00-07:30,50,1,0,43
29,2025-01-29,0,0,07:00-07:30,50,1,0,44
29,2025-01-29,0,0,07:00-07:30,50,1,0,45
29,2025-01-29,0,0,07:00-07:30,50,0,1,46
29,2025-01-29,0,0,07:00-07:30,50,1,0,47
29,2025-01-29,0,0,07:00-07:30,50,0,1,48
29,2025-01-29,0,0,07:00-07:30,50,1,0,49
29,2025-01-29,0,0,07:00-07:30,50,1,0,50
29,2025-01-29,0,0,07:30-08:00,50,1,0,1
29,2025-01-29,0,0,07:30-08:00,50,1,0,2
29,2025-01-29,0,0,07:30-08:00,50,0,1,3
29,2025-01-29,0,0,07:30-08:00,50,1,0,4
29,2025-01-29,0,0,07:30-08:00,50,0,1,5
29,2025-01-29,0,0,07:30-08:00,50,1,0,6
29,2025-01-29,0,0,07:30-08:00,50,0,1,7
29,2025-01-29,0,0,07:30-08:00,50,1,0,8
29,2025-01-29,0,0,07:30-08:00,50,0,1,9
29,2025-01-29,0,0,07:30-08:00,50,1,0,10
29,2025-01-29,0,0,07:30-08:00,50,1,0,11
29,2025-01-29,0,0,07:30-08:00,50,1,0,12
29,2025-01-29,0,0,07:30-08:00,50,0,1,13
29,2025-01-29,0,0,07:30-08:00,50,1,0,14
29,2025-01-29,0,0,07:30-08:00,50,0,1,15
29,2025-01-29,0,0,07:30-08:00,50,1,0,16
29,2025-01-29,0,0,07:30-08:00,50,1,0,17
29,2025-01-29,0,0,07:30-08:00,50,1,0,18
29,2025-01-29,0,0,07:30-08:00,50,1,0,19
29,2025-01-29,0,0,07:30-08:00,50,1,0,20
29,2025-01-29,0,0,07:30-08:00,50,0,1,21
29,2025-01-29,0,0,07:30-08:00,50,1,0,22
29,2025-01-29,0,0,07:30-08:00,50,1,0,23
29,2025-01-29,0,0,07:30-08:00,50,1,0,24
29,2025-01-29,0,0,07:30-08:00,50,0,1,25
29,2025-01-29,0,0,07:30-08:00,50,1,0,26
29,2025-01-29,0,0,07:30-08:00,50,0,1,27
29,2025-01-29,0,0,07:30-08:00,50,1,0,28
29,2025-01-29,0,0,07:30-08:00,50,1,0,29
29,2025-01-29,0,0,07:30-08:00,50,0,1,30
29,2025-01-29,0,0,07:30-08:00,50,1,0,31
29,2025-01-29,0,0,07:30-08:00,50,1,0,32
29,2025-01-29,0,0,07:30-08:00,50,0,1,33
29,2025-01-29,0,0,07:30-08:00,50,0,1,34
29,2025-01-29,0,0,07:30-08:00,50,1,0,35
29,2025-01-29,0,0,07:30-08:00,50,0,1,36
29,2025-01-29,0,0,07:30-08:00,50,0,1,37
29,2025-01-29,0,0,07:30-08:00,50,0,1,38
29,2025-01-29,0,0,07:30-08:00,50,0,1,39
29,2025-01-29,0,0,07:30-08:00,50,0,1,40
29,2025-01-29,0,0,07:30-08:00,50,0,1,41
29,2025-01-29,0,0,07:30-08:00,50,1,0,42
29,2025-01-29,0,0,07:30-08:00,50,0,1,43
29,2025-01-29,0,0,07:30-08:00,50,0,1,44
29,2025-01-29,0,0,07:30-08:00,50,0,1,45
29,2025-01-29,0,0,07:30-08:00,50,0,1,46
29,2025-01-29,0,0,07:30-08:00,50,0,1,47
29,2025-01-29,0,0,07:30-08:00,50,0,1,48
29,2025-01-29,0,0,07:30-08:00,50,1,0,49
29,2025-01-29,0,0,07:30-08:00,50,1,0,50
29,2025-01-29,0,0,08:00-08:30,50,1,0,1
29,2025-01-29,0,0,08:00-08:30,50,0,1,2
29,2025-01-29,0,0,08:00-08:30,50,1,0,3
29,2025-01-29,0,0,08:00-08:30,50,0,1,4
29,2025-01-29,0,0,08:00-08:30,50,0,1,5
29,2025-01-29,0,0,08:00-08:30,50,1,0,6
29,2025-01-29,0,0,08:00-08:30,50,1,0,7
29,2025-01-29,0,0,08:00-08:30,50,0,1,8
29,2025-01-29,0,0,08:00-08:30,50,0,1,9
29,2025-01-29,0,0,08:00-08:30,50,1,0,10
29,2025-01-29,0,0,08:00-08:30,50,0,1,11
29,2025-01-29,0,0,08:00-08:30,50,1,0,12
29,2025-01-29,0,0,08:00-08:30,50,1,0,13
29,2025-01-29,0,0,08:00-08:30,50,0,1,14
29,2025-01-29,0,0,08:00-08:30,50,0,1,15
29,2025-01-29,0,0,08:00-08:30,50,0,1,16
29,2025-01-29,0,0,08:00-08:30,50,0,1,17
29,2025-01-29,0,0,08:00-08:30,50,1,0,18
29,2025-01-29,0,0,08:00-08:30,50,0,1,19
29,2025-01-29,0,0,08:00-08:30,50,0,1,20
29,2025-01-29,0,0,08:00-08:30,50,0,1,21
29,2025-01-29,0,0,08:00-08:30,50,0,1,22
29,2025-01-29,0,0,08:00-08:30,50,1,0,23
29,2025-01-29,0,0,08:00-08:30,50,0,1,24
29,2025-01-29,0,0,08:00-08:30,50,1,0,25
29,2025-01-29,0,0,08:00-08:30,50,0,1,26
29,2025-01-29,0,0,08:00-08:30,50,0,1,27
29,2025-01-29,0,0,08:00-08:30,50,1,0,28
29,2025-01-29,0,0,08:00-08:30,50,1,0,29
29,2025-01-29,0,0,08:00-08:30,50,1,0,30
29,2025-01-29,0,0,08:00-08:30,50,0,1,31
29,2025-01-29,0,0,08:00-08:30,50,1,0,32
29,2025-01-29,0,0,08:00-08:30,50,1,0,33
29,2025-01-29,0,0,08:00-08:30,50,1,0,34
29,2025-01-29,0,0,08:00-08:30,50,0,1,35
29,2025-01-29,0,0,08:00-08:30,50,1,0,36
29,2025-01-29,0,0,08:00-08:30,50,1,0,37
29,2025-01-29,0,0,08:00-08:30,50,0,1,38
29,2025-01-29,0,0,08:00-08:30,50,1,0,39
29,2025-01-29,0,0,08:00-08:30,50,1,0,40
29,2025-01-29,0,0,08:00-08:30,50,0,1,41
29,2025-01-29,0,0,08:00-08:30,50,0,1,42
29,2025-01-29,0,0,08:00-08:30,50,1,0,43
29,2025-01-29,0,0,08:00-08:30,50,1,0,44
29,2025-01-29,0,0,08:00-08:30,50,1,0,45
29,2025-01-29,0,0,08:00-08:30,50,1,0,46
29,2025-01-29,0,0,08:00-08:30,50,1,0,47
29,2025-01-29,0,0,08:00-08:30,50,0,1,48
29,2025-01-29,0,0,08:00-08:30,50,0,1,49
29,2025-01-29,0,0,08:00-08:30,50,1,0,50
29,2025-01-29,0,0,08:30-09:00,50,1,0,1
29,2025-01-29,0,0,08:30-09:00,50,1,0,2
29,2025-01-29,0,0,08:30-09:00,50,1,0,3
29,2025-01-29,0,0,08:30-09:00,50,0,1,4
29,2025-01-29,0,0,08:30-09:00,50,1,0,5
29,2025-01-29,0,0,08:30-09:00,50,0,1,6
29,2025-01-29,0,0,08:30-09:00,50,1,0,7
29,2025-01-29,0,0,08:30-09:00,50,1,0,8
29,2025-01-29,0,0,08:30-09:00,50,1,0,9
29,2025-01-29,0,0,08:30-09:00,50,1,0,10
29,2025-01-29,0,0,08:30-09:00,50,0,1,11
29,2025-01-29,0,0,08:30-09:00,50,0,1,12
29,2025-01-29,0,0,08:30-09:00,50,0,1,13
29,2025-01-29,0,0,08:30-09:00,50,1,0,14
29,2025-01-29,0,0,08:30-09:00,50,1,0,15
29,2025-01-29,0,0,08:30-09:00,50,1,0,16
29,2025-01-29,0,0,08:30-09:00,50,1,0,17
29,2025-01-29,0,0,08:30-09:00,50,1,0,18
29,2025-01-29,0,0,08:30-09:00,50,0,1,19
29,2025-01-29,0,0,08:30-09:00,50,1,0,20
29,2025-01-29,0,0,08:30-09:00,50,0,1,21
29,2025-01-29,0,0,08:30-09:00,50,1,0,22
29,2025-01-29,0,0,08:30-09:00,50,1,0,23
29,2025-01-29,0,0,08:30-09:00,50,1,0,24
29,2025-01-29,0,0,08:30-09:00,50,1,0,25
29,2025-01-29,0,0,08:30-09:00,50,0,1,26
29,2025-01-29,0,0,08:30-09:00,50,0,1,27
29,2025-01-29,0,0,08:30-09:00,50,1,0,28
29,2025-01-29,0,0,08:30-09:00,50,1,0,29
29,2025-01-29,0,0,08:30-09:00,50,0,1,30
29,2025-01-29,0,0,08:30-09:00,50,0,1,31
29,2025-01-29,0,0,08:30-09:00,50,0,1,32
29,2025-01-29,0,0,08:30-09:00,50,0,1,33
29,2025-01-29,0,0,08:30-09:00,50,0,1,34
29,2025-01-29,0,0,08:30-09:00,50,0,1,35
29,2025-01-29,0,0,08:30-09:00,50,0,1,36
29,2025-01-29,0,0,08:30-09:00,50,0,1,37
29,2025-01-29,0,0,08:30-09:00,50,0,1,38
29,2025-01-29,0,0,08:30-09:00,50,1,0,39
29,2025-01-29,0,0,08:30-09:00,50,0,1,40
29,2025-01-29,0,0,08:30-09:00,50,0,1,41
29,2025-01-29,0,0,08:30-09:00,50,1,0,42
29,2025-01-29,0,0,08:30-09:00,50,0,1,43
29,2025-01-29,0,0,08:30-09:00,50,1,0,44
29,2025-01-29,0,0,08:30-09:00,50,0,1,45
29,2025-01-29,0,0,08:30-09:00,50,1,0,46
29,2025-01-29,0,0,08:30-09:00,50,1,0,47
29,2025-01-29,0,0,08:30-09:00,50,1,0,48
29,2025-01-29,0,0,08:30-09:00,50,0,1,49
29,2025-01-29,0,0,08:30-09:00,50,1,0,50
29,2025-01-29,0,0,09:00-09:30,50,1,0,1
29,2025-01-29,0,0,09:00-09:30,50,1,0,2
29,2025-01-29,0,0,09:00-09:30,50,0,1,3
29,2025-01-29,0,0,09:00-09:30,50,0,1,4
29,2025-01-29,0,0,09:00-09:30,50,0,1,5
29,2025-01-29,0,0,09:00-09:30,50,1,0,6
29,2025-01-29,0,0,09:00-09:30,50,1,0,7
29,2025-01-29,0,0,09:00-09:30,50,0,1,8
29,2025-01-29,0,0,09:00-09:30,50,1,0,9
29,2025-01-29,0,0,09:00-09:30,50,0,1,10
29,2025-01-29,0,0,09:00-09:30,50,0,1,11
29,2025-01-29,0,0,09:00-09:30,50,1,0,12
29,2025-01-29,0,0,09:00-09:30,50,0,1,13
29,2025-01-29,0,0,09:00-09:30,50,1,0,14
29,2025-01-29,0,0,09:00-09:30,50,1,0,15
29,2025-01-29,0,0,09:00-09:30,50,0,1,16
29,2025-01-29,0,0,09:00-09:30,50,0,1,17
29,2025-01-29,0,0,09:00-09:30,50,0,1,18
29,2025-01-29,0,0,09:00-09:30,50,1,0,19
29,2025-01-29,0,0,09:00-09:30,50,1,0,20
29,2025-01-29,0,0,09:00-09:30,50,1,0,21
29,2025-01-29,0,0,09:00-09:30,50,1,0,22
29,2025-01-29,0,0,09:00-09:30,50,0,1,23
29,2025-01-29,0,0,09:00-09:30,50,1,0,24
29,2025-01-29,0,0,09:00-09:30,50,1,0,25
29,2025-01-29,0,0,09:00-09:30,50,0,1,26
29,2025-01-29,0,0,09:00-09:30,50,0,1,27
29,2025-01-29,0,0,09:00-09:30,50,1,0,28
29,2025-01-29,0,0,09:00-09:30,50,1,0,29
29,2025-01-29,0,0,09:00-09:30,50,1,0,30
29,2025-01-29,0,0,09:00-09:30,50,1,0,31
29,2025-01-29,0,0,09:00-09:30,50,0,1,32
29,2025-01-29,0,0,09:00-09:30,50,0,1,33
29,2025-01-29,0,0,09:00-09:30,50,0,1,34
29,2025-01-29,0,0,09:00-09:30,50,0,1,35
29,2025-01-29,0,0,09:00-09:30,50,0,1,36
29,2025-01-29,0,0,09:00-09:30,50,0,1,37
29,2025-01-29,0,0,09:00-09:30,50,1,0,38
29,2025-01-29,0,0,09:00-09:30,50,1,0,39
29,2025-01-29,0,0,09:00-09:30,50,1,0,40
29,2025-01-29,0,0,09:00-09:30,50,0,1,41
29,2025-01-29,0,0,09:00-09:30,50,1,0,42
29,2025-01-29,0,0,09:00-09:30,50,0,1,43
29,2025-01-29,0,0,09:00-09:30,50,1,0,44
29,2025-01-29,0,0,09:00-09:30,50,1,0,45
29,2025-01-29,0,0,09:00-09:30,50,0,1,46
29,2025-01-29,0,0,09:00-09:30,50,0,1,47
29,2025-01-29,0,0,09:00-09:30,50,1,0,48
29,2025-01-29,0,0,09:00-09:30,50,0,1,49
29,2025-01-29,0,0,09:00-09:30,50,1,0,50
29,2025-01-29,0,0,09:30-10:00,50,1,0,1
29,2025-01-29,0,0,09:30-10:00,50,0,1,2
29,2025-01-29,0,0,09:30-10:00,50,0,1,3
29,2025-01-29,0,0,09:30-10:00,50,0,1,4
29,2025-01-29,0,0,09:30-10:00,50,0,1,5
29,2025-01-29,0,0,09:30-10:00,50,0,1,6
29,2025-01-29,0,0,09:30-10:00,50,1,0,7
29,2025-01-29,0,0,09:30-10:00,50,0,1,8
29,2025-01-29,0,0,09:30-10:00,50,0,1,9
29,2025-01-29,0,0,09:30-10:00,50,0,1,10
29,2025-01-29,0,0,09:30-10:00,50,0,1,11
29,2025-01-29,0,0,09:30-10:00,50,1,0,12
29,2025-01-29,0,0,09:30-10:00,50,1,0,13
29,2025-01-29,0,0,09:30-10:00,50,0,1,14
29,2025-01-29,0,0,09:30-10:00,50,0,1,15
29,2025-01-29,0,0,09:30-10:00,50,1,0,16
29,2025-01-29,0,0,09:30-10:00,50,1,0,17
29,2025-01-29,0,0,09:30-10:00,50,1,0,18
29,2025-01-29,0,0,09:30-10:00,50,0,1,19
29,2025-01-29,0,0,09:30-10:00,50,1,0,20
29,2025-01-29,0,0,09:30-10:00,50,0,1,21
29,2025-01-29,0,0,09:30-10:00,50,0,1,22
29,2025-01-29,0,0,09:30-10:00,50,0,1,23
29,2025-01-29,0,0,09:30-10:00,50,1,0,24
29,2025-01-29,0,0,09:30-10:00,50,0,1,25
29,2025-01-29,0,0,09:30-10:00,50,1,0,26
29,2025-01-29,0,0,09:30-10:00,50,0,1,27
29,2025-01-29,0,0,09:30-10:00,50,1,0,28
29,2025-01-29,0,0,09:30-10:00,50,1,0,29
29,2025-01-29,0,0,09:30-10:00,50,0,1,30
29,2025-01-29,0,0,09:30-10:00,50,0,1,31
29,2025-01-29,0,0,09:30-10:00,50,0,1,32
29,2025-01-29,0,0,09:30-10:00,50,0,1,33
29,2025-01-29,0,0,09:30-10:00,50,0,1,34
29,2025-01-29,0,0,09:30-10:00,50,0,1,35
29,2025-01-29,0,0,09:30-10:00,50,1,0,36
29,2025-01-29,0,0,09:30-10:00,50,0,1,37
29,2025-01-29,0,0,09:30-10:00,50,1,0,38
29,2025-01-29,0,0,09:30-10:00,50,1,0,39
29,2025-01-29,0,0,09:30-10:00,50,1,0,40
29,2025-01-29,0,0,09:30-10:00,50,0,1,41
29,2025-01-29,0,0,09:30-10:00,50,0,1,42
29,2025-01-29,0,0,09:30-10:00,50,0,1,43
29,2025-01-29,0,0,09:30-10:00,50,0,1,44
29,2025-01-29,0,0,09:30-10:00,50,1,0,45
29,2025-01-29,0,0,09:30-10:00,50,1,0,46
29,2025-01-29,0,0,09:30-10:00,50,1,0,47
29,2025-01-29,0,0,09:30-10:00,50,0,1,48
29,2025-01-29,0,0,09:30-10:00,50,0,1,49
29,2025-01-29,0,0,09:30-10:00,50,0,1,50
29,2025-01-29,0,0,16:00-16:30,50,1,0,1
29,2025-01-29,0,0,16:00-16:30,50,0,1,2
29,2025-01-29,0,0,16:00-16:30,50,1,0,3
29,2025-01-29,0,0,16:00-16:30,50,0,1,4
29,2025-01-29,0,0,16:00-16:30,50,0,1,5
29,2025-01-29,0,0,16:00-16:30,50,0,1,6
29,2025-01-29,0,0,16:00-16:30,50,0,1,7
29,2025-01-29,0,0,16:00-16:30,50,0,1,8
29,2025-01-29,0,0,16:00-16:30,50,1,0,9
29,2025-01-29,0,0,16:00-16:30,50,1,0,10
29,2025-01-29,0,0,16:00-16:30,50,1,0,11
29,2025-01-29,0,0,16:00-16:30,50,1,0,12
29,2025-01-29,0,0,16:00-16:30,50,1,0,13
29,2025-01-29,0,0,16:00-16:30,50,0,1,14
29,2025-01-29,0,0,16:00-16:30,50,1,0,15
29,2025-01-29,0,0,16:00-16:30,50,1,0,16
29,2025-01-29,0,0,16:00-16:30,50,1,0,17
29,2025-01-29,0,0,16:00-16:30,50,1,0,18
29,2025-01-29,0,0,16:00-16:30,50,1,0,19
29,2025-01-29,0,0,16:00-16:30,50,1,0,20
29,2025-01-29,0,0,16:00-16:30,50,1,0,21
29,2025-01-29,0,0,16:00-16:30,50,0,1,22
29,2025-01-29,0,0,16:00-16:30,50,1,0,23
29,2025-01-29,0,0,16:00-16:30,50,1,0,24
29,2025-01-29,0,0,16:00-16:30,50,0,1,25
29,2025-01-29,0,0,16:00-16:30,50,1,0,26
29,2025-01-29,0,0,16:00-16:30,50,0,1,27
29,2025-01-29,0,0,16:00-16:30,50,0,1,28
29,2025-01-29,0,0,16:00-16:30,50,1,0,29
29,2025-01-29,0,0,16:00-16:30,50,1,0,30
29,2025-01-29,0,0,16:00-16:30,50,1,0,31
29,2025-01-29,0,0,16:00-16:30,50,1,0,32
29,2025-01-29,0,0,16:00-16:30,50,1,0,33
29,2025-01-29,0,0,16:00-16:30,50,1,0,34
29,2025-01-29,0,0,16:00-16:30,50,1,0,35
29,2025-01-29,0,0,16:00-16:30,50,0,1,36
29,2025-01-29,0,0,16:00-16:30,50,0,1,37
29,2025-01-29,0,0,16:00-16:30,50,1,0,38
29,2025-01-29,0,0,16:00-16:30,50,1,0,39
29,2025-01-29,0,0,16:00-16:30,50,1,0,40
29,2025-01-29,0,0,16:00-16:30,50,1,0,41
29,2025-01-29,0,0,16:00-16:30,50,1,0,42
29,2025-01-29,0,0,16:00-16:30,50,0,1,43
29,2025-01-29,0,0,16:00-16:30,50,0,1,44
29,2025-01-29,0,0,16:00-16:30,50,0,1,45
29,2025-01-29,0,0,16:00-16:30,50,0,1,46
29,2025-01-29,0,0,16:00-16:30,50,0,1,47
29,2025-01-29,0,0,16:00-16:30,50,1,0,48
29,2025-01-29,0,0,16:00-16:30,50,1,0,49
29,2025-01-29,0,0,16:00-16:30,50,1,0,50
29,2025-01-29,0,0,16:30-17:00,50,1,0,1
29,2025-01-29,0,0,16:30-17:00,50,1,0,2
29,2025-01-29,0,0,16:30-17:00,50,1,0,3
29,2025-01-29,0,0,16:30-17:00,50,1,0,4
29,2025-01-29,0,0,16:30-17:00,50,1,0,5
29,2025-01-29,0,0,16:30-17:00,50,1,0,6
29,2025-01-29,0,0,16:30-17:00,50,0,1,7
29,2025-01-29,0,0,16:30-17:00,50,1,0,8
29,2025-01-29,0,0,16:30-17:00,50,0,1,9
29,2025-01-29,0,0,16:30-17:00,50,1,0,10
29,2025-01-29,0,0,16:30-17:00,50,0,1,11
29,2025-01-29,0,0,16:30-17:00,50,0,1,12
29,2025-01-29,0,0,16:30-17:00,50,1,0,13
29,2025-01-29,0,0,16:30-17:00,50,0,1,14
29,2025-01-29,0,0,16:30-17:00,50,0,1,15
29,2025-01-29,0,0,16:30-17:00,50,1,0,16
29,2025-01-29,0,0,16:30-17:00,50,0,1,17
29,2025-01-29,0,0,16:30-17:00,50,1,0,18
29,2025-01-29,0,0,16:30-17:00,50,1,0,19
29,2025-01-29,0,0,16:30-17:00,50,0,1,20
29,2025-01-29,0,0,16:30-17:00,50,1,0,21
29,2025-01-29,0,0,16:30-17:00,50,1,0,22
29,2025-01-29,0,0,16:30-17:00,50,1,0,23
29,2025-01-29,0,0,16:30-17:00,50,0,1,24
29,2025-01-29,0,0,16:30-17:00,50,0,1,25
29,2025-01-29,0,0,16:30-17:00,50,1,0,26
29,2025-01-29,0,0,16:30-17:00,50,1,0,27
29,2025-01-29,0,0,16:30-17:00,50,0,1,28
29,2025-01-29,0,0,16:30-17:00,50,1,0,29
29,2025-01-29,0,0,16:30-17:00,50,1,0,30
29,2025-01-29,0,0,16:30-17:00,50,0,1,31
29,2025-01-29,0,0,16:30-17:00,50,0,1,32
29,2025-01-29,0,0,16:30-17:00,50,0,1,33
29,2025-01-29,0,0,16:30-17:00,50,0,1,34
29,2025-01-29,0,0,16:30-17:00,50,1,0,35
29,2025-01-29,0,0,16:30-17:00,50,0,1,36
29,2025-01-29,0,0,16:30-17:00,50,1,0,37
29,2025-01-29,0,0,16:30-17:00,50,0,1,38
29,2025-01-29,0,0,16:30-17:00,50,1,0,39
29,2025-01-29,0,0,16:30-17:00,50,1,0,40
29,2025-01-29,0,0,16:30-17:00,50,1,0,41
29,2025-01-29,0,0,16:30-17:00,50,0,1,42
29,2025-01-29,0,0,16:30-17:00,50,1,0,43
29,2025-01-29,0,0,16:30-17:00,50,0,1,44
29,2025-01-29,0,0,16:30-17:00,50,1,0,45
29,2025-01-29,0,0,16:30-17:00,50,1,0,46
29,2025-01-29,0,0,16:30-17:00,50,0,1,47
29,2025-01-29,0,0,16:30-17:00,50,0,1,48
29,2025-01-29,0,0,16:30-17:00,50,1,0,49
29,2025-01-29,0,0,16:30-17:00,50,0,1,50
29,2025-01-29,0,0,17:00-17:30,50,0,1,1
29,2025-01-29,0,0,17:00-17:30,50,0,1,2
29,2025-01-29,0,0,17:00-17:30,50,1,0,3
29,2025-01-29,0,0,17:00-17:30,50,0,1,4
29,2025-01-29,0,0,17:00-17:30,50,1,0,5
29,2025-01-29,0,0,17:00-17:30,50,1,0,6
29,2025-01-29,0,0,17:00-17:30,50,1,0,7
29,2025-01-29,0,0,17:00-17:30,50,1,0,8
29,2025-01-29,0,0,17:00-17:30,50,1,0,9
29,2025-01-29,0,0,17:00-17:30,50,0,1,10
29,2025-01-29,0,0,17:00-17:30,50,0,1,11
29,2025-01-29,0,0,17:00-17:30,50,1,0,12
29,2025-01-29,0,0,17:00-17:30,50,1,0,13
29,2025-01-29,0,0,17:00-17:30,50,0,1,14
29,2025-01-29,0,0,17:00-17:30,50,1,0,15
29,2025-01-29,0,0,17:00-17:30,50,1,0,16
29,2025-01-29,0,0,17:00-17:30,50,1,0,17
29,2025-01-29,0,0,17:00-17:30,50,0,1,18
29,2025-01-29,0,0,17:00-17:30,50,0,1,19
29,2025-01-29,0,0,17:00-17:30,50,0,1,20
29,2025-01-29,0,0,17:00-17:30,50,0,1,21
29,2025-01-29,0,0,17:00-17:30,50,0,1,22
29,2025-01-29,0,0,17:00-17:30,50,0,1,23
29,2025-01-29,0,0,17:00-17:30,50,1,0,24
29,2025-01-29,0,0,17:00-17:30,50,1,0,25
29,2025-01-29,0,0,17:00-17:30,50,0,1,26
29,2025-01-29,0,0,17:00-17:30,50,0,1,27
29,2025-01-29,0,0,17:00-17:30,50,1,0,28
29,2025-01-29,0,0,17:00-17:30,50,1,0,29
29,2025-01-29,0,0,17:00-17:30,50,0,1,30
29,2025-01-29,0,0,17:00-17:30,50,0,1,31
29,2025-01-29,0,0,17:00-17:30,50,0,1,32
29,2025-01-29,0,0,17:00-17:30,50,0,1,33
29,2025-01-29,0,0,17:00-17:30,50,0,1,34
29,2025-01-29,0,0,17:00-17:30,50,0,1,35
29,2025-01-29,0,0,17:00-17:30,50,0,1,36
29,2025-01-29,0,0,17:00-17:30,50,1,0,37
29,2025-01-29,0,0,17:00-17:30,50,0,1,38
29,2025-01-29,0,0,17:00-17:30,50,1,0,39
29,2025-01-29,0,0,17:00-17:30,50,0,1,40
29,2025-01-29,0,0,17:00-17:30,50,0,1,41
29,2025-01-29,0,0,17:00-17:30,50,0,1,42
29,2025-01-29,0,0,17:00-17:30,50,1,0,43
29,2025-01-29,0,0,17:00-17:30,50,0,1,44
29,2025-01-29,0,0,17:00-17:30,50,1,0,45
29,2025-01-29,0,0,17:00-17:30,50,0,1,46
29,2025-01-29,0,0,17:00-17:30,50,1,0,47
29,2025-01-29,0,0,17:00-17:30,50,1,0,48
29,2025-01-29,0,0,17:00-17:30,50,0,1,49
29,2025-01-29,0,0,17:00-17:30,50,1,0,50
29,2025-01-29,0,0,17:30-18:00,50,0,1,1
29,2025-01-29,0,0,17:30-18:00,50,1,0,2
29,2025-01-29,0,0,17:30-18:00,50,1,0,3
29,2025-01-29,0,0,17:30-18:00,50,0,1,4
29,2025-01-29,0,0,17:30-18:00,50,0,1,5
29,2025-01-29,0,0,17:30-18:00,50,0,1,6
29,2025-01-29,0,0,17:30-18:00,50,0,1,7
29,2025-01-29,0,0,17:30-18:00,50,0,1,8
29,2025-01-29,0,0,17:30-18:00,50,0,1,9
29,2025-01-29,0,0,17:30-18:00,50,0,1,10
29,2025-01-29,0,0,17:30-18:00,50,0,1,11
29,2025-01-29,0,0,17:30-18:00,50,1,0,12
29,2025-01-29,0,0,17:30-18:00,50,1,0,13
29,2025-01-29,0,0,17:30-18:00,50,1,0,14
29,2025-01-29,0,0,17:30-18:00,50,1,0,15
29,2025-01-29,0,0,17:30-18:00,50,1,0,16
29,2025-01-29,0,0,17:30-18:00,50,0,1,17
29,2025-01-29,0,0,17:30-18:00,50,1,0,18
29,2025-01-29,0,0,17:30-18:00,50,0,1,19
29,2025-01-29,0,0,17:30-18:00,50,0,1,20
29,2025-01-29,0,0,17:30-18:00,50,1,0,21
29,2025-01-29,0,0,17:30-18:00,50,0,1,22
29,2025-01-29,0,0,17:30-18:00,50,1,0,23
29,2025-01-29,0,0,17:30-18:00,50,0,1,24
29,2025-01-29,0,0,17:30-18:00,50,1,0,25
29,2025-01-29,0,0,17:30-18:00,50,1,0,26
29,2025-01-29,0,0,17:30-18:00,50,0,1,27
29,2025-01-29,0,0,17:30-18:00,50,0,1,28
29,2025-01-29,0,0,17:30-18:00,50,1,0,29
29,2025-01-29,0,0,17:30-18:00,50,0,1,30
29,2025-01-29,0,0,17:30-18:00,50,1,0,31
29,2025-01-29,0,0,17:30-18:00,50,0,1,32
29,2025-01-29,0,0,17:30-18:00,50,0,1,33
29,2025-01-29,0,0,17:30-18:00,50,1,0,34
29,2025-01-29,0,0,17:30-18:00,50,0,1,35
29,2025-01-29,0,0,17:30-18:00,50,1,0,36
29,2025-01-29,0,0,17:30-18:00,50,1,0,37
29,2025-01-29,0,0,17:30-18:00,50,0,1,38
29,2025-01-29,0,0,17:30-18:00,50,0,1,39
29,2025-01-29,0,0,17:30-18:00,50,0,1,40
29,2025-01-29,0,0,17:30-18:00,50,0,1,41
29,2025-01-29,0,0,17:30-18:00,50,1,0,42
29,2025-01-29,0,0,17:30-18:00,50,1,0,43
29,2025-01-29,0,0,17:30-18:00,50,1,0,44
29,2025-01-29,0,0,17:30-18:00,50,0,1,45
29,2025-01-29,0,0,17:30-18:00,50,1,0,46
29,2025-01-29,0,0,17:30-18:00,50,0,1,47
29,2025-01-29,0,0,17:30-18:00,50,1,0,48
29,2025-01-29,0,0,17:30-18:00,50,1,0,49
29,2025-01-29,0,0,17:30-18:00,50,1,0,50
29,2025-01-29,0,0,18:00-18:30,50,0,1,1
29,2025-01-29,0,0,18:00-18:30,50,0,1,2
29,2025-01-29,0,0,18:00-18:30,50,1,0,3
29,2025-01-29,0,0,18:00-18:30,50,0,1,4
29,2025-01-29,0,0,18:00-18:30,50,0,1,5
29,2025-01-29,0,0,18:00-18:30,50,1,0,6
29,2025-01-29,0,0,18:00-18:30,50,0,1,7
29,2025-01-29,0,0,18:00-18:30,50,1,0,8
29,2025-01-29,0,0,18:00-18:30,50,0,1,9
29,2025-01-29,0,0,18:00-18:30,50,1,0,10
29,2025-01-29,0,0,18:00-18:30,50,0,1,11
29,2025-01-29,0,0,18:00-18:30,50,1,0,12
29,2025-01-29,0,0,18:00-18:30,50,1,0,13
29,2025-01-29,0,0,18:00-18:30,50,0,1,14
29,2025-01-29,0,0,18:00-18:30,50,0,1,15
29,2025-01-29,0,0,18:00-18:30,50,0,1,16
29,2025-01-29,0,0,18:00-18:30,50,0,1,17
29,2025-01-29,0,0,18:00-18:30,50,0,1,18
29,2025-01-29,0,0,18:00-18:30,50,0,1,19
29,2025-01-29,0,0,18:00-18:30,50,0,1,20
29,2025-01-29,0,0,18:00-18:30,50,0,1,21
29,2025-01-29,0,0,18:00-18:30,50,0,1,22
29,2025-01-29,0,0,18:00-18:30,50,0,1,23
29,2025-01-29,0,0,18:00-18:30,50,0,1,24
29,2025-01-29,0,0,18:00-18:30,50,0,1,25
29,2025-01-29,0,0,18:00-18:30,50,1,0,26
29,2025-01-29,0,0,18:00-18:30,50,0,1,27
29,2025-01-29,0,0,18:00-18:30,50,0,1,28
29,2025-01-29,0,0,18:00-18:30,50,0,1,29
29,2025-01-29,0,0,18:00-18:30,50,1,0,30
29,2025-01-29,0,0,18:00-18:30,50,1,0,31
29,2025-01-29,0,0,18:00-18:30,50,1,0,32
29,2025-01-29,0,0,18:00-18:30,50,0,1,33
29,2025-01-29,0,0,18:00-18:30,50,0,1,34
29,2025-01-29,0,0,18:00-18:30,50,0,1,35
29,2025-01-29,0,0,18:00-18:30,50,0,1,36
29,2025-01-29,0,0,18:00-18:30,50,0,1,37
29,2025-01-29,0,0,18:00-18:30,50,1,0,38
29,2025-01-29,0,0,18:00-18:30,50,0,1,39
29,2025-01-29,0,0,18:00-18:30,50,1,0,40
29,2025-01-29,0,0,18:00-18:30,50,0,1,41
29,2025-01-29,0,0,18:00-18:30,50,0,1,42
29,2025-01-29,0,0,18:00-18:30,50,0,1,43
29,2025-01-29,0,0,18:00-18:30,50,1,0,44
29,2025-01-29,0,0,18:00-18:30,50,0,1,45
29,2025-01-29,0,0,18:00-18:30,50,0,1,46
29,2025-01-29,0,0,18:00-18:30,50,1,0,47
29,2025-01-29,0,0,18:00-18:30,50,1,0,48
29,2025-01-29,0,0,18:00-18:30,50,1,0,49
29,2025-01-29,0,0,18:00-18:30,50,0,1,50
29,2025-01-29,0,0,18:30-19:00,50,1,0,1
29,2025-01-29,0,0,18:30-19:00,50,0,1,2
29,2025-01-29,0,0,18:30-19:00,50,0,1,3
29,2025-01-29,0,0,18:30-19:00,50,0,1,4
29,2025-01-29,0,0,18:30-19:00,50,0,1,5
29,2025-01-29,0,0,18:30-19:00,50,0,1,6
29,2025-01-29,0,0,18:30-19:00,50,0,1,7
29,2025-01-29,0,0,18:30-19:00,50,0,1,8
29,2025-01-29,0,0,18:30-19:00,50,1,0,9
29,2025-01-29,0,0,18:30-19:00,50,0,1,10
29,2025-01-29,0,0,18:30-19:00,50,0,1,11
29,2025-01-29,0,0,18:30-19:00,50,1,0,12
29,2025-01-29,0,0,18:30-19:00,50,1,0,13
29,2025-01-29,0,0,18:30-19:00,50,0,1,14
29,2025-01-29,0,0,18:30-19:00,50,1,0,15
29,2025-01-29,0,0,18:30-19:00,50,0,1,16
29,2025-01-29,0,0,18:30-19:00,50,0,1,17
29,2025-01-29,0,0,18:30-19:00,50,0,1,18
29,2025-01-29,0,0,18:30-19:00,50,0,1,19
29,2025-01-29,0,0,18:30-19:00,50,0,1,20
29,2025-01-29,0,0,18:30-19:00,50,1,0,21
29,2025-01-29,0,0,18:30-19:00,50,1,0,22
29,2025-01-29,0,0,18:30-19:00,50,0,1,23
29,2025-01-29,0,0,18:30-19:00,50,0,1,24
29,2025-01-29,0,0,18:30-19:00,50,0,1,25
29,2025-01-29,0,0,18:30-19:00,50,0,1,26
29,2025-01-29,0,0,18:30-19:00,50,0,1,27
29,2025-01-29,0,0,18:30-19:00,50,1,0,28
29,2025-01-29,0,0,18:30-19:00,50,0,1,29
29,2025-01-29,0,0,18:30-19:00,50,0,1,30
29,2025-01-29,0,0,18:30-19:00,50,1,0,31
29,2025-01-29,0,0,18:30-19:00,50,0,1,32
29,2025-01-29,0,0,18:30-19:00,50,0,1,33
29,2025-01-29,0,0,18:30-19:00,50,0,1,34
29,2025-01-29,0,0,18:30-19:00,50,1,0,35
29,2025-01-29,0,0,18:30-19:00,50,0,1,36
29,2025-01-29,0,0,18:30-19:00,50,1,0,37
29,2025-01-29,0,0,18:30-19:00,50,0,1,38
29,2025-01-29,0,0,18:30-19:00,50,0,1,39
29,2025-01-29,0,0,18:30-19:00,50,0,1,40
29,2025-01-29,0,0,18:30-19:00,50,0,1,41
29,2025-01-29,0,0,18:30-19:00,50,0,1,42
29,2025-01-29,0,0,18:30-19:00,50,0,1,43
29,2025-01-29,0,0,18:30-19:00,50,1,0,44
29,2025-01-29,0,0,18:30-19:00,50,0,1,45
29,2025-01-29,0,0,18:30-19:00,50,0,1,46
29,2025-01-29,0,0,18:30-19:00,50,0,1,47
29,2025-01-29,0,0,18:30-19:00,50,0,1,48
29,2025-01-29,0,0,18:30-19:00,50,1,0,49
29,2025-01-29,0,0,18:30-19:00,50,1,0,50
30,2025-01-30,1,0,07:00-07:30,50,1,0,1
30,2025-01-30,1,0,07:00-07:30,50,1,0,2
30,2025-01-30,1,0,07:00-07:30,50,1,0,3
30,2025-01-30,1,0,07:00-07:30,50,1,0,4
30,2025-01-30,1,0,07:00-07:30,50,1,0,5
30,2025-01-30,1,0,07:00-07:30,50,1,0,6
30,2025-01-30,1,0,07:00-07:30,50,0,1,7
30,2025-01-30,1,0,07:00-07:30,50,1,0,8
30,2025-01-30,1,0,07:00-07:30,50,0,1,9
30,2025-01-30,1,0,07:00-07:30,50,1,0,10
30,2025-01-30,1,0,07:00-07:30,50,1,0,11
30,2025-01-30,1,0,07:00-07:30,50,0,1,12
30,2025-01-30,1,0,07:00-07:30,50,1,0,13
30,2025-01-30,1,0,07:00-07:30,50,1,0,14
30,2025-01-30,1,0,07:00-07:30,50,1,0,15
30,2025-01-30,1,0,07:00-07:30,50,0,1,16
30,2025-01-30,1,0,07:00-07:30,50,1,0,17
30,2025-01-30,1,0,07:00-07:30,50,1,0,18
30,2025-01-30,1,0,07:00-07:30,50,0,1,19
30,2025-01-30,1,0,07:00-07:30,50,0,1,20
30,2025-01-30,1,0,07:00-07:30,50,1,0,21
30,2025-01-30,1,0,07:00-07:30,50,0,1,22
30,2025-01-30,1,0,07:00-07:30,50,1,0,23
30,2025-01-30,1,0,07:00-07:30,50,1,0,24
30,2025-01-30,1,0,07:00-07:30,50,0,1,25
30,2025-01-30,1,0,07:00-07:30,50,1,0,26
30,2025-01-30,1,0,07:00-07:30,50,1,0,27
30,2025-01-30,1,0,07:00-07:30,50,1,0,28
30,2025-01-30,1,0,07:00-07:30,50,1,0,29
30,2025-01-30,1,0,07:00-07:30,50,1,0,30
30,2025-01-30,1,0,07:00-07:30,50,1,0,31
30,2025-01-30,1,0,07:00-07:30,50,0,1,32
30,2025-01-30,1,0,07:00-07:30,50,1,0,33
30,2025-01-30,1,0,07:00-07:30,50,1,0,34
30,2025-01-30,1,0,07:00-07:30,50,1,0,35
30,2025-01-30,1,0,07:00-07:30,50,0,1,36
30,2025-01-30,1,0,07:00-07:30,50,0,1,37
30,2025-01-30,1,0,07:00-07:30,50,1,0,38
30,2025-01-30,1,0,07:00-07:30,50,0,1,39
30,2025-01-30,1,0,07:00-07:30,50,0,1,40
30,2025-01-30,1,0,07:00-07:30,50,0,1,41
30,2025-01-30,1,0,07:00-07:30,50,1,0,42
30,2025-01-30,1,0,07:00-07:30,50,1,0,43
30,2025-01-30,1,0,07:00-07:30,50,1,0,44
30,2025-01-30,1,0,07:00-07:30,50,0,1,45
30,2025-01-30,1,0,07:00-07:30,50,1,0,46
30,2025-01-30,1,0,07:00-07:30,50,1,0,47
30,2025-01-30,1,0,07:00-07:30,50,0,1,48
30,2025-01-30,1,0,07:00-07:30,50,1,0,49
30,2025-01-30,1,0,07:00-07:30,50,1,0,50
30,2025-01-30,1,0,07:30-08:00,50,0,1,1
30,2025-01-30,1,0,07:30-08:00,50,0,1,2
30,2025-01-30,1,0,07:30-08:00,50,0,1,3
30,2025-01-30,1,0,07:30-08:00,50,0,1,4
30,2025-01-30,1,0,07:30-08:00,50,0,1,5
30,2025-01-30,1,0,07:30-08:00,50,0,1,6
30,2025-01-30,1,0,07:30-08:00,50,0,1,7
30,2025-01-30,1,0,07:30-08:00,50,1,0,8
30,2025-01-30,1,0,07:30-08:00,50,1,0,9
30,2025-01-30,1,0,07:30-08:00,50,1,0,10
30,2025-01-30,1,0,07:30-08:00,50,0,1,11
30,2025-01-30,1,0,07:30-08:00,50,0,1,12
30,2025-01-30,1,0,07:30-08:00,50,1,0,13
30,2025-01-30,1,0,07:30-08:00,50,0,1,14
30,2025-01-30,1,0,07:30-08:00,50,1,0,15
30,2025-01-30,1,0,07:30-08:00,50,1,0,16
30,2025-01-30,1,0,07:30-08:00,50,1,0,17
30,2025-01-30,1,0,07:30-08:00,50,0,1,18
30,2025-01-30,1,0,07:30-08:00,50,1,0,19
30,2025-01-30,1,0,07:30-08:00,50,1,0,20
30,2025-01-30,1,0,07:30-08:00,50,1,0,21
30,2025-01-30,1,0,07:30-08:00,50,1,0,22
30,2025-01-30,1,0,07:30-08:00,50,1,0,23
30,2025-01-30,1,0,07:30-08:00,50,1,0,24
30,2025-01-30,1,0,07:30-08:00,50,0,1,25
30,2025-01-30,1,0,07:30-08:00,50,1,0,26
30,2025-01-30,1,0,07:30-08:00,50,1,0,27
30,2025-01-30,1,0,07:30-08:00,50,1,0,28
30,2025-01-30,1,0,07:30-08:00,50,1,0,29
30,2025-01-30,1,0,07:30-08:00,50,0,1,30
30,2025-01-30,1,0,07:30-08:00,50,0,1,31
30,2025-01-30,1,0,07:30-08:00,50,1,0,32
30,2025-01-30,1,0,07:30-08:00,50,0,1,33
30,2025-01-30,1,0,07:30-08:00,50,1,0,34
30,2025-01-30,1,0,07:30-08:00,50,0,1,35
30,2025-01-30,1,0,07:30-08:00,50,1,0,36
30,2025-01-30,1,0,07:30-08:00,50,1,0,37
30,2025-01-30,1,0,07:30-08:00,50,0,1,38
30,2025-01-30,1,0,07:30-08:00,50,0,1,39
30,2025-01-30,1,0,07:30-08:00,50,1,0,40
30,2025-01-30,1,0,07:30-08:00,50,1,0,41
30,2025-01-30,1,0,07:30-08:00,50,0,1,42
30,2025-01-30,1,0,07:30-08:00,50,1,0,43
30,2025-01-30,1,0,07:30-08:00,50,1,0,44
30,2025-01-30,1,0,07:30-08:00,50,1,0,45
30,2025-01-30,1,0,07:30-08:00,50,1,0,46
30,2025-01-30,1,0,07:30-08:00,50,0,1,47
30,2025-01-30,1,0,07:30-08:00,50,1,0,48
30,2025-01-30,1,0,07:30-08:00,50,1,0,49
30,2025-01-30,1,0,07:30-08:00,50,0,1,50
30,2025-01-30,1,0,08:00-08:30,50,0,1,1
30,2025-01-30,1,0,08:00-08:30,50,1,0,2
30,2025-01-30,1,0,08:00-08:30,50,1,0,3
30,2025-01-30,1,0,08:00-08:30,50,1,0,4
30,2025-01-30,1,0,08:00-08:30,50,1,0,5
30,2025-01-30,1,0,08:00-08:30,50,0,1,6
30,2025-01-30,1,0,08:00-08:30,50,1,0,7
30,2025-01-30,1,0,08:00-08:30,50,1,0,8
30,2025-01-30,1,0,08:00-08:30,50,0,1,9
30,2025-01-30,1,0,08:00-08:30,50,1,0,10
30,2025-01-30,1,0,08:00-08:30,50,0,1,11
30,2025-01-30,1,0,08:00-08:30,50,1,0,12
30,2025-01-30,1,0,08:00-08:30,50,1,0,13
30,2025-01-30,1,0,08:00-08:30,50,1,0,14
30,2025-01-30,1,0,08:00-08:30,50,0,1,15
30,2025-01-30,1,0,08:00-08:30,50,1,0,16
30,2025-01-30,1,0,08:00-08:30,50,1,0,17
30,2025-01-30,1,0,08:00-08:30,50,1,0,18
30,2025-01-30,1,0,08:00-08:30,50,0,1,19
30,2025-01-30,1,0,08:00-08:30,50,1,0,20
30,2025-01-30,1,0,08:00-08:30,50,1,0,21
30,2025-01-30,1,0,08:00-08:30,50,1,0,22
30,2025-01-30,1,0,08:00-08:30,50,1,0,23
30,2025-01-30,1,0,08:00-08:30,50,0,1,24
30,2025-01-30,1,0,08:00-08:30,50,1,0,25
30,2025-01-30,1,0,08:00-08:30,50,0,1,26
30,2025-01-30,1,0,08:00-08:30,50,1,0,27
30,2025-01-30,1,0,08:00-08:30,50,1,0,28
30,2025-01-30,1,0,08:00-08:30,50,0,1,29
30,2025-01-30,1,0,08:00-08:30,50,0,1,30
30,2025-01-30,1,0,08:00-08:30,50,1,0,31
30,2025-01-30,1,0,08:00-08:30,50,1,0,32
30,2025-01-30,1,0,08:00-08:30,50,1,0,33
30,2025-01-30,1,0,08:00-08:30,50,1,0,34
30,2025-01-30,1,0,08:00-08:30,50,0,1,35
30,2025-01-30,1,0,08:00-08:30,50,1,0,36
30,2025-01-30,1,0,08:00-08:30,50,1,0,37
30,2025-01-30,1,0,08:00-08:30,50,1,0,38
30,2025-01-30,1,0,08:00-08:30,50,1,0,39
30,2025-01-30,1,0,08:00-08:30,50,1,0,40
30,2025-01-30,1,0,08:00-08:30,50,0,1,41
30,2025-01-30,1,0,08:00-08:30,50,0,1,42
30,2025-01-30,1,0,08:00-08:30,50,1,0,43
30,2025-01-30,1,0,08:00-08:30,50,1,0,44
30,2025-01-30,1,0,08:00-08:30,50,0,1,45
30,2025-01-30,1,0,08:00-08:30,50,1,0,46
30,2025-01-30,1,0,08:00-08:30,50,1,0,47
30,2025-01-30,1,0,08:00-08:30,50,1,0,48
30,2025-01-30,1,0,08:00-08:30,50,1,0,49
30,2025-01-30,1,0,08:00-08:30,50,1,0,50
30,2025-01-30,1,0,08:30-09:00,50,1,0,1
30,2025-01-30,1,0,08:30-09:00,50,1,0,2
30,2025-01-30,1,0,08:30-09:00,50,1,0,3
30,2025-01-30,1,0,08:30-09:00,50,1,0,4
30,2025-01-30,1,0,08:30-09:00,50,0,1,5
30,2025-01-30,1,0,08:30-09:00,50,1,0,6
30,2025-01-30,1,0,08:30-09:00,50,1,0,7
30,2025-01-30,1,0,08:30-09:00,50,1,0,8
30,2025-01-30,1,0,08:30-09:00,50,1,0,9
30,2025-01-30,1,0,08:30-09:00,50,1,0,10
30,2025-01-30,1,0,08:30-09:00,50,0,1,11
30,2025-01-30,1,0,08:30-09:00,50,0,1,12
30,2025-01-30,1,0,08:30-09:00,50,0,1,13
30,2025-01-30,1,0,08:30-09:00,50,1,0,14
30,2025-01-30,1,0,08:30-09:00,50,1,0,15
30,2025-01-30,1,0,08:30-09:00,50,1,0,16
30,2025-01-30,1,0,08:30-09:00,50,0,1,17
30,2025-01-30,1,0,08:30-09:00,50,0,1,18
30,2025-01-30,1,0,08:30-09:00,50,0,1,19
30,2025-01-30,1,0,08:30-09:00,50,0,1,20
30,2025-01-30,1,0,08:30-09:00,50,1,0,21
30,2025-01-30,1,0,08:30-09:00,50,1,0,22
30,2025-01-30,1,0,08:30-09:00,50,1,0,23
30,2025-01-30,1,0,08:30-09:00,50,0,1,24
30,2025-01-30,1,0,08:30-09:00,50,0,1,25
30,2025-01-30,1,0,08:30-09:00,50,1,0,26
30,2025-01-30,1,0,08:30-09:00,50,0,1,27
30,2025-01-30,1,0,08:30-09:00,50,1,0,28
30,2025-01-30,1,0,08:30-09:00,50,1,0,29
30,2025-01-30,1,0,08:30-09:00,50,0,1,30
30,2025-01-30,1,0,08:30-09:00,50,1,0,31
30,2025-01-30,1,0,08:30-09:00,50,0,1,32
30,2025-01-30,1,0,08:30-09:00,50,0,1,33
30,2025-01-30,1,0,08:30-09:00,50,1,0,34
30,2025-01-30,1,0,08:30-09:00,50,0,1,35
30,2025-01-30,1,0,08:30-09:00,50,1,0,36
30,2025-01-30,1,0,08:30-09:00,50,1,0,37
30,2025-01-30,1,0,08:30-09:00,50,1,0,38
30,2025-01-30,1,0,08:30-09:00,50,1,0,39
30,2025-01-30,1,0,08:30-09:00,50,1,0,40
30,2025-01-30,1,0,08:30-09:00,50,0,1,41
30,2025-01-30,1,0,08:30-09:00,50,1,0,42
30,2025-01-30,1,0,08:30-09:00,50,1,0,43
30,2025-01-30,1,0,08:30-09:00,50,1,0,44
30,2025-01-30,1,0,08:30-09:00,50,1,0,45
30,2025-01-30,1,0,08:30-09:00,50,0,1,46
30,2025-01-30,1,0,08:30-09:00,50,1,0,47
30,2025-01-30,1,0,08:30-09:00,50,1,0,48
30,2025-01-30,1,0,08:30-09:00,50,1,0,49
30,2025-01-30,1,0,08:30-09:00,50,1,0,50
30,2025-01-30,1,0,09:00-09:30,50,1,0,1
30,2025-01-30,1,0,09:00-09:30,50,0,1,2
30,2025-01-30,1,0,09:00-09:30,50,1,0,3
30,2025-01-30,1,0,09:00-09:30,50,0,1,4
30,2025-01-30,1,0,09:00-09:30,50,1,0,5
30,2025-01-30,1,0,09:00-09:30,50,1,0,6
30,2025-01-30,1,0,09:00-09:30,50,0,1,7
30,2025-01-30,1,0,09:00-09:30,50,0,1,8
30,2025-01-30,1,0,09:00-09:30,50,0,1,9
30,2025-01-30,1,0,09:00-09:30,50,1,0,10
30,2025-01-30,1,0,09:00-09:30,50,1,0,11
30,2025-01-30,1,0,09:00-09:30,50,0,1,12
30,2025-01-30,1,0,09:00-09:30,50,1,0,13
30,2025-01-30,1,0,09:00-09:30,50,1,0,14
30,2025-01-30,1,0,09:00-09:30,50,0,1,15
30,2025-01-30,1,0,09:00-09:30,50,1,0,16
30,2025-01-30,1,0,09:00-09:30,50,1,0,17
30,2025-01-30,1,0,09:00-09:30,50,0,1,18
30,2025-01-30,1,0,09:00-09:30,50,0,1,19
30,2025-01-30,1,0,09:00-09:30,50,1,0,20
30,2025-01-30,1,0,09:00-09:30,50,0,1,21
30,2025-01-30,1,0,09:00-09:30,50,0,1,22
30,2025-01-30,1,0,09:00-09:30,50,1,0,23
30,2025-01-30,1,0,09:00-09:30,50,0,1,24
30,2025-01-30,1,0,09:00-09:30,50,0,1,25
30,2025-01-30,1,0,09:00-09:30,50,0,1,26
30,2025-01-30,1,0,09:00-09:30,50,1,0,27
30,2025-01-30,1,0,09:00-09:30,50,0,1,28
30,2025-01-30,1,0,09:00-09:30,50,0,1,29
30,2025-01-30,1,0,09:00-09:30,50,0,1,30
30,2025-01-30,1,0,09:00-09:30,50,1,0,31
30,2025-01-30,1,0,09:00-09:30,50,0,1,32
30,2025-01-30,1,0,09:00-09:30,50,0,1,33
30,2025-01-30,1,0,09:00-09:30,50,1,0,34
30,2025-01-30,1,0,09:00-09:30,50,0,1,35
30,2025-01-30,1,0,09:00-09:30,50,1,0,36
30,2025-01-30,1,0,09:00-09:30,50,1,0,37
30,2025-01-30,1,0,09:00-09:30,50,1,0,38
30,2025-01-30,1,0,09:00-09:30,50,0,1,39
30,2025-01-30,1,0,09:00-09:30,50,1,0,40
30,2025-01-30,1,0,09:00-09:30,50,0,1,41
30,2025-01-30,1,0,09:00-09:30,50,1,0,42
30,2025-01-30,1,0,09:00-09:30,50,0,1,43
30,2025-01-30,1,0,09:00-09:30,50,0,1,44
30,2025-01-30,1,0,09:00-09:30,50,0,1,45
30,2025-01-30,1,0,09:00-09:30,50,0,1,46
30,2025-01-30,1,0,09:00-09:30,50,0,1,47
30,2025-01-30,1,0,09:00-09:30,50,1,0,48
30,2025-01-30,1,0,09:00-09:30,50,1,0,49
30,2025-01-30,1,0,09:00-09:30,50,1,0,50
30,2025-01-30,1,0,09:30-10:00,50,1,0,1
30,2025-01-30,1,0,09:30-10:00,50,1,0,2
30,2025-01-30,1,0,09:30-10:00,50,0,1,3
30,2025-01-30,1,0,09:30-10:00,50,0,1,4
30,2025-01-30,1,0,09:30-10:00,50,0,1,5
30,2025-01-30,1,0,09:30-10:00,50,0,1,6
30,2025-01-30,1,0,09:30-10:00,50,0,1,7
30,2025-01-30,1,0,09:30-10:00,50,0,1,8
30,2025-01-30,1,0,09:30-10:00,50,1,0,9
30,2025-01-30,1,0,09:30-10:00,50,1,0,10
30,2025-01-30,1,0,09:30-10:00,50,0,1,11
30,2025-01-30,1,0,09:30-10:00,50,0,1,12
30,2025-01-30,1,0,09:30-10:00,50,1,0,13
30,2025-01-30,1,0,09:30-10:00,50,0,1,14
30,2025-01-30,1,0,09:30-10:00,50,0,1,15
30,2025-01-30,1,0,09:30-10:00,50,0,1,16
30,2025-01-30,1,0,09:30-10:00,50,0,1,17
30,2025-01-30,1,0,09:30-10:00,50,0,1,18
30,2025-01-30,1,0,09:30-10:00,50,1,0,19
30,2025-01-30,1,0,09:30-10:00,50,0,1,20
30,2025-01-30,1,0,09:30-10:00,50,0,1,21
30,2025-01-30,1,0,09:30-10:00,50,1,0,22
30,2025-01-30,1,0,09:30-10:00,50,0,1,23
30,2025-01-30,1,0,09:30-10:00,50,1,0,24
30,2025-01-30,1,0,09:30-10:00,50,0,1,25
30,2025-01-30,1,0,09:30-10:00,50,1,0,26
30,2025-01-30,1,0,09:30-10:00,50,0,1,27
30,2025-01-30,1,0,09:30-10:00,50,0,1,28
30,2025-01-30,1,0,09:30-10:00,50,0,1,29
30,2025-01-30,1,0,09:30-10:00,50,0,1,30
30,2025-01-30,1,0,09:30-10:00,50,0,1,31
30,2025-01-30,1,0,09:30-10:00,50,0,1,32
30,2025-01-30,1,0,09:30-10:00,50,0,1,33
30,2025-01-30,1,0,09:30-10:00,50,0,1,34
30,2025-01-30,1,0,09:30-10:00,50,0,1,35
30,2025-01-30,1,0,09:30-10:00,50,0,1,36
30,2025-01-30,1,0,09:30-10:00,50,1,0,37
30,2025-01-30,1,0,09:30-10:00,50,1,0,38
30,2025-01-30,1,0,09:30-10:00,50,1,0,39
30,2025-01-30,1,0,09:30-10:00,50,0,1,40
30,2025-01-30,1,0,09:30-10:00,50,1,0,41
30,2025-01-30,1,0,09:30-10:00,50,0,1,42
30,2025-01-30,1,0,09:30-10:00,50,0,1,43
30,2025-01-30,1,0,09:30-10:00,50,0,1,44
30,2025-01-30,1,0,09:30-10:00,50,0,1,45
30,2025-01-30,1,0,09:30-10:00,50,0,1,46
30,2025-01-30,1,0,09:30-10:00,50,1,0,47
30,2025-01-30,1,0,09:30-10:00,50,1,0,48
30,2025-01-30,1,0,09:30-10:00,50,1,0,49
30,2025-01-30,1,0,09:30-10:00,50,0,1,50
30,2025-01-30,1,0,16:00-16:30,50,0,1,1
30,2025-01-30,1,0,16:00-16:30,50,0,1,2
30,2025-01-30,1,0,16:00-16:30,50,1,0,3
30,2025-01-30,1,0,16:00-16:30,50,0,1,4
30,2025-01-30,1,0,16:00-16:30,50,0,1,5
30,2025-01-30,1,0,16:00-16:30,50,0,1,6
30,2025-01-30,1,0,16:00-16:30,50,0,1,7
30,2025-01-30,1,0,16:00-16:30,50,0,1,8
30,2025-01-30,1,0,16:00-16:30,50,1,0,9
30,2025-01-30,1,0,16:00-16:30,50,0,1,10
30,2025-01-30,1,0,16:00-16:30,50,0,1,11
30,2025-01-30,1,0,16:00-16:30,50,1,0,12
30,2025-01-30,1,0,16:00-16:30,50,0,1,13
30,2025-01-30,1,0,16:00-16:30,50,0,1,14
30,2025-01-30,1,0,16:00-16:30,50,1,0,15
30,2025-01-30,1,0,16:00-16:30,50,1,0,16
30,2025-01-30,1,0,16:00-16:30,50,0,1,17
30,2025-01-30,1,0,16:00-16:30,50,1,0,18
30,2025-01-30,1,0,16:00-16:30,50,1,0,19
30,2025-01-30,1,0,16:00-16:30,50,1,0,20
30,2025-01-30,1,0,16:00-16:30,50,1,0,21
30,2025-01-30,1,0,16:00-16:30,50,1,0,22
30,2025-01-30,1,0,16:00-16:30,50,1,0,23
30,2025-01-30,1,0,16:00-16:30,50,1,0,24
30,2025-01-30,1,0,16:00-16:30,50,0,1,25
30,2025-01-30,1,0,16:00-16:30,50,0,1,26
30,2025-01-30,1,0,16:00-16:30,50,1,0,27
30,2025-01-30,1,0,16:00-16:30,50,1,0,28
30,2025-01-30,1,0,16:00-16:30,50,1,0,29
30,2025-01-30,1,0,16:00-16:30,50,1,0,30
30,2025-01-30,1,0,16:00-16:30,50,1,0,31
30,2025-01-30,1,0,16:00-16:30,50,0,1,32
30,2025-01-30,1,0,16:00-16:30,50,0,1,33
30,2025-01-30,1,0,16:00-16:30,50,0,1,34
30,2025-01-30,1,0,16:00-16:30,50,1,0,35
30,2025-01-30,1,0,16:00-16:30,50,1,0,36
30,2025-01-30,1,0,16:00-16:30,50,0,1,37
30,2025-01-30,1,0,16:00-16:30,50,1,0,38
30,2025-01-30,1,0,16:00-16:30,50,1,0,39
30,2025-01-30,1,0,16:00-16:30,50,0,1,40
30,2025-01-30,1,0,16:00-16:30,50,0,1,41
30,2025-01-30,1,0,16:00-16:30,50,0,1,42
30,2025-01-30,1,0,16:00-16:30,50,0,1,43
30,2025-01-30,1,0,16:00-16:30,50,1,0,44
30,2025-01-30,1,0,16:00-16:30,50,1,0,45
30,2025-01-30,1,0,16:00-16:30,50,0,1,46
30,2025-01-30,1,0,16:00-16:30,50,1,0,47
30,2025-01-30,1,0,16:00-16:30,50,1,0,48
30,2025-01-30,1,0,16:00-16:30,50,0,1,49
30,2025-01-30,1,0,16:00-16:30,50,1,0,50
30,2025-01-30,1,0,16:30-17:00,50,1,0,1
30,2025-01-30,1,0,16:30-17:00,50,0,1,2
30,2025-01-30,1,0,16:30-17:00,50,1,0,3
30,2025-01-30,1,0,16:30-17:00,50,0,1,4
30,2025-01-30,1,0,16:30-17:00,50,1,0,5
30,2025-01-30,1,0,16:30-17:00,50,0,1,6
30,2025-01-30,1,0,16:30-17:00,50,1,0,7
30,2025-01-30,1,0,16:30-17:00,50,1,0,8
30,2025-01-30,1,0,16:30-17:00,50,0,1,9
30,2025-01-30,1,0,16:30-17:00,50,1,0,10
30,2025-01-30,1,0,16:30-17:00,50,0,1,11
30,2025-01-30,1,0,16:30-17:00,50,1,0,12
30,2025-01-30,1,0,16:30-17:00,50,1,0,13
30,2025-01-30,1,0,16:30-17:00,50,0,1,14
30,2025-01-30,1,0,16:30-17:00,50,0,1,15
30,2025-01-30,1,0,16:30-17:00,50,1,0,16
30,2025-01-30,1,0,16:30-17:00,50,0,1,17
30,2025-01-30,1,0,16:30-17:00,50,0,1,18
30,2025-01-30,1,0,16:30-17:00,50,1,0,19
30,2025-01-30,1,0,16:30-17:00,50,0,1,20
30,2025-01-30,1,0,16:30-17:00,50,0,1,21
30,2025-01-30,1,0,16:30-17:00,50,0,1,22
30,2025-01-30,1,0,16:30-17:00,50,0,1,23
30,2025-01-30,1,0,16:30-17:00,50,1,0,24
30,2025-01-30,1,0,16:30-17:00,50,0,1,25
30,2025-01-30,1,0,16:30-17:00,50,1,0,26
30,2025-01-30,1,0,16:30-17:00,50,0,1,27
30,2025-01-30,1,0,16:30-17:00,50,1,0,28
30,2025-01-30,1,0,16:30-17:00,50,0,1,29
30,2025-01-30,1,0,16:30-17:00,50,1,0,30
30,2025-01-30,1,0,16:30-17:00,50,1,0,31
30,2025-01-30,1,0,16:30-17:00,50,1,0,32
30,2025-01-30,1,0,16:30-17:00,50,1,0,33
30,2025-01-30,1,0,16:30-17:00,50,1,0,34
30,2025-01-30,1,0,16:30-17:00,50,1,0,35
30,2025-01-30,1,0,16:30-17:00,50,0,1,36
30,2025-01-30,1,0,16:30-17:00,50,1,0,37
30,2025-01-30,1,0,16:30-17:00,50,1,0,38
30,2025-01-30,1,0,16:30-17:00,50,1,0,39
30,2025-01-30,1,0,16:30-17:00,50,1,0,40
30,2025-01-30,1,0,16:30-17:00,50,1,0,41
30,2025-01-30,1,0,16:30-17:00,50,0,1,42
30,2025-01-30,1,0,16:30-17:00,50,1,0,43
30,2025-01-30,1,0,16:30-17:00,50,1,0,44
30,2025-01-30,1,0,16:30-17:00,50,0,1,45
30,2025-01-30,1,0,16:30-17:00,50,0,1,46
30,2025-01-30,1,0,16:30-17:00,50,1,0,47
30,2025-01-30,1,0,16:30-17:00,50,0,1,48
30,2025-01-30,1,0,16:30-17:00,50,1,0,49
30,2025-01-30,1,0,16:30-17:00,50,0,1,50
30,2025-01-30,1,0,17:00-17:30,50,0,1,1
30,2025-01-30,1,0,17:00-17:30,50,1,0,2
30,2025-01-30,1,0,17:00-17:30,50,1,0,3
30,2025-01-30,1,0,17:00-17:30,50,1,0,4
30,2025-01-30,1,0,17:00-17:30,50,0,1,5
30,2025-01-30,1,0,17:00-17:30,50,1,0,6
30,2025-01-30,1,0,17:00-17:30,50,0,1,7
30,2025-01-30,1,0,17:00-17:30,50,0,1,8
30,2025-01-30,1,0,17:00-17:30,50,0,1,9
30,2025-01-30,1,0,17:00-17:30,50,1,0,10
30,2025-01-30,1,0,17:00-17:30,50,1,0,11
30,2025-01-30,1,0,17:00-17:30,50,0,1,12
30,2025-01-30,1,0,17:00-17:30,50,1,0,13
30,2025-01-30,1,0,17:00-17:30,50,1,0,14
30,2025-01-30,1,0,17:00-17:30,50,1,0,15
30,2025-01-30,1,0,17:00-17:30,50,1,0,16
30,2025-01-30,1,0,17:00-17:30,50,1,0,17
30,2025-01-30,1,0,17:00-17:30,50,0,1,18
30,2025-01-30,1,0,17:00-17:30,50,0,1,19
30,2025-01-30,1,0,17:00-17:30,50,0,1,20
30,2025-01-30,1,0,17:00-17:30,50,1,0,21
30,2025-01-30,1,0,17:00-17:30,50,0,1,22
30,2025-01-30,1,0,17:00-17:30,50,0,1,23
30,2025-01-30,1,0,17:00-17:30,50,1,0,24
30,2025-01-30,1,0,17:00-17:30,50,0,1,25
30,2025-01-30,1,0,17:00-17:30,50,0,1,26
30,2025-01-30,1,0,17:00-17:30,50,1,0,27
30,2025-01-30,1,0,17:00-17:30,50,0,1,28
30,2025-01-30,1,0,17:00-17:30,50,0,1,29
30,2025-01-30,1,0,17:00-17:30,50,0,1,30
30,2025-01-30,1,0,17:00-17:30,50,0,1,31
30,2025-01-30,1,0,17:00-17:30,50,1,0,32
30,2025-01-30,1,0,17:00-17:30,50,0,1,33
30,2025-01-30,1,0,17:00-17:30,50,1,0,34
30,2025-01-30,1,0,17:00-17:30,50,0,1,35
30,2025-01-30,1,0,17:00-17:30,50,1,0,36
30,2025-01-30,1,0,17:00-17:30,50,1,0,37
30,2025-01-30,1,0,17:00-17:30,50,1,0,38
30,2025-01-30,1,0,17:00-17:30,50,1,0,39
30,2025-01-30,1,0,17:00-17:30,50,0,1,40
30,2025-01-30,1,0,17:00-17:30,50,0,1,41
30,2025-01-30,1,0,17:00-17:30,50,0,1,42
30,2025-01-30,1,0,17:00-17:30,50,0,1,43
30,2025-01-30,1,0,17:00-17:30,50,0,1,44
30,2025-01-30,1,0,17:00-17:30,50,0,1,45
30,2025-01-30,1,0,17:00-17:30,50,1,0,46
30,2025-01-30,1,0,17:00-17:30,50,1,0,47
30,2025-01-30,1,0,17:00-17:30,50,0,1,48
30,2025-01-30,1,0,17:00-17:30,50,0,1,49
30,2025-01-30,1,0,17:00-17:30,50,1,0,50
30,2025-01-30,1,0,17:30-18:00,50,0,1,1
30,2025-01-30,1,0,17:30-18:00,50,1,0,2
30,2025-01-30,1,0,17:30-18:00,50,0,1,3
30,2025-01-30,1,0,17:30-18:00,50,0,1,4
30,2025-01-30,1,0,17:30-18:00,50,0,1,5
30,2025-01-30,1,0,17:30-18:00,50,0,1,6
30,2025-01-30,1,0,17:30-18:00,50,0,1,7
30,2025-01-30,1,0,17:30-18:00,50,0,1,8
30,2025-01-30,1,0,17:30-18:00,50,1,0,9
30,2025-01-30,1,0,17:30-18:00,50,0,1,10
30,2025-01-30,1,0,17:30-18:00,50,0,1,11
30,2025-01-30,1,0,17:30-18:00,50,0,1,12
30,2025-01-30,1,0,17:30-18:00,50,0,1,13
30,2025-01-30,1,0,17:30-18:00,50,1,0,14
30,2025-01-30,1,0,17:30-18:00,50,1,0,15
30,2025-01-30,1,0,17:30-18:00,50,1,0,16
30,2025-01-30,1,0,17:30-18:00,50,0,1,17
30,2025-01-30,1,0,17:30-18:00,50,0,1,18
30,2025-01-30,1,0,17:30-18:00,50,0,1,19
30,2025-01-30,1,0,17:30-18:00,50,1,0,20
30,2025-01-30,1,0,17:30-18:00,50,0,1,21
30,2025-01-30,1,0,17:30-18:00,50,0,1,22
30,2025-01-30,1,0,17:30-18:00,50,0,1,23
30,2025-01-30,1,0,17:30-18:00,50,1,0,24
30,2025-01-30,1,0,17:30-18:00,50,1,0,25
30,2025-01-30,1,0,17:30-18:00,50,1,0,26
30,2025-01-30,1,0,17:30-18:00,50,0,1,27
30,2025-01-30,1,0,17:30-18:00,50,0,1,28
30,2025-01-30,1,0,17:30-18:00,50,1,0,29
30,2025-01-30,1,0,17:30-18:00,50,0,1,30
30,2025-01-30,1,0,17:30-18:00,50,1,0,31
30,2025-01-30,1,0,17:30-18:00,50,1,0,32
30,2025-01-30,1,0,17:30-18:00,50,1,0,33
30,2025-01-30,1,0,17:30-18:00,50,1,0,34
30,2025-01-30,1,0,17:30-18:00,50,1,0,35
30,2025-01-30,1,0,17:30-18:00,50,1,0,36
30,2025-01-30,1,0,17:30-18:00,50,0,1,37
30,2025-01-30,1,0,17:30-18:00,50,0,1,38
30,2025-01-30,1,0,17:30-18:00,50,1,0,39
30,2025-01-30,1,0,17:30-18:00,50,1,0,40
30,2025-01-30,1,0,17:30-18:00,50,0,1,41
30,2025-01-30,1,0,17:30-18:00,50,0,1,42
30,2025-01-30,1,0,17:30-18:00,50,1,0,43
30,2025-01-30,1,0,17:30-18:00,50,0,1,44
30,2025-01-30,1,0,17:30-18:00,50,1,0,45
30,2025-01-30,1,0,17:30-18:00,50,0,1,46
30,2025-01-30,1,0,17:30-18:00,50,1,0,47
30,2025-01-30,1,0,17:30-18:00,50,1,0,48
30,2025-01-30,1,0,17:30-18:00,50,1,0,49
30,2025-01-30,1,0,17:30-18:00,50,1,0,50
30,2025-01-30,1,0,18:00-18:30,50,1,0,1
30,2025-01-30,1,0,18:00-18:30,50,0,1,2
30,2025-01-30,1,0,18:00-18:30,50,0,1,3
30,2025-01-30,1,0,18:00-18:30,50,1,0,4
30,2025-01-30,1,0,18:00-18:30,50,0,1,5
30,2025-01-30,1,0,18:00-18:30,50,0,1,6
30,2025-01-30,1,0,18:00-18:30,50,0,1,7
30,2025-01-30,1,0,18:00-18:30,50,1,0,8
30,2025-01-30,1,0,18:00-18:30,50,1,0,9
30,2025-01-30,1,0,18:00-18:30,50,0,1,10
30,2025-01-30,1,0,18:00-18:30,50,0,1,11
30,2025-01-30,1,0,18:00-18:30,50,1,0,12
30,2025-01-30,1,0,18:00-18:30,50,0,1,13
30,2025-01-30,1,0,18:00-18:30,50,0,1,14
30,2025-01-30,1,0,18:00-18:30,50,0,1,15
30,2025-01-30,1,0,18:00-18:30,50,1,0,16
30,2025-01-30,1,0,18:00-18:30,50,1,0,17
30,2025-01-30,1,0,18:00-18:30,50,1,0,18
30,2025-01-30,1,0,18:00-18:30,50,1,0,19
30,2025-01-30,1,0,18:00-18:30,50,0,1,20
30,2025-01-30,1,0,18:00-18:30,50,0,1,21
30,2025-01-30,1,0,18:00-18:30,50,1,0,22
30,2025-01-30,1,0,18:00-18:30,50,0,1,23
30,2025-01-30,1,0,18:00-18:30,50,1,0,24
30,2025-01-30,1,0,18:00-18:30,50,1,0,25
30,2025-01-30,1,0,18:00-18:30,50,0,1,26
30,2025-01-30,1,0,18:00-18:30,50,0,1,27
30,2025-01-30,1,0,18:00-18:30,50,0,1,28
30,2025-01-30,1,0,18:00-18:30,50,0,1,29
30,2025-01-30,1,0,18:00-18:30,50,0,1,30
30,2025-01-30,1,0,18:00-18:30,50,0,1,31
30,2025-01-30,1,0,18:00-18:30,50,0,1,32
30,2025-01-30,1,0,18:00-18:30,50,0,1,33
30,2025-01-30,1,0,18:00-18:30,50,1,0,34
30,2025-01-30,1,0,18:00-18:30,50,0,1,35
30,2025-01-30,1,0,18:00-18:30,50,0,1,36
30,2025-01-30,1,0,18:00-18:30,50,1,0,37
30,2025-01-30,1,0,18:00-18:30,50,0,1,38
30,2025-01-30,1,0,18:00-18:30,50,0,1,39
30,2025-01-30,1,0,18:00-18:30,50,0,1,40
30,2025-01-30,1,0,18:00-18:30,50,0,1,41
30,2025-01-30,1,0,18:00-18:30,50,0,1,42
30,2025-01-30,1,0,18:00-18:30,50,0,1,43
30,2025-01-30,1,0,18:00-18:30,50,1,0,44
30,2025-01-30,1,0,18:00-18:30,50,0,1,45
30,2025-01-30,1,0,18:00-18:30,50,1,0,46
30,2025-01-30,1,0,18:00-18:30,50,1,0,47
30,2025-01-30,1,0,18:00-18:30,50,1,0,48
30,2025-01-30,1,0,18:00-18:30,50,0,1,49
30,2025-01-30,1,0,18:00-18:30,50,0,1,50
30,2025-01-30,1,0,18:30-19:00,50,1,0,1
30,2025-01-30,1,0,18:30-19:00,50,0,1,2
30,2025-01-30,1,0,18:30-19:00,50,1,0,3
30,2025-01-30,1,0,18:30-19:00,50,0,1,4
30,2025-01-30,1,0,18:30-19:00,50,1,0,5
30,2025-01-30,1,0,18:30-19:00,50,1,0,6
30,2025-01-30,1,0,18:30-19:00,50,0,1,7
30,2025-01-30,1,0,18:30-19:00,50,0,1,8
30,2025-01-30,1,0,18:30-19:00,50,0,1,9
30,2025-01-30,1,0,18:30-19:00,50,0,1,10
30,2025-01-30,1,0,18:30-19:00,50,0,1,11
30,2025-01-30,1,0,18:30-19:00,50,0,1,12
30,2025-01-30,1,0,18:30-19:00,50,0,1,13
30,2025-01-30,1,0,18:30-19:00,50,1,0,14
30,2025-01-30,1,0,18:30-19:00,50,1,0,15
30,2025-01-30,1,0,18:30-19:00,50,1,0,16
30,2025-01-30,1,0,18:30-19:00,50,1,0,17
30,2025-01-30,1,0,18:30-19:00,50,0,1,18
30,2025-01-30,1,0,18:30-19:00,50,0,1,19
30,2025-01-30,1,0,18:30-19:00,50,0,1,20
30,2025-01-30,1,0,18:30-19:00,50,0,1,21
30,2025-01-30,1,0,18:30-19:00,50,0,1,22
30,2025-01-30,1,0,18:30-19:00,50,1,0,23
30,2025-01-30,1,0,18:30-19:00,50,0,1,24
30,2025-01-30,1,0,18:30-19:00,50,0,1,25
30,2025-01-30,1,0,18:30-19:00,50,1,0,26
30,2025-01-30,1,0,18:30-19:00,50,0,1,27
30,2025-01-30,1,0,18:30-19:00,50,1,0,28
30,2025-01-30,1,0,18:30-19:00,50,1,0,29
30,2025-01-30,1,0,18:30-19:00,50,0,1,30
30,2025-01-30,1,0,18:30-19:00,50,1,0,31
30,2025-01-30,1,0,18:30-19:00,50,0,1,32
30,2025-01-30,1,0,18:30-19:00,50,0,1,33
30,2025-01-30,1,0,18:30-19:00,50,1,0,34
30,2025-01-30,1,0,18:30-19:00,50,0,1,35
30,2025-01-30,1,0,18:30-19:00,50,1,0,36
30,2025-01-30,1,0,18:30-19:00,50,0,1,37
30,2025-01-30,1,0,18:30-19:00,50,1,0,38
30,2025-01-30,1,0,18:30-19:00,50,0,1,39
30,2025-01-30,1,0,18:30-19:00,50,0,1,40
30,2025-01-30,1,0,18:30-19:00,50,0,1,41
30,2025-01-30,1,0,18:30-19:00,50,1,0,42
30,2025-01-30,1,0,18:30-19:00,50,0,1,43
30,2025-01-30,1,0,18:30-19:00,50,1,0,44
30,2025-01-30,1,0,18:30-19:00,50,1,0,45
30,2025-01-30,1,0,18:30-19:00,50,0,1,46
30,2025-01-30,1,0,18:30-19:00,50,1,0,47
30,2025-01-30,1,0,18:30-19:00,50,0,1,48
30,2025-01-30,1,0,18:30-19:00,50,0,1,49
30,2025-01-30,1,0,18:30-19:00,50,0,1,50
